marginal_price,ordinary_base,ordinary_quote,inventory_ratio,active_liquidity
0.5,334.51733146950755,70.71067811865476,0.2113812094818181,100.0
0.502,334.23533446660724,70.8519583356734,0.21198225031696066,100.0
0.504,333.9550176869509,70.99295739719538,0.2125823947455825,100.0
0.506,333.67636451108143,71.13367697511495,0.21318164707093779,100.0
0.508,333.39935854877655,71.27411872482185,0.21378001156050333,100.0
0.51,333.1239836349991,71.4142842854285,0.2143774924464054,100.0
0.512,332.85022382593496,71.55417527999327,0.2149740939258396,100.0
0.514,332.5780633951158,71.69379331573968,0.21556982016148382,100.0
0.516,332.3074868296242,71.83313998427188,0.21616467528190572,100.0
0.518,332.0384788263802,71.97221686178634,0.21675866338196284,100.0
0.52,331.7710242885054,72.11102550927978,0.21735178852319734,100.0
0.522,331.50510832176474,72.24956747275377,0.21794405473422465,100.0
0.524,331.2407162310825,72.38784428341543,0.21853546601111595,100.0
0.526,330.9778335171315,72.52585745787499,0.21912602631777464,100.0
0.528,330.7164458729932,72.6636084983398,0.21971573958630772,100.0
0.53,330.45653918088715,72.80109889280519,0.22030460971739135,100.0
0.532,330.19809950896854,72.93833011524188,0.2208926405806306,100.0
0.534,329.9411131081914,73.07530362578044,0.22147983601491403,100.0
0.536,329.68556640923634,73.21202087089252,0.22206619982876338,100.0
0.538,329.43144601950104,73.348483283569,0.22265173580067718,100.0
0.54,329.1787387201524,73.48469228349535,0.22323644767947037,100.0
0.542,328.9274314632384,73.62064927722385,0.22382033918460778,100.0
0.544,328.6775113688582,73.7563556583431,0.2244034140065338,100.0
0.546,328.42896572238976,73.89181280764467,0.22498567580699624,100.0
0.548,328.1817819717729,74.02702209328699,0.2255671282193662,100.0
0.55,327.9359477248465,74.16198487095663,0.22614777484895304,100.0
0.552,327.69145074673946,74.29670248402684,0.2267276192733145,100.0
0.554,327.4482789573128,74.43117626371358,0.22730666504256283,100.0
0.556,327.20642042865313,74.565407529229,0.22788491567966612,100.0
0.558,326.96586338261454,74.6993975879324,0.2284623746807457,100.0
0.56,326.72659618841027,74.83314773547883,0.22903904551536883,100.0
0.562,326.48860736025017,74.96665925596525,0.22961493162683755,100.0
0.5640000000000001,326.25188555502496,75.09993342207434,0.23019003643247343,100.0
0.5660000000000001,326.01641957003574,75.23297149521612,0.23076436332389808,100.0
0.5680000000000001,325.7821983407669,75.3657747256671,0.23133791566730968,100.0
0.5700000000000001,325.54921093870246,75.4983443527075,0.23191069680375623,100.0
0.5720000000000001,325.31744656918437,75.63068160475616,0.232482710049404,100.0
0.574,325.08689456931177,75.76278769950324,0.23305395869580295,100.0
0.576,324.8575444058806,75.8946638440411,0.2336244460101486,100.0
0.578,324.6293856733622,76.02631123499285,0.23419417523553926,100.0
0.58,324.4024080919207,76.15773105863907,0.2347631495912308,100.0
0.582,324.17660150546715,76.2889244910426,0.2353313722728875,100.0
0.584,323.9519558797515,76.4198926981712,0.2358988464528292,100.0
0.586,323.72846130048913,76.55063683601855,0.23646557528027545,100.0
0.588,323.50610797152336,76.68115805072325,0.23703156188158622,100.0
0.59,323.284886213022,76.81145747868608,0.23759680936049926,100.0
0.592,323.0647864597072,76.94153624668539,0.2381613207983643,100.0
0.594,322.8457992591186,77.07139547199077,0.2387250992543739,100.0
0.596,322.62791526990804,77.20103626247513,0.23928814776579185,100.0
0.598,322.41112526016605,77.33045971672482,0.23985046934817733,100.0
0.6,322.1954201057787,77.45966692414834,0.2404120669956074,100.0
0.602,321.98079078881483,77.58865896508328,0.24097294368089553,100.0
0.604,321.76722839594277,77.7174369109018,0.2415331023558077,100.0
0.606,321.5547241168751,77.84600182411425,0.24209254595127536,100.0
0.608,321.3432692428423,77.9743547584717,0.24265127737760614,100.0
0.61,321.13285516509404,78.10249675906654,0.2432092995246909,100.0
0.612,320.92347337342653,78.2304288624318,0.24376661526220886,100.0
0.614,320.7151154547371,78.35815209663893,0.24432322743982957,100.0
0.616,320.50777309160446,78.48566748139434,0.24487913888741264,100.0
0.618,320.30143806089416,78.61297602813418,0.24543435241520417,100.0
0.62,320.0961022323886,78.74007874011811,0.24598887081403165,100.0
0.622,319.8917575674416,78.86697661252141,0.2465426968554955,100.0
0.624,319.68839611765645,78.99367063252599,0.24709583329215856,100.0
0.626,319.4860100235878,79.12016177940993,0.24764828285773277,100.0
0.628,319.28459151346533,79.2464510246358,0.24820004826726413,100.0
0.63,319.0841329019405,79.37253933193772,0.24875113221731437,100.0
0.632,318.884626588855,79.49842765740716,0.2493015373861414,100.0
0.634,318.6860650580302,79.62411694957753,0.24985126643387628,100.0
0.636,318.4884408760779,79.74960814950755,0.25040032200269924,100.0
0.638,318.2917466912317,79.87490219086342,0.25094870671701214,100.0
0.64,318.0959752321981,80.0,0.25149642318360993,100.0
0.642,317.90111930702756,80.12490249604052,0.2520434739918491,100.0
0.644,317.70717180200484,80.24961059095553,0.2525898617138146,100.0
0.646,317.514125680558,80.37412518964048,0.2531355889044843,100.0
0.648,317.3219739821864,80.49844718999243,0.2536806581018918,100.0
0.65,317.1307098214065,80.6225774829855,0.25422507182728676,100.0
0.652,316.9403263867156,80.7465169527454,0.2547688325852934,100.0
0.654,316.7508169395726,80.87026647662292,0.25531194286406766,100.0
0.656,316.56217481339684,80.99382692526635,0.25585440513545116,100.0
0.658,316.37439341258255,81.11719916269298,0.2563962218551246,100.0
0.66,316.1874662115308,81.24038404635961,0.25693739546275823,100.0
0.662,316.0013867536966,81.36338242723197,0.2574779283821614,100.0
0.664,315.81614865065205,81.48619514985346,0.25801782302142967,100.0
0.666,315.63174558116606,81.60882305241266,0.2585570817730899,100.0
0.668,315.4481712902972,81.7312669668102,0.25909570701424495,100.0
0.67,315.26541958850333,81.85352771872451,0.2596337011067148,100.0
0.6719999999999999,315.08348435076476,81.97560612767678,0.26017106639717724,100.0
0.674,314.9023595157221,82.09750300709517,0.26070780521730674,100.0
0.676,314.7220390848281,82.21921916437786,0.26124391988391077,100.0
0.6779999999999999,314.5425171215132,82.3407554009556,0.2617794126990659,100.0
0.6799999999999999,314.3637877503646,82.4621125123532,0.26231428595025114,100.0
0.6819999999999999,314.1858451563188,82.58329128825031,0.2628485419104802,100.0
0.684,314.00868358386674,82.70429251254133,0.263382182838432,100.0
0.6859999999999999,313.83229733627195,82.82511696339462,0.2639152109785799,100.0
0.688,313.65668077480115,82.94576541331088,0.2644476285613192,100.0
0.69,313.4818283179673,83.06623862918075,0.26497943780309313,100.0
0.692,313.3077344407844,83.18653737234169,0.26551064090651766,100.0
0.694,313.134393674034,83.30666239863412,0.2660412400605042,100.0
0.696,312.96180060354413,83.42661445845684,0.26657123744038197,100.0
0.6980000000000001,312.7899498694785,83.54639429682169,0.2671006352080176,100.0
0.7,312.6188361656375,83.66600265340756,0.2676294355119347,100.0
0.702,312.4484542387703,83.78544026261365,0.26815764048743085,100.0
0.704,312.27879888789715,83.90470785361212,0.2686852522566942,100.0
0.706,312.1098649636429,84.02380615040002,0.26921227292891814,100.0
0.708,311.94164736758023,84.14273587185052,0.26973870460041494,100.0
0.71,311.77414105158346,84.26149773176358,0.27026454935472793,100.0
0.712,311.6073410171924,84.38009243891594,0.27078980926274265,100.0
0.714,311.44124231498586,84.49852069711044,0.2713144863827964,100.0
0.716,311.2758400439645,84.61678320522472,0.271838582760787,100.0
0.718,311.1111293509439,84.73488065725944,0.2723621004302795,100.0
0.72,310.947105429956,84.8528137423857,0.27288504141261305,100.0
0.722,310.7837635216607,84.970583144992,0.27340740771700517,100.0
0.7224999899999999,310.743034869894,84.99999941176469,0.27353790712430165,100.0
0.72250001,310.74302957781185,85.00000323529412,0.27353792408723887,550.0
0.724,310.07239076943483,85.48504249601822,0.2756938219616709,550.0
0.726,309.18143489421857,86.13098489109746,0.27857747966195245,550.0
0.728,308.29415306674696,86.77603816943389,0.2814715663798091,550.0
0.73,307.41052010503387,87.42020599246422,0.28437610385810835,550.0
0.732,306.53051106806925,88.06349199656366,0.28729111398965423,550.0
0.734,305.65410125286303,88.70589979328567,0.29021661881742794,550.0
0.736,304.7812661915315,89.34743296959877,0.2931526405348379,550.0
0.738,303.9119816484291,89.98809508811968,0.29609920148597346,550.0
0.74,303.04622361732186,90.62788968734446,0.29905632416586975,550.0
0.742,302.1839683186023,91.26682028187668,0.3020240312207798,550.0
0.744,301.32519219654716,91.90489036265218,0.30500234544845106,550.0
0.746,300.46987191661344,92.54210339716204,0.30799128979841406,550.0
0.748,299.61798436277616,93.17846282967238,0.3109908873722757,550.0
0.75,298.76950663490413,93.81397208144124,0.3140011614240196,550.0
0.752,297.9244160461742,94.4486345509336,0.31702213536031687,550.0
0.754,297.0826901205239,95.08245361403306,0.3200538327408403,550.0
0.756,296.24430659014047,95.71543262425148,0.3230962772785894,550.0
0.758,295.4092433929861,96.34757491293618,0.3261494928402222,550.0
0.76,294.5774786703607,96.97888378947407,0.3292135034463914,550.0
0.762,293.7489907644972,97.60936254149432,0.3322883332720934,550.0
0.764,292.92375821619464,98.23901443506747,0.3353740066470177,550.0
0.766,292.1017597624821,98.8678427149034,0.3384705480559111,550.0
0.768,291.28297433431857,99.4958506045462,0.3415779821389435,550.0
0.77,290.4673810543245,100.12304130656675,0.3446963336920826,550.0
0.772,289.6549592345458,100.74941800275352,0.34782562766747754,550.0
0.774,288.84568837424973,101.37498385430096,0.3509658891738487,550.0
0.776,288.03954815775296,101.9997420019953,0.3541171434768821,550.0
0.778,287.23651845227823,102.62369556639881,0.3572794159996366,550.0
0.78,286.4365793058434,103.24684764803158,0.3604527323229534,550.0
0.782,285.63971094517916,103.86920132755115,0.3636371181858745,550.0
0.784,284.845893773676,104.49075966593043,0.36683259948606967,550.0
0.786,284.0551083693603,105.11152570463307,0.37003920228026765,550.0
0.788,283.26733548289855,105.73150246578723,0.37325695278469717,550.0
0.79,282.48255603562893,106.3506929523574,0.3764858773755347,550.0
0.792,281.7007511176209,106.9691001483138,0.379726002589358,550.0
0.794,280.92190198576185,107.58672701880025,0.38297735512360703,550.0
0.796,280.1459900618687,108.2035765103002,0.3862399618370551,550.0
0.798,279.3729969308276,108.81965155080049,0.3895138497502824,550.0
0.8,278.6029043387579,109.43495504995374,0.3927990460461602,550.0
0.802,277.8356941912015,110.04948989923848,0.3960955780703411,550.0
0.804,277.0713485513377,110.66325897211772,0.39940347333175547,550.0
0.806,276.309849638221,111.27626512419573,0.4027227595031171,550.0
0.808,275.55117982504476,111.8885111933731,0.4060534644214345,550.0
0.81,274.79532163742687,112.50000000000003,0.40939561608852965,550.0
0.812,274.04225775171915,113.11073434702769,0.41274924267156426,550.0
0.8140000000000001,273.29197099334067,113.7207170201583,0.4161143725035718,550.0
0.8160000000000001,272.54444433513123,114.32995078799348,0.4194910340840004,550.0
0.8180000000000001,271.79966089572963,114.9384384021806,0.42287925607925747,550.0
0.8200000000000001,271.05760393797175,115.54618259755796,0.4262790673232665,550.0
0.8220000000000001,270.3182568673108,116.15318609229804,0.4296904968180278,550.0
0.8240000000000001,269.5816032302594,116.75945158804959,0.433113573734188,550.0
0.8260000000000001,268.84762671285034,117.36498177007763,0.4365483274116172,550.0
0.8280000000000001,268.11631113912046,117.96977930740239,0.43999478735999065,550.0
0.8300000000000001,267.3876404696126,118.57384685293647,0.4434529832593809,550.0
0.8320000000000001,266.6615987998983,119.17718704362076,0.44692294496085583,550.0
0.834,265.9381703591197,119.77980250055846,0.45040470248708286,550.0
0.8360000000000001,265.2173395085505,120.38169582914827,0.45389828603294324,550.0
0.8380000000000001,264.4990907401767,120.98286961921559,0.45740372596614987,550.0
0.8400000000000001,263.78340867529477,121.58332644514246,0.46092105282787493,550.0
0.8420000000000001,263.0702780631285,122.18306886599638,0.4644502973333853,550.0
0.844,262.3596837794643,122.78209942565749,0.4679914903726836,550.0
0.8460000000000001,261.6516108253044,123.38042065294447,0.47154466301115666,550.0
0.8480000000000001,260.94604432553604,123.97803506173894,0.4751098464902329,550.0
0.85,260.2429695276202,124.57494515110884,0.478687072228045,550.0
0.8520000000000001,259.542371800295,125.17115340543037,0.48227637182010263,550.0
0.854,258.8442366322976,125.76666229450856,0.4858777770399693,550.0
0.856,258.14854963110145,126.36147427369662,0.48949131983994976,550.0
0.8580000000000001,257.4552965216701,126.9555917840141,0.4931170323517823,550.0
0.86,256.76446314522707,127.54901725226371,0.4967549468873403,550.0
0.8620000000000001,256.07603545804085,128.1417530911471,0.5004050959393413,550.0
0.864,255.38999953022665,128.733801699379,0.5040675121820607,550.0
0.866,254.70634154456167,129.32516546180105,0.5077422284720587,550.0
0.8680000000000001,254.025047795317,129.91584674949314,0.5114292778489073,550.0
0.87,253.34610468710292,130.50584791988481,0.5151286935359322,550.0
0.872,252.66949873372977,131.09517131686513,0.5188405089409581,550.0
0.874,251.9952165570832,131.6838192708907,0.5225647576570606,550.0
0.876,251.32324488601208,132.27179409909394,0.5263014734633319,550.0
0.878,250.65357055523262,132.85909810538902,0.5300506903256458,550.0
0.88,249.98618050424443,133.44573358057727,0.533812442397437,550.0
0.882,249.32106177626073,134.0317028024514,0.5375867640204849,550.0
0.884,248.65820151715167,134.617008035899,0.5413736897257079,550.0
0.886,247.9975869744016,135.2016515330041,0.5451732542339602,550.0
0.888,247.3392054960779,135.78563553314882,0.5489854924568438,550.0
0.89,246.6830445298138,136.36896226311322,0.5528104394975223,550.0
0.892,246.02909162180254,136.95163393717417,0.5566481306515454,550.0
0.894,245.37733441580542,137.5336527572038,0.5604986014076812,550.0
0.8960000000000001,244.72776065217093,138.11502091276623,0.5643618874487545,550.0
0.8979999999999999,244.08035816686572,138.6957405812139,0.5682380246524976,550.0
0.9,243.43511489051866,139.27581392778256,0.5721270490924031,550.0
0.902,242.79201884747505,139.8552431056857,0.5760289970385909,550.0
0.9024999899999999,242.63158215483304,139.99999710526313,0.5770064880338762,550.0
0.90250001,242.63157311561457,140.0000052631579,0.5770065431527641,1000.0
0.904,241.75790477917806,140.78914592037705,0.5823559153069845,1000.0
0.906,240.5963827188338,141.8403227432635,0.5895363892857076,1000.0
0.9079999999999999,239.4387004027838,142.8903399657276,0.5967721163093412,1000.0
0.9099999999999999,238.28483672191817,143.9392014169457,0.6040636214923102,1000.0
0.912,237.13477072923865,144.98691090506586,0.6114114368770173,1000.0
0.914,235.98848163826005,146.0334722173696,0.6188161015469394,1000.0
0.916,234.8459488214321,147.07888912043194,0.6262781617419558,1000.0
0.9179999999999999,233.70715180858252,148.12316536027868,0.6337981709759517,1000.0
0.9199999999999999,232.5720702853738,149.16630466254387,0.6413766901567834,1000.0
0.922,231.44068409178334,150.2083107326244,0.6490142877086196,1000.0
0.924,230.31297322059865,151.24918725583333,0.6567115396967398,1000.0
0.926,229.1889178159317,152.28893789755267,0.6644690299548444,1000.0
0.9279999999999999,228.0684981717496,153.32756630338358,0.6722873502149275,1000.0
0.9299999999999999,226.95169473042534,154.3650760992955,0.6801671002397727,1000.0
0.9319999999999999,225.83848808130227,155.40147089177356,0.6881088879581444,1000.0
0.934,224.72885895927777,156.43675426796563,0.6961133296027321,1000.0
0.936,223.62278824340387,157.47092979582595,0.7041810498509014,1000.0
0.938,222.52025695550117,158.50400102426008,0.712312681968353,1000.0
0.94,221.42124625879347,159.5359714832658,0.7205088679557101,1000.0
0.942,220.3257374565544,160.5668446840743,0.7287702586981522,1000.0
0.9440000000000001,219.23371199077283,161.59662411928963,0.7370975141181342,1000.0
0.9460000000000001,218.14515144083106,162.62531326302627,0.7454913033312877,1000.0
0.948,217.06003752220118,163.65291557104686,0.753952304805569,1000.0
0.95,215.9783520851542,164.67943448089636,0.7624812065237347,1000.0
0.952,214.90007711348483,165.70487341203741,0.7710787061492382,1000.0
0.954,213.8251947232519,166.7292357659824,0.7797455111956075,1000.0
0.9560000000000001,212.75368716153278,167.75252492642542,0.7884823391994127,1000.0
0.958,211.68553680519045,168.77474425937254,0.797289917896905,1000.0
0.96,210.62072615965758,169.79589711327122,0.80616898540441,1000.0
0.962,209.55923785773206,170.81598681913832,0.815120290402582,1000.0
0.964,208.5010546583881,171.83501669068622,0.824144592324599,1000.0
0.966,207.44615944559965,172.85299002444918,0.8332426615484192,1000.0
0.968,206.39453522717724,173.86991009990746,0.8424152795931824,1000.0
0.97,205.34616513361902,174.8857801796105,0.8516632393198679,1000.0
0.972,204.30103241697435,175.900603509299,0.8609873451363151,1000.0
0.974,203.25912044971898,176.91438331802618,0.8703884132067284,1000.0
0.976,202.22041272364493,177.92712281827758,0.8798672716657608,1000.0
0.978,201.1848928487621,178.93882520608926,0.8894247608373059,1000.0
0.98,200.15254455221057,179.94949366116663,0.899061733458133,1000.0
0.982,199.1233516771889,180.9591313469997,0.9087790549064464,1000.0
0.984,198.09729818188984,181.96774141097958,0.9185776034355585,1000.0
0.986,197.07436813845106,182.97532698451278,0.9284582704127547,1000.0
0.988,196.0545457319172,183.98189118313422,0.9384219605635108,1000.0
0.99,195.0378152592121,184.98743710662,0.9484695922212071,1000.0
0.992,194.02416112812352,185.99196783909863,0.9586020975824715,1000.0
0.994,193.01356785629923,186.99548644916138,0.9688204229683046,1000.0
0.996,192.00602007025293,187.997995989972,0.979125529091148,1000.0
0.998,191.00150250438278,188.99949949937422,0.9895183913280335,1000.0
1.0,190.0,190.00000000000006,1.0000000000000002,1000.0
1.002,189.00149750436705,190.99950049937593,1.0105713606579372,1000.0
1.004,188.00598006974903,191.99800399002783,1.0212334943750077,1000.0
1.006,187.01343285247177,192.99551344958672,1.0319874380458756,1000.0
1.008,186.02384111199478,193.9920318408906,1.0428342446928542,1000.0
1.01,185.03719020998923,194.987562112089,1.0537749837792478,1000.0
1.012,184.05346560943008,195.98210719674347,1.0648107415299994,1000.0
1.014,183.0726528736967,196.97567001392832,1.0759426212598964,1000.0
1.016,182.0947376656812,197.9682534683323,1.0871717437095532,1000.0
1.018,181.11970574691065,198.95986045035517,1.098499247389313,1000.0
1.02,180.14754297667426,199.95049383620787,1.1099262889313883,1000.0
1.022,179.17823531116332,200.94015648800894,1.1214540434503866,1000.0
1.024,178.21176880261862,201.92885125388133,1.133083704912502,1000.0
1.026,177.24812959848714,202.91658096804807,1.1448164865136043,1000.0
1.028,176.28730394058948,203.90334845092613,1.1566536210664582,1000.0
1.03,175.32927816429313,204.889156509222,1.1685963613973798,1000.0
1.032,174.37403869769722,205.8740079360236,1.1806459807525371,1000.0
1.034,173.4215720608249,206.85790551089286,1.1928037732142152,1000.0
1.036,172.47186486482417,207.8408519999578,1.2050710541273169,1000.0
1.038,171.5249038111775,208.8228501560024,1.217449160536386,1000.0
1.04,170.5806756909201,209.80390271855708,1.2299394516334703,1000.0
1.042,169.63916738386533,210.78401241398757,1.2425433092171354,1000.0
1.044,168.70036585783902,211.76318195558417,1.2552621381629574,1000.0
1.046,167.7642581679232,212.74141404364772,1.2680973669057969,1000.0
1.048,166.83083145570447,213.71871136557814,1.2810504479342775,1000.0
1.05,165.90007294853308,214.69507659595996,1.2941228582977446,1000.0
1.052,164.97196995878974,215.6705123966468,1.3073161001261102,1000.0
1.054,164.0465098831573,216.6450214168479,1.3206317011630058,1000.0
1.056,163.12368020190362,217.61860629321046,1.334071215312557,1000.0
1.0579999999999998,162.2034684781696,218.59126964990315,1.3476362232002614,1000.0
1.06,161.2858623572642,219.56301409870002,1.3613283327483854,1000.0
1.062,160.37084956596985,220.53384223906022,1.3751491797662507,1000.0
1.064,159.4584179118516,221.5037566582102,1.3891004285559712,1000.0
1.066,158.54855528257465,222.47275993122446,1.4031837725340373,1000.0
1.068,157.64124964522932,223.4408546211052,1.417400934869252,1000.0
1.0699999999999998,156.73648904566355,224.40804327886008,1.431753669137511,1000.0
1.072,155.83426160781968,225.3743284435828,1.4462437599940066,1000.0
1.074,154.93455553308104,226.33971264252938,1.4608730238633059,1000.0
1.076,154.0373590996237,227.30419839119526,1.4756433096479291,1000.0
1.0779999999999998,153.14266066177433,228.26778819339285,1.4905564994560028,1000.0
1.08,152.25044864937612,229.23048454132652,1.5056145093485465,1000.0
1.082,151.36071156716028,230.19228991566752,1.5208192901070556,1000.0
1.084,150.4734379941231,231.15320678562978,1.5361728280220308,1000.0
1.086,149.58861658291158,232.1132376090423,1.5516771457030643,1000.0
1.088,148.7062360592129,233.07238483242395,1.5673343029112616,1000.0
1.0899999999999999,147.82628522115152,234.0306508910549,1.583146397414639,1000.0
1.092,146.94875293869086,234.98803820905064,1.5991155658673133,1000.0
1.094,146.0736281530443,235.94454919943058,1.6152439847131523,1000.0
1.096,145.20089987608768,236.90018626419206,1.631533871114843,1000.0
1.0979999999999999,144.33055718978042,237.85495179437874,1.6479874839090587,1000.0
1.1,143.46258924559223,238.80884817015166,1.6646071245886764,1000.0
1.1019999999999999,142.59698526393552,239.76187776085663,1.6813951383128944,1000.0
1.104,141.7337345336012,240.71404292509587,1.6983539149462625,1000.0
1.106,140.8728264112048,241.66534601079258,1.7154858901274297,1000.0
1.108,140.0142503206329,242.61578935526148,1.7327935463688222,1000.0
1.1080332309972298,140.00000428687503,242.63157419736845,1.7330826197704274,1000.0
1.1080332509972297,139.99999764221883,242.63158155986838,1.7330827546149876,550.0
1.1099999999999999,139.53689766387447,243.1451669332164,1.742515212850154,550.0
1.112,139.06722874498107,243.66696889073484,1.7521523301335562,550.0
1.1139999999999999,138.59882521201578,244.1883018125012,1.7618352928963454,550.0
1.116,138.1316813931427,244.70916696106315,1.7715643832973083,550.0
1.1179999999999999,137.66579165205485,245.22956559331314,1.7813398858964304,550.0
1.12,137.2011503876874,245.74949896052576,1.7911620876801309,550.0
1.1219999999999999,136.7377520339357,246.26896830839166,1.8010312780867745,550.0
1.124,136.27559105937465,246.787974877053,1.8109477490325365,550.0
1.126,135.814661966982,247.30651990113734,1.8209117949375762,550.0
1.1280000000000001,135.35495929386275,247.8246046097929,1.8309237127525755,550.0
1.13,134.89647761097856,248.34223022672143,1.8409838019855758,550.0
1.1320000000000001,134.43921152287717,248.85939797021285,1.8510923647292077,550.0
1.134,133.98315566742681,249.37610905317777,1.861249705688225,550.0
1.1360000000000001,133.52830471555106,249.89236468318185,1.8714561322074414,550.0
1.138,133.07465337096824,250.40816606247762,1.8817119542999843,550.0
1.1400000000000001,132.6221963699317,250.92351438803792,1.892017484675949,550.0
1.142,132.17092848097377,251.4384108515879,1.9023730387714033,550.0
1.1440000000000001,131.72084450465138,251.95285663963716,1.9127789347777837,550.0
1.146,131.2719392732949,252.46685293351175,1.923235493671662,550.0
1.1480000000000001,130.8242076507582,252.98040090938628,1.9337430392449244,550.0
1.15,130.37764453217258,253.4935017383143,1.9443018981353133,550.0
1.1520000000000001,129.9322448437018,254.00615658626032,1.9549123998573996,550.0
1.154,129.48800354230033,254.5183666141303,1.965574876833944,550.0
1.1560000000000001,129.04491561547306,255.0301329778028,1.9762896644276897,550.0
1.158,128.6029760810386,255.5414568281584,1.9870571009735425,550.0
1.1600000000000001,128.16217998689257,256.0523393111113,1.997877527811234,550.0
1.162,127.72252241077638,256.5627815676378,2.0087512893183415,550.0
1.1640000000000001,127.28399846004447,257.0727847338076,2.019678732943835,550.0
1.166,126.84660327143737,257.58234994081164,2.0306602092419817,550.0
1.168,126.4103320108537,258.09147831499274,2.0416960719067867,550.0
1.17,125.97517987312678,258.600170977874,2.0527866778068318,550.0
1.1720000000000002,125.54114208180184,259.1084290461876,2.0639323870206163,550.0
1.174,125.10821388891625,259.6162536319035,2.0751335628723555,550.0
1.1760000000000002,124.67639057478074,260.12364584225804,2.0863905719682845,550.0
1.178,124.24566744776396,260.6306067797818,2.0977037842334223,550.0
1.1800000000000002,123.81603984407782,261.1371375423277,2.1090735729488608,550.0
1.182,123.38750312756594,261.64323922309865,2.120500314789538,550.0
1.1840000000000002,122.96005268949281,262.14891291067534,2.13198438986255,550.0
1.186,122.53368394833657,262.654159689043,2.1435261817459508,550.0
1.188,122.10839234958193,263.15898063761915,2.1551260775281196,550.0
1.19,121.6841733655162,263.6633768312801,2.166784467847641,550.0
1.1920000000000002,121.26102249502674,264.16734934038783,2.1785017469337444,550.0
1.194,120.83893526340063,264.67089923081613,2.190278312647289,550.0
1.1960000000000002,120.41790722212534,265.1740275639777,2.2021145665223383,550.0
1.198,119.99793394869248,265.6767353968494,2.2140109138082726,550.0
1.2,119.5790110464023,266.17902378199847,2.2259677635125152,550.0
1.202,119.1611341441704,266.6808937676086,2.237985528443841,550.0
1.2040000000000002,118.74429889633625,267.18234639750483,2.250064625256283,550.0
1.206,118.32850098247363,267.683382711179,2.262205474493649,550.0
1.208,117.91373610720177,268.18400374381565,2.274408500634693,550.0
1.21,117.5,268.68421052631584,2.286674132138858,550.0
1.212,117.08728841502229,269.18400408532267,2.299002801492723,550.0
1.214,116.67559713091443,269.6833854432458,2.311394945257069,550.0
1.2160000000000002,116.26492195063301,270.18235561828556,2.3238510041146125,550.0
1.218,115.85525870126554,270.68091562445716,2.336371422918418,550.0
1.22,115.4466032338519,271.1790664716151,2.3489566507410107,550.0
1.222,115.03895142320879,271.6768091654768,2.361607140924155,550.0
1.2240000000000002,114.63229916775364,272.1741447076464,2.3743233511293793,550.0
1.226,114.2266423893328,272.6710740956378,2.3871057433891756,550.0
1.228,113.8219770330481,273.16759832289875,2.3999547841589925,550.0
1.23,113.4182990670878,273.66371837883366,2.4128709443699154,550.0
1.232,113.01560448255744,274.1594352488265,2.4258546994821377,550.0
1.234,112.61388929331272,274.65474991426373,2.4389065295391887,550.0
1.2360000000000002,112.2131495357937,275.1496633525568,2.452026919222953,550.0
1.238,111.81338126886065,275.6441765371652,2.465216357909484,550.0
1.24,111.41458057363097,276.13829043761825,2.4784753397256267,550.0
1.242,111.01674355331839,276.63200601953724,2.491804363606452,550.0
1.244,110.6198663330725,277.1253242446579,2.505203933353557,550.0
1.246,110.2239450598205,277.61824607085214,2.5186745576941907,550.0
1.248,109.8289759021101,278.1107724521492,2.5322167503412545,550.0
1.25,109.43495504995371,278.602904338758,2.545831030054193,550.0
1.252,109.0418787146742,279.0946426770878,2.559517920700764,550.0
1.254,108.64974312875155,279.58598840977015,2.5732779513197435,550.0
1.256,108.2585445456717,280.07694247567935,2.587111656184529,550.0
1.258,107.86827923977577,280.5675058099537,2.601019574867716,550.0
1.26,107.47894350611136,281.05767934401615,2.6150022523066103,550.0
1.262,107.0905336602846,281.54746400559503,2.629060238869733,550.0
1.264,106.70304603831383,282.0368607187444,2.643194090424312,550.0
1.266,106.31647699648421,282.5258704038647,2.6574043684047917,550.0
1.268,105.93082291120416,283.0144939777227,2.671691639882358,550.0
1.27,105.54608017886264,283.50273235347123,2.686056477635513,550.0
1.272,105.16224521568721,283.9905864406699,2.700499460221743,550.0
1.274,104.77931445760467,284.4780571453041,2.7150211720502173,550.0
1.276,104.3972843601014,284.96514536980504,2.7296222034556403,550.0
1.278,104.01615139808563,285.4518520130693,2.7443031507732067,550.0
1.28,103.63591206575146,285.9381779704776,2.759064616414676,550.0
1.282,103.25656287644235,286.4241241339149,2.7739072089456664,550.0
1.284,102.87810036251788,286.9096913917888,2.78883154316407,550.0
1.286,102.50052107521992,287.3948806290486,2.803838240179717,550.0
1.288,102.12382158454095,287.87969272720454,2.8189279274952486,550.0
1.29,101.74799847909313,288.36412856434583,2.8341012390882363,550.0
1.2920000000000003,101.37304836597836,288.8481890151601,2.849358815494592,550.0
1.294,100.99896787066028,289.33187495095024,2.8647013038932228,550.0
1.2959999999999998,100.6257536368358,289.81518723965485,2.880129358192086,550.0
1.298,100.25340232630893,290.2981267458648,2.8956436391155127,550.0
1.3,99.88191061886607,290.7806943308417,2.911244814292909,550.0
1.302,99.51127521215064,291.262890852536,2.926933558348892,550.0
1.304,99.14149282154044,291.74471716560447,2.942710552994792,550.0
1.306,98.77256018002504,292.2261741214285,2.9585764871216327,550.0
1.308,98.40447403808491,292.7072625681309,2.974532056894548,550.0
1.31,98.03723116357085,293.18798335059364,2.990577965848732,550.0
1.312,97.67082834158501,293.66833731047535,3.0067149249868814,550.0
1.314,97.30526237436254,294.1483252862282,3.0229436528782108,550.0
1.3159999999999998,96.94053008115465,294.6279481131151,3.0392648757590313,550.0
1.318,96.57662829811169,295.10720662322706,3.0556793276349774,550.0
1.3199999999999998,96.21355387816908,295.58610164549896,3.072187750384799,550.0
1.322,95.85130369093163,296.06463400572744,3.08879089386593,550.0
1.324,95.48987462256133,296.54280452658685,3.1054895160216587,550.0
1.326,95.12926357566397,297.02061402764616,3.1222843829901166,550.0
1.328,94.76946746917855,297.4980633253848,3.139176269214964,550.0
1.33,94.41048323826595,297.9751532332096,3.156165957557941,550.0
1.332,94.05230783419996,298.4518845614702,3.173254239413198,550.0
1.334,93.69493822425787,298.9282581174759,3.190441914823554,550.0
1.3359999999999999,93.33837139161314,299.40427470551094,3.207729792598607,550.0
1.338,92.98260433522807,299.879935126851,3.2251186904348335,550.0
1.3399999999999999,92.62763406974814,300.3552401797781,3.242609435037627,550.0
1.342,92.27345762539615,300.8301906595973,3.2602028622454124,550.0
1.344,91.92007204786857,301.3047873586511,3.2778998171557427,550.0
1.346,91.56747439823158,301.7790310663356,3.2957011542535652,550.0
1.348,91.21566175281875,302.2529225691154,3.313607737541576,550.0
1.35,90.86463120312871,302.7264626505396,3.331620440672805,550.0
1.352,90.51437985572473,303.19965209125564,3.349740147085362,550.0
1.354,90.16490483213418,303.6724916690255,3.367967750139504,550.0
1.3559999999999999,89.81620326874932,304.14498215873977,3.386304153256989,550.0
1.358,89.46827231672857,304.6171243324334,3.404750270062796,550.0
1.3599999999999999,89.12110914189938,305.0889189592988,3.4233070245292128,550.0
1.362,88.77471092466,305.5603668057028,3.441975351122475,550.0
1.3639999999999999,88.42907485988496,306.03146863519885,3.460756194951749,550.0
1.366,88.08419815682805,306.502225208543,3.479650511920835,550.0
1.368,87.74007803902896,306.9726372837074,3.4986592688823275,550.0
1.37,87.39671174421855,307.4427056158952,3.5177834437945323,550.0
1.372,87.05409652422607,307.91243095755397,3.5370240258810313,550.0
1.374,86.71222964488689,308.3818140583903,3.5563820157930226,550.0
1.376,86.3711083859506,308.8508556653836,3.575858425774495,550.0
1.3780000000000001,86.03073004099004,309.3195565228001,3.595454279830269,550.0
1.38,85.6910919173117,309.787917372206,3.61517061389693,550.0
1.3820000000000001,85.35219133586557,310.255938952482,3.635008476016835,550.0
1.384,85.01402563115656,310.72362199983644,3.6549689265151115,550.0
1.3840830349826991,85.00000168884374,310.7430317182276,3.655800300519437,550.0
1.384083054982699,84.99999969293751,310.74303448072754,3.655800418862197,100.0
1.3860000000000001,84.94119857293758,310.82447645428965,3.6592899756104793,100.0
1.3880000000000001,84.87997968313049,310.9093870323833,3.6629295646989313,100.0
1.3900000000000001,84.81889296799709,310.9942364577141,3.666567972952146,100.0
1.3920000000000001,84.75793795260128,311.07902486221917,3.670205202917775,100.0
1.3940000000000001,84.69711416439277,311.1637523773617,3.673841257134319,100.0
1.396,84.63642113319158,311.2484191341336,3.6774761381311807,100.0
1.3980000000000001,84.57585839117283,311.3330252630578,3.6811098484287044,100.0
1.4,84.51542547285166,311.4175708941905,3.684742390538223,100.0
1.4020000000000001,84.45512191506809,311.50205615712366,3.6883737669621066,100.0
1.404,84.39494725697223,311.5864811809871,3.692003980193798,100.0
1.406,84.33490104000933,311.67084609445124,3.6956330327178715,100.0
1.408,84.27498280790526,311.75515102572876,3.699260927010063,100.0
1.4100000000000001,84.2151921066519,311.8393961025773,3.7028876655373217,100.0
1.4120000000000001,84.1555284844926,311.92358145230173,3.7065132507578524,100.0
1.4140000000000001,84.09599149190805,312.00770720175615,3.710137685121156,100.0
1.416,84.0365806816018,312.0917734773463,3.713760971068077,100.0
1.4180000000000001,83.9772956084863,312.17578040503173,3.7173831110308453,100.0
1.42,83.91813582966891,312.259728110328,3.721004107433114,100.0
1.4220000000000002,83.85910090443792,312.3436167183089,3.7246239626900093,100.0
1.424,83.80019039424886,312.42744635360856,3.7282426792081633,100.0
1.426,83.74140386271068,312.5112171404236,3.731860259385765,100.0
1.428,83.6827408755723,312.5949292025154,3.7354767056125966,100.0
1.4300000000000002,83.62420100070908,312.6785826632121,3.739092020270075,100.0
1.432,83.56578380810944,312.7621776454109,3.742706205731294,100.0
1.4340000000000002,83.50748886986166,312.8457142715798,3.7463192643610634,100.0
1.436,83.44931576014062,312.9291926637601,3.74993119851595,100.0
1.4380000000000002,83.39126405519481,313.01261294356834,3.7535420105443214,100.0
1.44,83.33333333333334,313.09597523219816,3.7571517027863774,100.0
1.4420000000000002,83.27552317491303,313.17927965042276,3.7607602775742013,100.0
1.444,83.21783316232576,313.26252631859654,3.7643677372317863,100.0
1.446,83.1602628799857,313.3457153566575,3.767974084075086,100.0
1.448,83.1028119143167,313.42884688412875,3.7715793204120467,100.0
1.45,83.04547985373996,313.5119210201211,3.775183448542649,100.0
1.452,82.98826628866152,313.5949378833347,3.7787864707589436,100.0
1.4540000000000002,82.93117081146002,313.6778975920611,3.782388389345093,100.0
1.456,82.87419301647448,313.76080026418504,3.785989206577406,100.0
1.4580000000000002,82.8173324999922,313.8436460171868,3.789588924724379,100.0
1.46,82.7605888602368,313.9264349681439,3.7931875460467293,100.0
1.4620000000000002,82.70396169735618,314.0091672337329,3.796785072797437,100.0
1.464,82.64745061341078,314.09184293023156,3.8003815072217786,100.0
1.466,82.59105521236187,314.1744621735206,3.803976851557363,100.0
1.468,82.53477510005973,314.2570250790858,3.807571108034174,100.0
1.47,82.47860988423224,314.3395317620196,3.811164278874602,100.0
1.472,82.42255917447336,314.421982337023,3.814756366293476,100.0
1.4740000000000002,82.36662258223168,314.5043769184077,3.818347372498108,100.0
1.476,82.31079972079912,314.5867156200977,3.821937299688327,100.0
1.4780000000000002,82.25509020529977,314.6689985556312,3.8255261500565085,100.0
1.48,82.19949365267865,314.75122583816255,3.8291139257876154,100.0
1.4820000000000002,82.1440096816907,314.8333975804638,3.832700629059234,100.0
1.484,82.08863791288982,314.9155138949266,3.836286262041602,100.0
1.486,82.03337796861791,314.9975748935644,3.8398708268976507,100.0
1.488,81.97822947299412,315.0795806880134,3.8434543257830334,100.0
1.49,81.92319205190405,315.1615313895352,3.847036760846164,100.0
1.492,81.86826533298911,315.24342710901794,3.850618134228251,100.0
1.494,81.813448945636,315.32526795697834,3.854198448063325,100.0
1.496,81.75874252096607,315.4070540435634,3.857777704478282,100.0
1.4980000000000002,81.70414569182505,315.4887854785521,3.8613559055929088,100.0
1.5,81.64965809277261,315.57046237135705,3.8649330535199193,100.0
1.502,81.59527936007207,315.6520848310264,3.8685091503649898,100.0
1.504,81.54100913168028,315.73365296624524,3.8720841982267853,100.0
1.506,81.48684704723743,315.8151668853377,3.875658199197001,100.0
1.508,81.43279274805703,315.8966266962682,3.8792311553603867,100.0
1.51,81.37884587711595,315.9780325066432,3.8828030687947797,100.0
1.512,81.32500607904443,316.05938442371337,3.8863739415711467,100.0
1.514,81.27127300011637,316.1406825543744,3.8899437757536015,100.0
1.516,81.2176462882395,316.2219270051692,3.8935125733994447,100.0
1.518,81.16412559294567,316.30311788228965,3.8970803365591973,100.0
1.52,81.11071056538127,316.3842552915777,3.900647067276626,100.0
1.522,81.0574008582977,316.46533933852726,3.904212767588776,100.0
1.524,81.0041961260418,316.54637012828584,3.9077774395260034,100.0
1.526,80.95109602454657,316.6273477656562,3.9113410851120065,100.0
1.528,80.8981002113217,316.7082723550977,3.914903706363852,100.0
1.53,80.84520834544432,316.789144000728,3.9184653052920146,100.0
1.532,80.79242008754989,316.86996280632457,3.922025883900391,100.0
1.534,80.73973509982288,316.95072887532643,3.92558544418635,100.0
1.536,80.68715304598786,317.0314423108355,3.929143988140746,100.0
1.538,80.63467359130037,317.1121032156181,3.9327015177479576,100.0
1.54,80.58229640253802,317.19271169210674,3.9362580349859133,100.0
1.542,80.53002114799163,317.27326784240125,3.93981354182612,100.0
1.544,80.47784749745631,317.3537717682707,3.9433680402336977,100.0
1.546,80.42577512222277,317.4342235711546,3.9469215321674036,100.0
1.548,80.37380369506869,317.51462335216445,3.950474019579659,100.0
1.55,80.3219328902499,317.59497121208545,3.954025504416585,100.0
1.552,80.27016238349194,317.67526725137765,3.957575988618027,100.0
1.554,80.21849185198158,317.75551157017753,3.961125474117577,100.0
1.556,80.16692097435823,317.83570426829954,3.964673962842614,100.0
1.558,80.11544943070565,317.91584544523755,3.968221456714324,100.0
1.56,80.06407690254356,317.9959352001661,3.9717679576477285,100.0
1.562,80.01280307281944,318.07597363194213,3.9753134675517123,100.0
1.564,79.96162762590016,318.155960839106,3.9788579883290534,100.0
1.566,79.91055024756402,318.23589691988343,3.9824015218764495,100.0
1.568,79.85957062499249,318.3157819721864,3.985944070084541,100.0
1.57,79.80868844676222,318.3956160936148,3.9894856348379437,100.0
1.572,79.75790340283704,318.47539938145803,3.993026218015275,100.0
1.574,79.70721518456007,318.5551319326957,3.9965658214891744,100.0
1.576,79.65662348464576,318.6348138439999,4.000104447126339,100.0
1.578,79.60612799717214,318.7144452117358,4.003642096787543,100.0
1.58,79.555728417573,318.7940261319635,4.007178772327668,100.0
1.582,79.5054244426302,318.87355670043917,4.010714475595726,100.0
1.584,79.45521577046603,318.95303701261633,4.014249208434887,100.0
1.5859999999999999,79.40510210053552,319.0324671636475,4.017782972682506,100.0
1.588,79.35508313361896,319.11184724838506,4.021315770170148,100.0
1.59,79.3051585718144,319.1911773613831,4.024847602723612,100.0
1.592,79.25532811853017,319.2704575968982,4.028378472162954,100.0
1.594,79.20559147847743,319.3496880488912,4.031908380302522,100.0
1.5959999999999999,79.15594835766295,319.4288688110282,4.0354373289509695,100.0
1.598,79.10639846338164,319.507999976682,4.038965319911288,100.0
1.6,79.05694150420948,319.58708163893334,4.042492354980828,100.0
1.602,79.0075771899962,319.6661138905721,4.046018435951326,100.0
1.604,78.95830523185818,319.74509682409865,4.049543564608927,100.0
1.6059999999999999,78.9091253421713,319.82403053172527,4.053067742734213,100.0
1.608,78.86003723456398,319.902915105377,4.056590972102218,100.0
1.61,78.81104062391006,319.9817506366934,4.060113254482467,100.0
1.612,78.76213522632197,320.0605372170292,4.063634591638983,100.0
1.614,78.71332075914371,320.13927493745615,4.067154985330323,100.0
1.6159999999999999,78.66459694094408,320.2179638887638,4.070674437309597,100.0
1.618,78.61596349150973,320.29660416146095,4.074192949324496,100.0
1.62,78.56742013183862,320.3751958457767,4.077710523117305,100.0
1.622,78.51896658413301,320.45373903166194,4.08122716042494,100.0
1.624,78.47060257179305,320.5322338087901,4.084742862978961,100.0
1.626,78.42232781940999,320.6106802665588,4.088257632505596,100.0
1.6280000000000001,78.37414205275961,320.68907849409084,4.091771470725773,100.0
1.63,78.32604499879574,320.7674285802352,4.095284379355131,100.0
1.6320000000000001,78.27803638564369,320.84573061356866,4.098796360104049,100.0
1.6340000000000001,78.23011594259384,320.9239846823965,4.10230741467767,100.0
1.636,78.18228340009527,321.002190874754,4.105817544775915,100.0
1.6380000000000001,78.13453848974923,321.0803492784074,4.109326752093521,100.0
1.64,78.08688094430303,321.1584599808551,4.112835038320042,100.0
1.6420000000000001,78.03931049764358,321.23652306932894,4.116342405139891,100.0
1.6440000000000001,77.99182688479127,321.314538630795,4.119848854232349,100.0
1.646,77.94442984189368,321.3925067519551,4.1233543872715925,100.0
1.6480000000000001,77.89711910621948,321.4704275192479,4.126859005926716,100.0
1.65,77.8498944161523,321.54830101884943,4.130362711861746,100.0
1.6520000000000001,77.80275551118464,321.62612733667515,4.133865506735675,100.0
1.6540000000000001,77.75570213191185,321.70390655838037,4.1373673922024725,100.0
1.656,77.70873402002616,321.78163876936145,4.140868369911106,100.0
1.6580000000000001,77.6618509183106,321.85932405475717,4.144368441505574,100.0
1.66,77.61505257063328,321.9369624994494,4.147867608624911,100.0
1.6620000000000001,77.56833872194137,322.0145541880647,4.151365872903219,100.0
1.6640000000000001,77.52170911825529,322.09209920497494,4.154863235969687,100.0
1.666,77.47516350666291,322.1695976342986,4.158359699448609,100.0
1.6680000000000001,77.42870163531387,322.2470495599017,4.161855264959402,100.0
1.67,77.38232325341369,322.324455065399,4.1653499341166365,100.0
1.6720000000000002,77.33602811121824,322.40181423415504,4.168843708530047,100.0
1.674,77.28981596002805,322.4791271492851,4.172336589804555,100.0
1.676,77.24368655218262,322.5563938936562,4.1758285795402905,100.0
1.6780000000000002,77.19763964105495,322.6336145498884,4.179319679332614,100.0
1.68,77.15167498104596,322.71078920035535,4.182809890772125,100.0
1.6820000000000002,77.10579232757895,322.78791792718596,4.186299215444703,100.0
1.684,77.05999143709424,322.86500081226484,4.189787654931504,100.0
1.686,77.01427206704358,322.94203793723364,4.193275210808998,100.0
1.6880000000000002,76.9686339758849,323.0190293834919,4.196761884648976,100.0
1.69,76.92307692307692,323.09597523219816,4.2002476780185765,100.0
1.6920000000000002,76.87760066907376,323.17287556427095,4.2037325924803035,100.0
1.694,76.8322049753197,323.24973046038974,4.207216629592046,100.0
1.696,76.78688960424391,323.3265400009958,4.210699790907092,100.0
1.6980000000000002,76.74165431925523,323.40330426629356,4.214182077974159,100.0
1.7,76.69649888473704,323.4800233362511,4.217663492337395,100.0
1.7020000000000002,76.65142306604199,323.5566972906016,4.221144035536416,100.0
1.704,76.60642662948695,323.6333262088439,4.224623709106315,100.0
1.706,76.56150934234793,323.7099101702437,4.228102514577678,100.0
1.708,76.516670972855,323.78644925383446,4.231580453476612,100.0
1.71,76.47191129018725,323.86294353841834,4.235057527324754,100.0
1.7120000000000002,76.42723006446788,323.9393931025672,4.238533737639293,100.0
1.714,76.38262706675913,324.0157980246233,4.242009085932989,100.0
1.716,76.33810206905741,324.0921583827007,4.245483573714193,100.0
1.718,76.29365484428845,324.1684742546857,4.2489572024868565,100.0
1.72,76.24928516630233,324.24474571823816,4.252429973750562,100.0
1.7220000000000002,76.20499280986874,324.32097285079215,4.25590188900053,100.0
1.724,76.16077755067217,324.39715572955697,4.259372949727638,100.0
1.726,76.11663916530703,324.47329443151807,4.262843157418447,100.0
1.728,76.07257743127307,324.54938903343805,4.266312513555211,100.0
1.73,76.02859212697055,324.6254396118572,4.269781019615893,100.0
1.7320000000000002,75.98468303169561,324.701446243095,4.273248677074191,100.0
1.734,75.94084992563563,324.77740900325034,4.276715487399543,100.0
1.736,75.89709258986453,324.85332796820296,4.280181452057159,100.0
1.738,75.8534108063383,324.92920321361413,4.283646572508023,100.0
1.74,75.80980435789034,325.00503481492734,4.287110850208922,100.0
1.7420000000000002,75.76627302822693,325.0808228473695,4.2905742866124585,100.0
1.744,75.72281660192283,325.1565673859516,4.29403688316706,100.0
1.746,75.67943486441663,325.2322685054696,4.297498641317009,100.0
1.748,75.63612760200645,325.3079262805054,4.300959562502453,100.0
1.75,75.59289460184544,325.3835407854277,4.304419648159421,100.0
1.752,75.54973565193743,325.45911209439254,4.307878899719834,100.0
1.754,75.50665054113252,325.5346402813446,4.311337318611536,100.0
1.756,75.46363905912277,325.6101254200177,4.314794906258299,100.0
1.758,75.42070099643787,325.68556758393595,4.318251664079841,100.0
1.76,75.3778361444409,325.76096684641414,4.321707593491842,100.0
1.762,75.33504429532402,325.8363232805591,4.325162695905967,100.0
1.764,75.29232524210427,325.9116369592701,4.328616972729869,100.0
1.766,75.24967877861933,325.9869079552399,4.332070425367217,100.0
1.768,75.20710469952336,326.0621363409555,4.335523055217707,100.0
1.77,75.16460280028288,326.1373221886989,4.338974863677075,100.0
1.772,75.12217287717263,326.21246557054803,4.342425852137115,100.0
1.774,75.0798147272714,326.2875665583776,4.3458760219857,100.0
1.776,75.03752814845804,326.3626252238596,4.349325374606788,100.0
1.778,74.99531293940736,326.43764163846447,4.352773911380442,100.0
1.78,74.95316889958615,326.5126158734615,4.356221633682847,100.0
1.782,74.91109582924912,326.5875479999201,4.359668542886322,100.0
1.784,74.86909352943498,326.66243808871013,4.363114640359336,100.0
1.786,74.82716180196243,326.73728621050304,4.366559927466525,100.0
1.788,74.7853004494263,326.8120924357724,4.370004405568708,100.0
1.79,74.74350927519359,326.8868568347947,4.3734480760228935,100.0
1.792,74.7017880833996,326.9615794776503,4.376890940182306,100.0
1.794,74.66013667894411,327.0362604342239,4.380332999396392,100.0
1.796,74.61855486748755,327.1108997742058,4.383774255010841,100.0
1.798,74.57704245544708,327.18549756709206,4.387214708367595,100.0
1.8,74.53559924999298,327.2600538821855,4.390654360804865,100.0
