actual_debt,canonical_claim,usable_revenue,debt_claim_ratio,funding_gap,discount_bps,bonus_output,critical
1000000,1000000,0,1.0,0,0,0,False
1000250,1000000,0,1.00025,250,0,0,False
1000500,1000000,0,1.0005,500,0,0,False
1000750,1000000,0,1.00075,750,0,0,False
1001000,1000000,0,1.001,1000,0,0,False
1001250,1000000,0,1.00125,1250,0,0,False
1001500,1000000,0,1.0015,1500,0,0,False
1001750,1000000,0,1.00175,1750,0,0,False
1002000,1000000,0,1.002,2000,0,0,False
1002250,1000000,0,1.00225,2250,0,0,False
1002499,1000000,0,1.002499,2499,0,0,False
1002500,1000000,0,1.0025,2500,20,5,False
1002750,1000000,0,1.00275,2750,22,6,False
1003000,1000000,0,1.003,3000,24,7,False
1003250,1000000,0,1.00325,3250,26,8,False
1003500,1000000,0,1.0035,3500,28,9,False
1003750,1000000,0,1.00375,3750,30,11,False
1004000,1000000,0,1.004,4000,32,12,False
1004250,1000000,0,1.00425,4250,34,14,False
1004500,1000000,0,1.0045,4500,36,16,False
1004750,1000000,0,1.00475,4750,38,18,False
1005000,1000000,0,1.005,5000,40,20,False
1005250,1000000,0,1.00525,5250,42,22,False
1005500,1000000,0,1.0055,5500,44,24,False
1005750,1000000,0,1.00575,5750,46,26,False
1006000,1000000,0,1.006,6000,48,28,False
1006250,1000000,0,1.00625,6250,50,31,False
1006500,1000000,0,1.0065,6500,52,33,False
1006750,1000000,0,1.00675,6750,54,36,False
1007000,1000000,0,1.007,7000,56,39,False
1007250,1000000,0,1.00725,7250,58,42,False
1007500,1000000,0,1.0075,7500,60,45,False
1007750,1000000,0,1.00775,7750,62,48,False
1008000,1000000,0,1.008,8000,64,51,False
1008250,1000000,0,1.00825,8250,66,54,False
1008500,1000000,0,1.0085,8500,68,58,False
1008750,1000000,0,1.00875,8750,70,61,False
1009000,1000000,0,1.009,9000,72,65,False
1009250,1000000,0,1.00925,9250,74,68,False
1009500,1000000,0,1.0095,9500,76,72,False
1009750,1000000,0,1.00975,9750,78,76,False
1010000,1000000,0,1.01,10000,80,80,False
1010250,1000000,0,1.01025,10250,82,84,False
1010500,1000000,0,1.0105,10500,84,88,False
1010750,1000000,0,1.01075,10750,86,93,False
1011000,1000000,0,1.011,11000,88,97,False
1011250,1000000,0,1.01125,11250,90,102,False
1011500,1000000,0,1.0115,11500,92,106,False
1011750,1000000,0,1.01175,11750,94,111,False
1012000,1000000,0,1.012,12000,96,116,False
1012250,1000000,0,1.01225,12250,98,121,False
1012500,1000000,0,1.0125,12500,100,126,False
1012750,1000000,0,1.01275,12750,102,131,False
1013000,1000000,0,1.013,13000,104,136,False
1013250,1000000,0,1.01325,13250,106,141,False
1013500,1000000,0,1.0135,13500,108,147,False
1013750,1000000,0,1.01375,13750,110,152,False
1014000,1000000,0,1.014,14000,112,158,False
1014250,1000000,0,1.01425,14250,114,164,False
1014500,1000000,0,1.0145,14500,116,170,False
1014750,1000000,0,1.01475,14750,118,176,False
1015000,1000000,0,1.015,15000,120,182,False
1015250,1000000,0,1.01525,15250,122,188,False
1015500,1000000,0,1.0155,15500,124,194,False
1015750,1000000,0,1.01575,15750,126,200,False
1016000,1000000,0,1.016,16000,128,207,False
1016250,1000000,0,1.01625,16250,130,214,False
1016500,1000000,0,1.0165,16500,132,220,False
1016750,1000000,0,1.01675,16750,134,227,False
1017000,1000000,0,1.017,17000,136,234,False
1017250,1000000,0,1.01725,17250,138,241,False
1017500,1000000,0,1.0175,17500,140,248,False
1017750,1000000,0,1.01775,17750,142,255,False
1018000,1000000,0,1.018,18000,144,262,False
1018250,1000000,0,1.01825,18250,146,270,False
1018500,1000000,0,1.0185,18500,148,277,False
1018750,1000000,0,1.01875,18750,150,285,False
1019000,1000000,0,1.019,19000,152,293,False
1019250,1000000,0,1.01925,19250,154,301,False
1019500,1000000,0,1.0195,19500,156,309,False
1019750,1000000,0,1.01975,19750,158,317,False
1020000,1000000,0,1.02,20000,160,325,False
1020250,1000000,0,1.02025,20250,162,333,False
1020500,1000000,0,1.0205,20500,164,341,False
1020750,1000000,0,1.02075,20750,166,350,False
1021000,1000000,0,1.021,21000,168,358,False
1021250,1000000,0,1.02125,21250,170,367,False
1021500,1000000,0,1.0215,21500,172,376,False
1021750,1000000,0,1.02175,21750,174,385,False
1022000,1000000,0,1.022,22000,176,394,False
1022250,1000000,0,1.02225,22250,178,403,False
1022500,1000000,0,1.0225,22500,180,412,False
1022750,1000000,0,1.02275,22750,182,421,False
1023000,1000000,0,1.023,23000,184,431,False
1023250,1000000,0,1.02325,23250,186,440,False
1023500,1000000,0,1.0235,23500,188,450,False
1023750,1000000,0,1.02375,23750,190,459,False
1024000,1000000,0,1.024,24000,192,469,False
1024250,1000000,0,1.02425,24250,194,479,False
1024500,1000000,0,1.0245,24500,196,489,False
1024750,1000000,0,1.02475,24750,198,499,False
1025000,1000000,0,1.025,25000,200,510,False
1025250,1000000,0,1.02525,25250,202,520,False
1025500,1000000,0,1.0255,25500,204,531,False
1025750,1000000,0,1.02575,25750,206,541,False
1026000,1000000,0,1.026,26000,208,552,False
1026250,1000000,0,1.02625,26250,210,563,False
1026500,1000000,0,1.0265,26500,212,573,False
1026750,1000000,0,1.02675,26750,214,584,False
1027000,1000000,0,1.027,27000,216,596,False
1027250,1000000,0,1.02725,27250,218,607,False
1027500,1000000,0,1.0275,27500,220,618,False
1027750,1000000,0,1.02775,27750,222,630,False
1028000,1000000,0,1.028,28000,224,641,False
1028250,1000000,0,1.02825,28250,226,653,False
1028500,1000000,0,1.0285,28500,228,664,False
1028750,1000000,0,1.02875,28750,230,676,False
1029000,1000000,0,1.029,29000,232,688,False
1029250,1000000,0,1.02925,29250,234,700,False
1029500,1000000,0,1.0295,29500,236,713,False
1029750,1000000,0,1.02975,29750,238,725,False
1030000,1000000,0,1.03,30000,240,737,False
1030250,1000000,0,1.03025,30250,242,750,False
1030500,1000000,0,1.0305,30500,244,762,False
1030750,1000000,0,1.03075,30750,246,775,False
1031000,1000000,0,1.031,31000,248,788,False
1031250,1000000,0,1.03125,31250,250,801,False
1031500,1000000,0,1.0315,31500,252,814,False
1031750,1000000,0,1.03175,31750,254,827,False
1032000,1000000,0,1.032,32000,256,840,False
1032250,1000000,0,1.03225,32250,258,854,False
1032500,1000000,0,1.0325,32500,260,867,False
1032750,1000000,0,1.03275,32750,262,881,False
1033000,1000000,0,1.033,33000,264,894,False
1033250,1000000,0,1.03325,33250,266,908,False
1033500,1000000,0,1.0335,33500,268,922,False
1033750,1000000,0,1.03375,33750,270,936,False
1034000,1000000,0,1.034,34000,272,950,False
1034250,1000000,0,1.03425,34250,274,964,False
1034500,1000000,0,1.0345,34500,276,979,False
1034750,1000000,0,1.03475,34750,278,993,False
1035000,1000000,0,1.035,35000,280,1008,False
1035250,1000000,0,1.03525,35250,282,1022,False
1035500,1000000,0,1.0355,35500,284,1037,False
1035750,1000000,0,1.03575,35750,286,1052,False
1036000,1000000,0,1.036,36000,288,1067,False
1036250,1000000,0,1.03625,36250,290,1082,False
1036500,1000000,0,1.0365,36500,292,1097,False
1036750,1000000,0,1.03675,36750,294,1113,False
1037000,1000000,0,1.037,37000,296,1128,False
1037250,1000000,0,1.03725,37250,298,1144,False
1037500,1000000,0,1.0375,37500,300,1159,False
1037750,1000000,0,1.03775,37750,302,1175,False
1038000,1000000,0,1.038,38000,304,1191,False
1038250,1000000,0,1.03825,38250,306,1207,False
1038500,1000000,0,1.0385,38500,308,1223,False
1038750,1000000,0,1.03875,38750,310,1239,False
1039000,1000000,0,1.039,39000,312,1255,False
1039250,1000000,0,1.03925,39250,314,1272,False
1039500,1000000,0,1.0395,39500,316,1288,False
1039750,1000000,0,1.03975,39750,318,1305,False
1040000,1000000,0,1.04,40000,320,1322,False
1040250,1000000,0,1.04025,40250,322,1339,False
1040500,1000000,0,1.0405,40500,324,1356,False
1040750,1000000,0,1.04075,40750,326,1373,False
1041000,1000000,0,1.041,41000,328,1390,False
1041250,1000000,0,1.04125,41250,330,1407,False
1041500,1000000,0,1.0415,41500,332,1425,False
1041750,1000000,0,1.04175,41750,334,1442,False
1042000,1000000,0,1.042,42000,336,1460,False
1042250,1000000,0,1.04225,42250,338,1478,False
1042500,1000000,0,1.0425,42500,340,1495,False
1042750,1000000,0,1.04275,42750,342,1513,False
1043000,1000000,0,1.043,43000,344,1531,False
1043250,1000000,0,1.04325,43250,346,1550,False
1043500,1000000,0,1.0435,43500,348,1568,False
1043750,1000000,0,1.04375,43750,350,1586,False
1044000,1000000,0,1.044,44000,352,1605,False
1044250,1000000,0,1.04425,44250,354,1623,False
1044500,1000000,0,1.0445,44500,356,1642,False
1044750,1000000,0,1.04475,44750,358,1661,False
1045000,1000000,0,1.045,45000,360,1680,False
1045250,1000000,0,1.04525,45250,362,1699,False
1045500,1000000,0,1.0455,45500,364,1718,False
1045750,1000000,0,1.04575,45750,366,1738,False
1046000,1000000,0,1.046,46000,368,1757,False
1046250,1000000,0,1.04625,46250,370,1776,False
1046500,1000000,0,1.0465,46500,372,1796,False
1046750,1000000,0,1.04675,46750,374,1816,False
1047000,1000000,0,1.047,47000,376,1836,False
1047250,1000000,0,1.04725,47250,378,1856,False
1047500,1000000,0,1.0475,47500,380,1876,False
1047750,1000000,0,1.04775,47750,382,1896,False
1048000,1000000,0,1.048,48000,384,1916,False
1048250,1000000,0,1.04825,48250,386,1937,False
1048500,1000000,0,1.0485,48500,388,1957,False
1048750,1000000,0,1.04875,48750,390,1978,False
1049000,1000000,0,1.049,49000,392,1999,False
1049250,1000000,0,1.04925,49250,394,2020,False
1049500,1000000,0,1.0495,49500,396,2041,False
1049750,1000000,0,1.04975,49750,398,2062,False
1050000,1000000,0,1.05,50000,400,2083,False
1050250,1000000,0,1.05025,50250,402,2104,False
1050500,1000000,0,1.0505,50500,404,2126,False
1050750,1000000,0,1.05075,50750,406,2147,False
1051000,1000000,0,1.051,51000,408,2169,False
1051250,1000000,0,1.05125,51250,410,2191,False
1051500,1000000,0,1.0515,51500,412,2212,False
1051750,1000000,0,1.05175,51750,414,2234,False
1052000,1000000,0,1.052,52000,416,2257,False
1052250,1000000,0,1.05225,52250,418,2279,False
1052500,1000000,0,1.0525,52500,420,2301,False
1052750,1000000,0,1.05275,52750,422,2324,False
1053000,1000000,0,1.053,53000,424,2346,False
1053250,1000000,0,1.05325,53250,426,2369,False
1053500,1000000,0,1.0535,53500,428,2392,False
1053750,1000000,0,1.05375,53750,430,2415,False
1054000,1000000,0,1.054,54000,432,2438,False
1054250,1000000,0,1.05425,54250,434,2461,False
1054500,1000000,0,1.0545,54500,436,2484,False
1054750,1000000,0,1.05475,54750,438,2507,False
1055000,1000000,0,1.055,55000,440,2531,False
1055250,1000000,0,1.05525,55250,442,2554,False
1055500,1000000,0,1.0555,55500,444,2578,False
1055750,1000000,0,1.05575,55750,446,2602,False
1056000,1000000,0,1.056,56000,448,2626,False
1056250,1000000,0,1.05625,56250,450,2650,False
1056500,1000000,0,1.0565,56500,452,2674,False
1056750,1000000,0,1.05675,56750,454,2698,False
1057000,1000000,0,1.057,57000,456,2723,False
1057250,1000000,0,1.05725,57250,458,2747,False
1057500,1000000,0,1.0575,57500,460,2772,False
1057750,1000000,0,1.05775,57750,462,2797,False
1058000,1000000,0,1.058,58000,464,2822,False
1058250,1000000,0,1.05825,58250,466,2847,False
1058500,1000000,0,1.0585,58500,468,2872,False
1058750,1000000,0,1.05875,58750,470,2897,False
1059000,1000000,0,1.059,59000,472,2922,False
1059250,1000000,0,1.05925,59250,474,2948,False
1059500,1000000,0,1.0595,59500,476,2973,False
1059750,1000000,0,1.05975,59750,478,2999,False
1060000,1000000,0,1.06,60000,480,3025,False
1060250,1000000,0,1.06025,60250,482,3051,False
1060500,1000000,0,1.0605,60500,484,3077,False
1060750,1000000,0,1.06075,60750,486,3103,False
1061000,1000000,0,1.061,61000,488,3129,False
1061250,1000000,0,1.06125,61250,490,3155,False
1061500,1000000,0,1.0615,61500,492,3182,False
1061750,1000000,0,1.06175,61750,494,3208,False
1062000,1000000,0,1.062,62000,496,3235,False
1062250,1000000,0,1.06225,62250,498,3262,False
1062500,1000000,0,1.0625,62500,500,3289,False
1062750,1000000,0,1.06275,62750,500,3302,False
1063000,1000000,0,1.063,63000,500,3315,False
1063250,1000000,0,1.06325,63250,500,3328,False
1063500,1000000,0,1.0635,63500,500,3342,False
1063750,1000000,0,1.06375,63750,500,3355,False
1064000,1000000,0,1.064,64000,500,3368,False
1064250,1000000,0,1.06425,64250,500,3381,False
1064500,1000000,0,1.0645,64500,500,3394,False
1064750,1000000,0,1.06475,64750,500,3407,False
1065000,1000000,0,1.065,65000,500,3421,False
1065250,1000000,0,1.06525,65250,500,3434,False
1065500,1000000,0,1.0655,65500,500,3447,False
1065750,1000000,0,1.06575,65750,500,3460,False
1066000,1000000,0,1.066,66000,500,3473,False
1066250,1000000,0,1.06625,66250,500,3486,False
1066500,1000000,0,1.0665,66500,500,3500,False
1066750,1000000,0,1.06675,66750,500,3513,False
1067000,1000000,0,1.067,67000,500,3526,False
1067250,1000000,0,1.06725,67250,500,3539,False
1067500,1000000,0,1.0675,67500,500,3552,False
1067750,1000000,0,1.06775,67750,500,3565,False
1068000,1000000,0,1.068,68000,500,3578,False
1068250,1000000,0,1.06825,68250,500,3592,False
1068500,1000000,0,1.0685,68500,500,3605,False
1068750,1000000,0,1.06875,68750,500,3618,False
1069000,1000000,0,1.069,69000,500,3631,False
1069250,1000000,0,1.06925,69250,500,3644,False
1069500,1000000,0,1.0695,69500,500,3657,False
1069750,1000000,0,1.06975,69750,500,3671,False
1070000,1000000,0,1.07,70000,500,3684,False
1070250,1000000,0,1.07025,70250,500,3697,False
1070500,1000000,0,1.0705,70500,500,3710,False
1070750,1000000,0,1.07075,70750,500,3723,False
1071000,1000000,0,1.071,71000,500,3736,False
1071250,1000000,0,1.07125,71250,500,3750,False
1071500,1000000,0,1.0715,71500,500,3763,False
1071750,1000000,0,1.07175,71750,500,3776,False
1072000,1000000,0,1.072,72000,500,3789,False
1072250,1000000,0,1.07225,72250,500,3802,False
1072500,1000000,0,1.0725,72500,500,3815,False
1072750,1000000,0,1.07275,72750,500,3828,False
1073000,1000000,0,1.073,73000,500,3842,False
1073250,1000000,0,1.07325,73250,500,3855,False
1073500,1000000,0,1.0735,73500,500,3868,False
1073750,1000000,0,1.07375,73750,500,3881,False
1074000,1000000,0,1.074,74000,500,3894,False
1074250,1000000,0,1.07425,74250,500,3907,False
1074500,1000000,0,1.0745,74500,500,3921,False
1074750,1000000,0,1.07475,74750,500,3934,False
1075000,1000000,0,1.075,75000,500,3947,False
1075250,1000000,0,1.07525,75250,500,3960,False
1075500,1000000,0,1.0755,75500,500,3973,False
1075750,1000000,0,1.07575,75750,500,3986,False
1076000,1000000,0,1.076,76000,500,4000,False
1076250,1000000,0,1.07625,76250,500,4013,False
1076500,1000000,0,1.0765,76500,500,4026,False
1076750,1000000,0,1.07675,76750,500,4039,False
1077000,1000000,0,1.077,77000,500,4052,False
1077250,1000000,0,1.07725,77250,500,4065,False
1077500,1000000,0,1.0775,77500,500,4078,False
1077750,1000000,0,1.07775,77750,500,4092,False
1078000,1000000,0,1.078,78000,500,4105,False
1078250,1000000,0,1.07825,78250,500,4118,False
1078500,1000000,0,1.0785,78500,500,4131,False
1078750,1000000,0,1.07875,78750,500,4144,False
1079000,1000000,0,1.079,79000,500,4157,False
1079250,1000000,0,1.07925,79250,500,4171,False
1079500,1000000,0,1.0795,79500,500,4184,False
1079750,1000000,0,1.07975,79750,500,4197,False
1080000,1000000,0,1.08,80000,500,4210,False
1080250,1000000,0,1.08025,80250,500,4223,False
1080500,1000000,0,1.0805,80500,500,4236,False
1080750,1000000,0,1.08075,80750,500,4250,False
1081000,1000000,0,1.081,81000,500,4263,False
1081250,1000000,0,1.08125,81250,500,4276,False
1081500,1000000,0,1.0815,81500,500,4289,False
1081750,1000000,0,1.08175,81750,500,4302,False
1082000,1000000,0,1.082,82000,500,4315,False
1082250,1000000,0,1.08225,82250,500,4328,False
1082500,1000000,0,1.0825,82500,500,4342,False
1082750,1000000,0,1.08275,82750,500,4355,False
1083000,1000000,0,1.083,83000,500,4368,False
1083250,1000000,0,1.08325,83250,500,4381,False
1083500,1000000,0,1.0835,83500,500,4394,False
1083750,1000000,0,1.08375,83750,500,4407,False
1084000,1000000,0,1.084,84000,500,4421,False
1084250,1000000,0,1.08425,84250,500,4434,False
1084500,1000000,0,1.0845,84500,500,4447,False
1084750,1000000,0,1.08475,84750,500,4460,False
1085000,1000000,0,1.085,85000,500,4473,False
1085250,1000000,0,1.08525,85250,500,4486,False
1085500,1000000,0,1.0855,85500,500,4500,False
1085750,1000000,0,1.08575,85750,500,4513,False
1086000,1000000,0,1.086,86000,500,4526,False
1086250,1000000,0,1.08625,86250,500,4539,False
1086500,1000000,0,1.0865,86500,500,4552,False
1086750,1000000,0,1.08675,86750,500,4565,False
1087000,1000000,0,1.087,87000,500,4578,False
1087250,1000000,0,1.08725,87250,500,4592,False
1087500,1000000,0,1.0875,87500,500,4605,False
1087750,1000000,0,1.08775,87750,500,4618,False
1088000,1000000,0,1.088,88000,500,4631,False
1088250,1000000,0,1.08825,88250,500,4644,False
1088500,1000000,0,1.0885,88500,500,4657,False
1088750,1000000,0,1.08875,88750,500,4671,False
1089000,1000000,0,1.089,89000,500,4684,False
1089250,1000000,0,1.08925,89250,500,4697,False
1089500,1000000,0,1.0895,89500,500,4710,False
1089750,1000000,0,1.08975,89750,500,4723,False
1090000,1000000,0,1.09,90000,500,4736,False
1090250,1000000,0,1.09025,90250,500,4750,False
1090500,1000000,0,1.0905,90500,500,4763,False
1090750,1000000,0,1.09075,90750,500,4776,False
1091000,1000000,0,1.091,91000,500,4789,False
1091250,1000000,0,1.09125,91250,500,4802,False
1091500,1000000,0,1.0915,91500,500,4815,False
1091750,1000000,0,1.09175,91750,500,4828,False
1092000,1000000,0,1.092,92000,500,4842,False
1092250,1000000,0,1.09225,92250,500,4855,False
1092500,1000000,0,1.0925,92500,500,4868,False
1092750,1000000,0,1.09275,92750,500,4881,False
1093000,1000000,0,1.093,93000,500,4894,False
1093250,1000000,0,1.09325,93250,500,4907,False
1093500,1000000,0,1.0935,93500,500,4921,False
1093750,1000000,0,1.09375,93750,500,4934,False
1094000,1000000,0,1.094,94000,500,4947,False
1094250,1000000,0,1.09425,94250,500,4960,False
1094500,1000000,0,1.0945,94500,500,4973,False
1094750,1000000,0,1.09475,94750,500,4986,False
1095000,1000000,0,1.095,95000,500,5000,False
1095250,1000000,0,1.09525,95250,500,5013,False
1095500,1000000,0,1.0955,95500,500,5026,False
1095750,1000000,0,1.09575,95750,500,5039,False
1096000,1000000,0,1.096,96000,500,5052,False
1096250,1000000,0,1.09625,96250,500,5065,False
1096500,1000000,0,1.0965,96500,500,5078,False
1096750,1000000,0,1.09675,96750,500,5092,False
1097000,1000000,0,1.097,97000,500,5105,False
1097250,1000000,0,1.09725,97250,500,5118,False
1097500,1000000,0,1.0975,97500,500,5131,False
1097750,1000000,0,1.09775,97750,500,5144,False
1098000,1000000,0,1.098,98000,500,5157,False
1098250,1000000,0,1.09825,98250,500,5171,False
1098500,1000000,0,1.0985,98500,500,5184,False
1098750,1000000,0,1.09875,98750,500,5197,False
1099000,1000000,0,1.099,99000,500,5210,False
1099250,1000000,0,1.09925,99250,500,5223,False
1099500,1000000,0,1.0995,99500,500,5236,False
1099750,1000000,0,1.09975,99750,500,5250,False
1100000,1000000,0,1.1,100000,500,5263,False
1100250,1000000,0,1.10025,100250,500,5276,False
1100500,1000000,0,1.1005,100500,500,5289,False
1100750,1000000,0,1.10075,100750,500,5302,False
1101000,1000000,0,1.101,101000,500,5315,False
1101250,1000000,0,1.10125,101250,500,5328,False
1101500,1000000,0,1.1015,101500,500,5342,False
1101750,1000000,0,1.10175,101750,500,5355,False
1102000,1000000,0,1.102,102000,500,5368,False
1102250,1000000,0,1.10225,102250,500,5381,False
1102500,1000000,0,1.1025,102500,500,5394,False
1102750,1000000,0,1.10275,102750,500,5407,False
1103000,1000000,0,1.103,103000,500,5421,False
1103250,1000000,0,1.10325,103250,500,5434,False
1103500,1000000,0,1.1035,103500,500,5447,False
1103750,1000000,0,1.10375,103750,500,5460,False
1104000,1000000,0,1.104,104000,500,5473,False
1104250,1000000,0,1.10425,104250,500,5486,False
1104500,1000000,0,1.1045,104500,500,5500,False
1104750,1000000,0,1.10475,104750,500,5513,False
1105000,1000000,0,1.105,105000,500,5526,False
1105250,1000000,0,1.10525,105250,500,5539,False
1105500,1000000,0,1.1055,105500,500,5552,False
1105750,1000000,0,1.10575,105750,500,5565,False
1106000,1000000,0,1.106,106000,500,5578,False
1106250,1000000,0,1.10625,106250,500,5592,False
1106500,1000000,0,1.1065,106500,500,5605,False
1106750,1000000,0,1.10675,106750,500,5618,False
1107000,1000000,0,1.107,107000,500,5631,False
1107250,1000000,0,1.10725,107250,500,5644,False
1107500,1000000,0,1.1075,107500,500,5657,False
1107750,1000000,0,1.10775,107750,500,5671,False
1108000,1000000,0,1.108,108000,500,5684,False
1108250,1000000,0,1.10825,108250,500,5697,False
1108500,1000000,0,1.1085,108500,500,5710,False
1108750,1000000,0,1.10875,108750,500,5723,False
1109000,1000000,0,1.109,109000,500,5736,False
1109250,1000000,0,1.10925,109250,500,5750,False
1109500,1000000,0,1.1095,109500,500,5763,False
1109750,1000000,0,1.10975,109750,500,5776,False
1110000,1000000,0,1.11,110000,500,5789,False
1110250,1000000,0,1.11025,110250,500,5802,False
1110500,1000000,0,1.1105,110500,500,5815,False
1110750,1000000,0,1.11075,110750,500,5828,False
1111000,1000000,0,1.111,111000,500,5842,False
1111250,1000000,0,1.11125,111250,500,5855,False
1111500,1000000,0,1.1115,111500,500,5868,False
1111750,1000000,0,1.11175,111750,500,5881,False
1112000,1000000,0,1.112,112000,500,5894,False
1112250,1000000,0,1.11225,112250,500,5907,False
1112500,1000000,0,1.1125,112500,500,5921,False
1112750,1000000,0,1.11275,112750,500,5934,False
1113000,1000000,0,1.113,113000,500,5947,False
1113250,1000000,0,1.11325,113250,500,5960,False
1113500,1000000,0,1.1135,113500,500,5973,False
1113750,1000000,0,1.11375,113750,500,5986,False
1114000,1000000,0,1.114,114000,500,6000,False
1114250,1000000,0,1.11425,114250,500,6013,False
1114500,1000000,0,1.1145,114500,500,6026,False
1114750,1000000,0,1.11475,114750,500,6039,False
1115000,1000000,0,1.115,115000,500,6052,False
1115250,1000000,0,1.11525,115250,500,6065,False
1115500,1000000,0,1.1155,115500,500,6078,False
1115750,1000000,0,1.11575,115750,500,6092,False
1116000,1000000,0,1.116,116000,500,6105,False
1116250,1000000,0,1.11625,116250,500,6118,False
1116500,1000000,0,1.1165,116500,500,6131,False
1116750,1000000,0,1.11675,116750,500,6144,False
1117000,1000000,0,1.117,117000,500,6157,False
1117250,1000000,0,1.11725,117250,500,6171,False
1117500,1000000,0,1.1175,117500,500,6184,False
1117750,1000000,0,1.11775,117750,500,6197,False
1118000,1000000,0,1.118,118000,500,6210,False
1118250,1000000,0,1.11825,118250,500,6223,False
1118500,1000000,0,1.1185,118500,500,6236,False
1118750,1000000,0,1.11875,118750,500,6250,False
1119000,1000000,0,1.119,119000,500,6263,False
1119250,1000000,0,1.11925,119250,500,6276,False
1119500,1000000,0,1.1195,119500,500,6289,False
1119750,1000000,0,1.11975,119750,500,6302,False
1120000,1000000,0,1.12,120000,500,6315,False
1120250,1000000,0,1.12025,120250,500,6328,False
1120500,1000000,0,1.1205,120500,500,6342,False
1120750,1000000,0,1.12075,120750,500,6355,False
1121000,1000000,0,1.121,121000,500,6368,False
1121250,1000000,0,1.12125,121250,500,6381,False
1121500,1000000,0,1.1215,121500,500,6394,False
1121750,1000000,0,1.12175,121750,500,6407,False
1122000,1000000,0,1.122,122000,500,6421,False
1122250,1000000,0,1.12225,122250,500,6434,False
1122500,1000000,0,1.1225,122500,500,6447,False
1122750,1000000,0,1.12275,122750,500,6460,False
1123000,1000000,0,1.123,123000,500,6473,False
1123250,1000000,0,1.12325,123250,500,6486,False
1123500,1000000,0,1.1235,123500,500,6500,False
1123750,1000000,0,1.12375,123750,500,6513,False
1124000,1000000,0,1.124,124000,500,6526,False
1124250,1000000,0,1.12425,124250,500,6539,False
1124500,1000000,0,1.1245,124500,500,6552,False
1124750,1000000,0,1.12475,124750,500,6565,False
1125000,1000000,0,1.125,125000,500,6578,True
1125250,1000000,0,1.12525,125250,500,6592,True
1125500,1000000,0,1.1255,125500,500,6605,True
1125750,1000000,0,1.12575,125750,500,6618,True
1126000,1000000,0,1.126,126000,500,6631,True
1126250,1000000,0,1.12625,126250,500,6644,True
1126500,1000000,0,1.1265,126500,500,6657,True
1126750,1000000,0,1.12675,126750,500,6671,True
1127000,1000000,0,1.127,127000,500,6684,True
1127250,1000000,0,1.12725,127250,500,6697,True
1127500,1000000,0,1.1275,127500,500,6710,True
1127750,1000000,0,1.12775,127750,500,6723,True
1128000,1000000,0,1.128,128000,500,6736,True
1128250,1000000,0,1.12825,128250,500,6750,True
1128500,1000000,0,1.1285,128500,500,6763,True
1128750,1000000,0,1.12875,128750,500,6776,True
1129000,1000000,0,1.129,129000,500,6789,True
1129250,1000000,0,1.12925,129250,500,6802,True
1129500,1000000,0,1.1295,129500,500,6815,True
1129750,1000000,0,1.12975,129750,500,6828,True
1130000,1000000,0,1.13,130000,500,6842,True
1130250,1000000,0,1.13025,130250,500,6855,True
1130500,1000000,0,1.1305,130500,500,6868,True
1130750,1000000,0,1.13075,130750,500,6881,True
1131000,1000000,0,1.131,131000,500,6894,True
1131250,1000000,0,1.13125,131250,500,6907,True
1131500,1000000,0,1.1315,131500,500,6921,True
1131750,1000000,0,1.13175,131750,500,6934,True
1132000,1000000,0,1.132,132000,500,6947,True
1132250,1000000,0,1.13225,132250,500,6960,True
1132500,1000000,0,1.1325,132500,500,6973,True
1132750,1000000,0,1.13275,132750,500,6986,True
1133000,1000000,0,1.133,133000,500,7000,True
1133250,1000000,0,1.13325,133250,500,7013,True
1133500,1000000,0,1.1335,133500,500,7026,True
1133750,1000000,0,1.13375,133750,500,7039,True
1134000,1000000,0,1.134,134000,500,7052,True
1134250,1000000,0,1.13425,134250,500,7065,True
1134500,1000000,0,1.1345,134500,500,7078,True
1134750,1000000,0,1.13475,134750,500,7092,True
1135000,1000000,0,1.135,135000,500,7105,True
1135250,1000000,0,1.13525,135250,500,7118,True
1135500,1000000,0,1.1355,135500,500,7131,True
1135750,1000000,0,1.13575,135750,500,7144,True
1136000,1000000,0,1.136,136000,500,7157,True
1136250,1000000,0,1.13625,136250,500,7171,True
1136500,1000000,0,1.1365,136500,500,7184,True
1136750,1000000,0,1.13675,136750,500,7197,True
1137000,1000000,0,1.137,137000,500,7210,True
1137250,1000000,0,1.13725,137250,500,7223,True
1137500,1000000,0,1.1375,137500,500,7236,True
1137750,1000000,0,1.13775,137750,500,7250,True
1138000,1000000,0,1.138,138000,500,7263,True
1138250,1000000,0,1.13825,138250,500,7276,True
1138500,1000000,0,1.1385,138500,500,7289,True
1138750,1000000,0,1.13875,138750,500,7302,True
1139000,1000000,0,1.139,139000,500,7315,True
1139250,1000000,0,1.13925,139250,500,7328,True
1139500,1000000,0,1.1395,139500,500,7342,True
1139750,1000000,0,1.13975,139750,500,7355,True
1140000,1000000,0,1.14,140000,500,7368,True
1140250,1000000,0,1.14025,140250,500,7381,True
1140500,1000000,0,1.1405,140500,500,7394,True
1140750,1000000,0,1.14075,140750,500,7407,True
1141000,1000000,0,1.141,141000,500,7421,True
1141250,1000000,0,1.14125,141250,500,7434,True
1141500,1000000,0,1.1415,141500,500,7447,True
1141750,1000000,0,1.14175,141750,500,7460,True
1142000,1000000,0,1.142,142000,500,7473,True
1142250,1000000,0,1.14225,142250,500,7486,True
1142500,1000000,0,1.1425,142500,500,7500,True
1142750,1000000,0,1.14275,142750,500,7513,True
1143000,1000000,0,1.143,143000,500,7526,True
1143250,1000000,0,1.14325,143250,500,7539,True
1143500,1000000,0,1.1435,143500,500,7552,True
1143750,1000000,0,1.14375,143750,500,7565,True
1144000,1000000,0,1.144,144000,500,7578,True
1144250,1000000,0,1.14425,144250,500,7592,True
1144500,1000000,0,1.1445,144500,500,7605,True
1144750,1000000,0,1.14475,144750,500,7618,True
1145000,1000000,0,1.145,145000,500,7631,True
1145250,1000000,0,1.14525,145250,500,7644,True
1145500,1000000,0,1.1455,145500,500,7657,True
1145750,1000000,0,1.14575,145750,500,7671,True
1146000,1000000,0,1.146,146000,500,7684,True
1146250,1000000,0,1.14625,146250,500,7697,True
1146500,1000000,0,1.1465,146500,500,7710,True
1146750,1000000,0,1.14675,146750,500,7723,True
1147000,1000000,0,1.147,147000,500,7736,True
1147250,1000000,0,1.14725,147250,500,7750,True
1147500,1000000,0,1.1475,147500,500,7763,True
1147750,1000000,0,1.14775,147750,500,7776,True
1148000,1000000,0,1.148,148000,500,7789,True
1148250,1000000,0,1.14825,148250,500,7802,True
1148500,1000000,0,1.1485,148500,500,7815,True
1148750,1000000,0,1.14875,148750,500,7828,True
1149000,1000000,0,1.149,149000,500,7842,True
1149250,1000000,0,1.14925,149250,500,7855,True
1149500,1000000,0,1.1495,149500,500,7868,True
1149750,1000000,0,1.14975,149750,500,7881,True
1150000,1000000,0,1.15,150000,500,7894,True
