id,debt_asset,hlp_each_usd,opening_borrow_usd,shock_pct,keeper_delay_s,requested_withdrawal,insurance_spend_tokens,insurance_spend_final_usd,minimum_opening_tokens,minimum_opening_initial_usd,minimum_opening_final_usd
h0-s-0.3-w0-k0-funded,USDC,0,75000,-30.0,0,0.0,5398.489962,5398.489962,11343.704582,11343.704582,11343.704582
h0-s-0.3-w0-k900-funded,USDC,0,75000,-30.0,900,0.0,5398.464821,5398.464821,11343.668077,11343.668077,11343.668077
h0-s-0.3-w0.25-k0-funded,USDC,0,75000,-30.0,0,0.25,5398.489962,5398.489962,11343.704582,11343.704582,11343.704582
h0-s-0.3-w0.25-k900-funded,USDC,0,75000,-30.0,900,0.25,5398.464821,5398.464821,11343.668077,11343.668077,11343.668077
h0-s-0.3-w0.5-k0-funded,USDC,0,75000,-30.0,0,0.5,5398.489962,5398.489962,11343.704582,11343.704582,11343.704582
h0-s-0.3-w0.5-k900-funded,USDC,0,75000,-30.0,900,0.5,5398.464821,5398.464821,11343.668077,11343.668077,11343.668077
h0-s-0.5-w0-k0-funded,USDC,0,75000,-50.0,0,0.0,26135.71692,26135.71692,52271.43384,52271.43384,52271.43384
h0-s-0.5-w0-k900-funded,USDC,0,75000,-50.0,900,0.0,26135.430467,26135.430467,52270.860934,52270.860934,52270.860934
h0-s-0.5-w0.25-k0-funded,USDC,0,75000,-50.0,0,0.25,26135.71692,26135.71692,52271.43384,52271.43384,52271.43384
h0-s-0.5-w0.25-k900-funded,USDC,0,75000,-50.0,900,0.25,26135.430467,26135.430467,52270.860934,52270.860934,52270.860934
h0-s-0.5-w0.5-k0-funded,USDC,0,75000,-50.0,0,0.5,26135.71692,26135.71692,52271.43384,52271.43384,52271.43384
h0-s-0.5-w0.5-k900-funded,USDC,0,75000,-50.0,900,0.5,26135.430467,26135.430467,52270.860934,52270.860934,52270.860934
h0-s-0.7-w0-k0-funded,USDC,0,75000,-70.0,0,0.0,43561.106834,43561.106834,87122.213668,87122.213668,87122.213668
h0-s-0.7-w0-k900-funded,USDC,0,75000,-70.0,900,0.0,43560.79976,43560.79976,87121.59952,87121.59952,87121.59952
h0-s-0.7-w0.25-k0-funded,USDC,0,75000,-70.0,0,0.25,43561.106834,43561.106834,87122.213668,87122.213668,87122.213668
h0-s-0.7-w0.25-k900-funded,USDC,0,75000,-70.0,900,0.25,43560.79976,43560.79976,87121.59952,87121.59952,87121.59952
h0-s-0.7-w0.5-k0-funded,USDC,0,75000,-70.0,0,0.5,43561.106834,43561.106834,87122.213668,87122.213668,87122.213668
h0-s-0.7-w0.5-k900-funded,USDC,0,75000,-70.0,900,0.5,43560.79976,43560.79976,87121.59952,87121.59952,87121.59952
h25000-s-0.3-w0-k0-funded,USDC,25000,75000,-30.0,0,0.0,4202.981951,4202.981951,9580.605807,9580.605807,9580.605807
h25000-s-0.3-w0-k900-funded,USDC,25000,75000,-30.0,900,0.0,4203.007187,4203.007187,9580.648991,9580.648991,9580.648991
h25000-s-0.3-w0.25-k0-funded,USDC,25000,75000,-30.0,0,0.25,4202.981951,4202.981951,9580.605807,9580.605807,9580.605807
h25000-s-0.3-w0.25-k900-funded,USDC,25000,75000,-30.0,900,0.25,4203.007187,4203.007187,9580.648991,9580.648991,9580.648991
h25000-s-0.3-w0.5-k0-funded,USDC,25000,75000,-30.0,0,0.5,4202.981951,4202.981951,9580.605807,9580.605807,9580.605807
h25000-s-0.3-w0.5-k900-funded,USDC,25000,75000,-30.0,900,0.5,4203.007187,4203.007187,9580.648991,9580.648991,9580.648991
h25000-s-0.5-w0-k0-funded,USDC,25000,75000,-50.0,0,0.0,26485.327858,26485.327858,52970.655716,52970.655716,52970.655716
h25000-s-0.5-w0-k900-funded,USDC,25000,75000,-50.0,900,0.0,26485.047836,26485.047836,52970.095672,52970.095672,52970.095672
h25000-s-0.5-w0.25-k0-funded,USDC,25000,75000,-50.0,0,0.25,26485.327858,26485.327858,52970.655716,52970.655716,52970.655716
h25000-s-0.5-w0.25-k900-funded,USDC,25000,75000,-50.0,900,0.25,26485.047836,26485.047836,52970.095672,52970.095672,52970.095672
h25000-s-0.5-w0.5-k0-funded,USDC,25000,75000,-50.0,0,0.5,26485.327858,26485.327858,52970.655716,52970.655716,52970.655716
h25000-s-0.5-w0.5-k900-funded,USDC,25000,75000,-50.0,900,0.5,26485.047836,26485.047836,52970.095672,52970.095672,52970.095672
h25000-s-0.7-w0-k0-funded,USDC,25000,75000,-70.0,0,0.0,43688.950491,43688.950491,87377.900982,87377.900982,87377.900982
h25000-s-0.7-w0-k900-funded,USDC,25000,75000,-70.0,900,0.0,43688.663613,43688.663613,87377.327226,87377.327226,87377.327226
h25000-s-0.7-w0.25-k0-funded,USDC,25000,75000,-70.0,0,0.25,43688.950491,43688.950491,87377.900982,87377.900982,87377.900982
h25000-s-0.7-w0.25-k900-funded,USDC,25000,75000,-70.0,900,0.25,43688.663613,43688.663613,87377.327226,87377.327226,87377.327226
h25000-s-0.7-w0.5-k0-funded,USDC,25000,75000,-70.0,0,0.5,43688.950491,43688.950491,87377.900982,87377.900982,87377.900982
h25000-s-0.7-w0.5-k900-funded,USDC,25000,75000,-70.0,900,0.5,43688.663613,43688.663613,87377.327226,87377.327226,87377.327226
h100000-s-0.3-w0-k0-funded,USDC,100000,75000,-30.0,0,0.0,3771.777887,3771.777887,9177.317931,9177.317931,9177.317931
h100000-s-0.3-w0-k900-funded,USDC,100000,75000,-30.0,900,0.0,3771.83124,3771.83124,9177.389592,9177.389592,9177.389592
h100000-s-0.3-w0.25-k0-funded,USDC,100000,75000,-30.0,0,0.25,3771.777887,3771.777887,9177.317931,9177.317931,9177.317931
h100000-s-0.3-w0.25-k900-funded,USDC,100000,75000,-30.0,900,0.25,3771.83124,3771.83124,9177.389592,9177.389592,9177.389592
h100000-s-0.3-w0.5-k0-funded,USDC,100000,75000,-30.0,0,0.5,3771.777887,3771.777887,9177.317931,9177.317931,9177.317931
h100000-s-0.3-w0.5-k900-funded,USDC,100000,75000,-30.0,900,0.5,3771.83124,3771.83124,9177.389592,9177.389592,9177.389592
h100000-s-0.5-w0-k0-funded,USDC,100000,75000,-50.0,0,0.0,25065.077591,25065.077591,50130.155182,50130.155182,50130.155182
h100000-s-0.5-w0-k900-funded,USDC,100000,75000,-50.0,900,0.0,25064.591003,25064.591003,50129.182006,50129.182006,50129.182006
h100000-s-0.5-w0.25-k0-funded,USDC,100000,75000,-50.0,0,0.25,25065.077591,25065.077591,50130.155182,50130.155182,50130.155182
h100000-s-0.5-w0.25-k900-funded,USDC,100000,75000,-50.0,900,0.25,25064.591003,25064.591003,50129.182006,50129.182006,50129.182006
h100000-s-0.5-w0.5-k0-funded,USDC,100000,75000,-50.0,0,0.5,25065.077591,25065.077591,50130.155182,50130.155182,50130.155182
h100000-s-0.5-w0.5-k900-funded,USDC,100000,75000,-50.0,900,0.5,25064.591003,25064.591003,50129.182006,50129.182006,50129.182006
h100000-s-0.7-w0-k0-funded,USDC,100000,75000,-70.0,0,0.0,43717.003057,43717.003057,87434.006114,87434.006114,87434.006114
h100000-s-0.7-w0-k900-funded,USDC,100000,75000,-70.0,900,0.0,43716.664976,43716.664976,87433.329952,87433.329952,87433.329952
h100000-s-0.7-w0.25-k0-funded,USDC,100000,75000,-70.0,0,0.25,43717.003057,43717.003057,87434.006114,87434.006114,87434.006114
h100000-s-0.7-w0.25-k900-funded,USDC,100000,75000,-70.0,900,0.25,43716.664976,43716.664976,87433.329952,87433.329952,87433.329952
h100000-s-0.7-w0.5-k0-funded,USDC,100000,75000,-70.0,0,0.5,43717.003057,43717.003057,87434.006114,87434.006114,87434.006114
h100000-s-0.7-w0.5-k900-funded,USDC,100000,75000,-70.0,900,0.5,43716.664976,43716.664976,87433.329952,87433.329952,87433.329952
up-h0-s0.5-funded,SOL,0,75000,50.0,0,0.0,38.969083295,11690.724988499998,77.93816659,15587.633317999998,23381.449976999997
up-h0-s1.0-funded,SOL,0,75000,100.0,0,0.0,130.678765458,52271.50618319999,261.357530916,52271.50618319999,104543.01236639998
continuation-h0-funded,USDC,0,75000,-30.0,900,0.5,23694.942584,23694.942584,47389.885168,47389.885168,47389.885168
up-h25000-s0.5-funded,SOL,25000,75000,50.0,0,0.0,39.626251168,11887.875350400001,79.252502336,15850.500467200001,23775.750700800003
up-h25000-s1.0-funded,SOL,25000,75000,100.0,0,0.0,132.426667078,52970.666831200004,264.853334156,52970.666831200004,105941.33366240001
continuation-h25000-funded,USDC,25000,75000,-30.0,900,0.5,23887.532684,23887.532684,47775.065368,47775.065368,47775.065368
up-h100000-s0.5-funded,SOL,100000,75000,50.0,0,0.0,31.121640506,9336.4921518,63.312815014,12662.5630028,18993.844504200002
up-h100000-s1.0-funded,SOL,100000,75000,100.0,0,0.0,125.325589709,50130.2358836,250.651179418,50130.2358836,100260.4717672
continuation-h100000-funded,USDC,100000,75000,-30.0,900,0.5,23530.613989,23530.613989,47061.227978,47061.227978,47061.227978
admission-25000-funded,USDC,100000,25000,-50.0,0,0.0,7176.730857,7176.730857,14353.461714,14353.461714,14353.461714
admission-50000-funded,USDC,100000,50000,-50.0,0,0.0,16589.706739,16589.706739,33179.413478,33179.413478,33179.413478
admission-100000-funded,USDC,100000,100000,-50.0,0,0.0,32249.910049,32249.910049,64499.820098,64499.820098,64499.820098
