schedule,im_rule,tvl,pieces,exposure,outside_depth,path,half_life,terminal_age,confirm_age,withdrawal,delivery,fixed_cost,strict_floor,wallet_fraction,free_band,im_slope,critical_fraction,terminal_route,opened,original_debt,entry_mm,partials,protected_full,guarded_full,terminal_full,principal_loss,keeper_reward,hidden_route_surplus,owner_residual,debt_free_collateral_reference,insurance_funding,socialization_price_drop,max_resolution_seconds,rejected_better_terminal_output,insurance_drawn,remaining_positions,remaining_debt,unresolved_individual_shortfall,unresolved_eligible,loss_fraction,final_pool_price
depth_gentle,buffer,100000,10,0.3,0,fast,15,30,15,0,floor,0.05,False,0.5,0.2,0.1,0,dusk,10,7500,0.07,0,0,0,10,965.3661191,186.6381613,0,0,0,0,0.01329886225,20,0,500,0,0,0,0,0.1287154825,0.4007429587
depth_gentle,buffer,100000,10,0.3,0,fast,15,30,15,0,floor,0.05,True,0.5,0.2,0.1,0,dusk,10,7500,0.07,0,0,0,0,0,0,0,0,0,0,0,0,0,0,10,7500,7204.327567,10,0,0.0258587848
depth_gentle,buffer,100000,10,0.3,0,gap_flat,15,30,15,0,floor,0.05,False,0.5,0.2,0.1,0,dusk,10,7500,0.07,0,0,0,10,1877.825667,158.4177629,0,0,0,0,0.0253740932,10,0,500,0,0,0,0,0.2503767556,0.379259966
depth_gentle,buffer,100000,10,0.3,0,gap_flat,15,30,15,0,floor,0.05,True,0.5,0.2,0.1,0,dusk,10,7500,0.07,0,10,0,0,1880.137615,158.3462593,15.85843662,0,0,0,0.02520631651,260,0,500,0,0,0,0,0.2506850153,0.3790598712
depth_gentle,buffer,100000,10,0.3,0,fast,15,60,15,0,floor,0.05,False,0.5,0.2,0.1,0,dusk,10,7500,0.07,0,0,0,10,965.3661191,186.6381613,0,0,0,0,0.01329886225,20,0,500,0,0,0,0,0.1287154825,0.4007429587
depth_gentle,buffer,100000,10,0.3,0,fast,15,60,15,0,floor,0.05,True,0.5,0.2,0.1,0,dusk,10,7500,0.07,0,0,0,0,0,0,0,0,0,0,0,0,0,0,10,7500,7204.327567,10,0,0.0258587848
depth_gentle,buffer,100000,10,0.3,0,gap_flat,15,60,15,0,floor,0.05,False,0.5,0.2,0.1,0,dusk,10,7500,0.07,0,0,0,10,1877.825667,158.4177629,0,0,0,0,0.0253740932,10,0,500,0,0,0,0,0.2503767556,0.379259966
depth_gentle,buffer,100000,10,0.3,0,gap_flat,15,60,15,0,floor,0.05,True,0.5,0.2,0.1,0,dusk,10,7500,0.07,0,10,0,0,1880.137615,158.3462593,15.85843662,0,0,0,0.02520631651,260,0,500,0,0,0,0,0.2506850153,0.3790598712
depth_gentle,buffer,100000,10,0.3,0,fast,15,120,15,0,floor,0.05,False,0.5,0.2,0.1,0,dusk,10,7500,0.07,0,0,0,10,965.3661191,186.6381613,0,0,0,0,0.01329886225,20,0,500,0,0,0,0,0.1287154825,0.4007429587
depth_gentle,buffer,100000,10,0.3,0,fast,15,120,15,0,floor,0.05,True,0.5,0.2,0.1,0,dusk,10,7500,0.07,0,0,0,0,0,0,0,0,0,0,0,0,0,0,10,7500,7204.327567,10,0,0.0258587848
depth_gentle,buffer,100000,10,0.3,0,gap_flat,15,120,15,0,floor,0.05,False,0.5,0.2,0.1,0,dusk,10,7500,0.07,0,0,0,10,1877.825667,158.4177629,0,0,0,0,0.0253740932,10,0,500,0,0,0,0,0.2503767556,0.379259966
depth_gentle,buffer,100000,10,0.3,0,gap_flat,15,120,15,0,floor,0.05,True,0.5,0.2,0.1,0,dusk,10,7500,0.07,0,10,0,0,1880.137615,158.3462593,15.85843662,0,0,0,0.02520631651,260,0,500,0,0,0,0,0.2506850153,0.3790598712
depth_gentle,buffer,100000,10,0.3,0,fast,60,30,15,0,floor,0.05,False,0.5,0.2,0.1,0,dusk,10,7500,0.07,0,0,0,10,2164.881706,149.5397411,0,0,0,0,0.02727866705,30,0,500,0,0,0,0,0.2886508941,0.2928334182
depth_gentle,buffer,100000,10,0.3,0,fast,60,30,15,0,floor,0.05,True,0.5,0.2,0.1,0,dusk,10,7500,0.07,0,0,0,0,0,0,0,0,0,0,0,0,0,0,10,7500,7204.327567,10,0,0.0258587848
depth_gentle,buffer,100000,10,0.3,0,gap_flat,60,30,15,0,floor,0.05,False,0.5,0.2,0.1,0,dusk,10,7500,0.07,0,0,0,10,1882.839539,158.2626947,0,0,0,0,0.02551462678,20,0,500,0,0,0,0,0.2510452719,0.3792619314
depth_gentle,buffer,100000,10,0.3,0,gap_flat,60,30,15,0,floor,0.05,True,0.5,0.2,0.1,0,dusk,10,7500,0.07,0,10,0,0,1883.279445,158.2490893,5.039910141,0,0,0,0.02545323161,880,0,500,0,0,0,0,0.251103926,0.3791982245
depth_gentle,buffer,100000,10,0.3,0,fast,60,60,15,0,floor,0.05,False,0.5,0.2,0.1,0,dusk,10,7500,0.07,0,0,0,10,2164.881706,149.5397411,0,0,0,0,0.02727866705,30,0,500,0,0,0,0,0.2886508941,0.2928334182
depth_gentle,buffer,100000,10,0.3,0,fast,60,60,15,0,floor,0.05,True,0.5,0.2,0.1,0,dusk,10,7500,0.07,0,0,0,0,0,0,0,0,0,0,0,0,0,0,10,7500,7204.327567,10,0,0.0258587848
depth_gentle,buffer,100000,10,0.3,0,gap_flat,60,60,15,0,floor,0.05,False,0.5,0.2,0.1,0,dusk,10,7500,0.07,0,0,0,10,1882.839539,158.2626947,0,0,0,0,0.02551462678,20,0,500,0,0,0,0,0.2510452719,0.3792619314
depth_gentle,buffer,100000,10,0.3,0,gap_flat,60,60,15,0,floor,0.05,True,0.5,0.2,0.1,0,dusk,10,7500,0.07,0,10,0,0,1883.279445,158.2490893,5.039910141,0,0,0,0.02545323161,880,0,500,0,0,0,0,0.251103926,0.3791982245
depth_gentle,buffer,100000,10,0.3,0,fast,60,120,15,0,floor,0.05,False,0.5,0.2,0.1,0,dusk,10,7500,0.07,0,0,0,10,2164.881706,149.5397411,0,0,0,0,0.02727866705,30,0,500,0,0,0,0,0.2886508941,0.2928334182
depth_gentle,buffer,100000,10,0.3,0,fast,60,120,15,0,floor,0.05,True,0.5,0.2,0.1,0,dusk,10,7500,0.07,0,0,0,0,0,0,0,0,0,0,0,0,0,0,10,7500,7204.327567,10,0,0.0258587848
depth_gentle,buffer,100000,10,0.3,0,gap_flat,60,120,15,0,floor,0.05,False,0.5,0.2,0.1,0,dusk,10,7500,0.07,0,0,0,10,1882.839539,158.2626947,0,0,0,0,0.02551462678,20,0,500,0,0,0,0,0.2510452719,0.3792619314
depth_gentle,buffer,100000,10,0.3,0,gap_flat,60,120,15,0,floor,0.05,True,0.5,0.2,0.1,0,dusk,10,7500,0.07,0,10,0,0,1883.279445,158.2490893,5.039910141,0,0,0,0.02545323161,880,0,500,0,0,0,0,0.251103926,0.3791982245
depth_gentle,buffer,100000,10,0.3,0,fast,240,30,15,0,floor,0.05,False,0.5,0.2,0.1,0,dusk,10,7500,0.07,0,0,0,10,4064.3251,79.58817874,0,0,0,0,0.04011378809,30,0,500,0,0,0,0,0.5419100133,0.1305646254
depth_gentle,buffer,100000,10,0.3,0,fast,240,30,15,0,floor,0.05,True,0.5,0.2,0.1,0,dusk,10,7500,0.07,0,0,0,0,0,0,0,0,0,0,0,0,0,0,10,7500,7204.327567,10,0,0.0258587848
depth_gentle,buffer,100000,10,0.3,0,gap_flat,240,30,15,0,floor,0.05,False,0.5,0.2,0.1,0,dusk,10,7500,0.07,0,0,10,0,1794.864284,76.16188759,0,0,0,0,0.0243172969,20,0,500,0,0,0,0,0.2393152378,0.3803025354
depth_gentle,buffer,100000,10,0.3,0,gap_flat,240,30,15,0,floor,0.05,True,0.5,0.2,0.1,0,dusk,10,7500,0.07,0,0,0,0,0,0,0,0,0,0,0,0,0,0,10,7500,1324.980155,9,0,0.55
depth_gentle,buffer,100000,10,0.3,0,fast,240,60,15,0,floor,0.05,False,0.5,0.2,0.1,0,dusk,10,7500,0.07,0,0,0,10,4227.508281,85.74716657,0,0,0,0,0.04130132787,60,0,500,0,0,0,0,0.5636677708,0.1299271825
depth_gentle,buffer,100000,10,0.3,0,fast,240,60,15,0,floor,0.05,True,0.5,0.2,0.1,0,dusk,10,7500,0.07,0,0,0,0,0,0,0,0,0,0,0,0,0,0,10,7500,7204.327567,10,0,0.0258587848
depth_gentle,buffer,100000,10,0.3,0,gap_flat,240,60,15,0,floor,0.05,False,0.5,0.2,0.1,0,dusk,10,7500,0.07,0,0,10,0,1794.864284,76.16188759,0,0,0,0,0.0243172969,20,0,500,0,0,0,0,0.2393152378,0.3803025354
depth_gentle,buffer,100000,10,0.3,0,gap_flat,240,60,15,0,floor,0.05,True,0.5,0.2,0.1,0,dusk,10,7500,0.07,0,0,0,0,0,0,0,0,0,0,0,0,0,0,10,7500,1324.980155,9,0,0.55
depth_gentle,buffer,100000,10,0.3,0,fast,240,120,15,0,floor,0.05,False,0.5,0.2,0.1,0,dusk,10,7500,0.07,0,0,0,10,4227.508281,85.74716657,0,0,0,0,0.04130132787,60,0,500,0,0,0,0,0.5636677708,0.1299271825
depth_gentle,buffer,100000,10,0.3,0,fast,240,120,15,0,floor,0.05,True,0.5,0.2,0.1,0,dusk,10,7500,0.07,0,0,0,0,0,0,0,0,0,0,0,0,0,0,10,7500,7204.327567,10,0,0.0258587848
depth_gentle,buffer,100000,10,0.3,0,gap_flat,240,120,15,0,floor,0.05,False,0.5,0.2,0.1,0,dusk,10,7500,0.07,0,0,10,0,1794.864284,76.16188759,0,0,0,0,0.0243172969,20,0,500,0,0,0,0,0.2393152378,0.3803025354
depth_gentle,buffer,100000,10,0.3,0,gap_flat,240,120,15,0,floor,0.05,True,0.5,0.2,0.1,0,dusk,10,7500,0.07,0,0,0,0,0,0,0,0,0,0,0,0,0,0,10,7500,1324.980155,9,0,0.55
depth_earlier,buffer,100000,10,0.3,0,fast,15,30,15,0,floor,0.05,False,0.5,0.2,0.1,0,dusk,10,7500,0.1,0,0,0,10,946.7288779,187.2145708,0,0,0,0,0.01301659138,30,0,500,0,0,0,0,0.1262305171,0.4007789446
depth_earlier,buffer,100000,10,0.3,0,fast,15,30,15,0,floor,0.05,True,0.5,0.2,0.1,0,dusk,10,7500,0.1,0,0,0,0,0,0,0,0,0,0,0,0,0,0,10,7500,7204.327567,10,0,0.0258587848
depth_earlier,buffer,100000,10,0.3,0,gap_flat,15,30,15,0,floor,0.05,False,0.5,0.2,0.1,0,dusk,10,7500,0.1,0,0,0,10,1877.825667,158.4177629,0,0,0,0,0.0253740932,10,0,500,0,0,0,0,0.2503767556,0.379259966
depth_earlier,buffer,100000,10,0.3,0,gap_flat,15,30,15,0,floor,0.05,True,0.5,0.2,0.1,0,dusk,10,7500,0.1,0,10,0,0,1880.137615,158.3462593,15.85843662,0,0,0,0.02520631651,270,0,500,0,0,0,0,0.2506850153,0.3790598712
depth_earlier,buffer,100000,10,0.3,0,fast,15,60,15,0,floor,0.05,False,0.5,0.2,0.1,0,dusk,10,7500,0.1,0,0,0,10,965.3661191,186.6381613,0,0,0,0,0.01329886225,40,0,500,0,0,0,0,0.1287154825,0.4007429587
depth_earlier,buffer,100000,10,0.3,0,fast,15,60,15,0,floor,0.05,True,0.5,0.2,0.1,0,dusk,10,7500,0.1,0,0,0,0,0,0,0,0,0,0,0,0,0,0,10,7500,7204.327567,10,0,0.0258587848
depth_earlier,buffer,100000,10,0.3,0,gap_flat,15,60,15,0,floor,0.05,False,0.5,0.2,0.1,0,dusk,10,7500,0.1,0,0,0,10,1877.825667,158.4177629,0,0,0,0,0.0253740932,10,0,500,0,0,0,0,0.2503767556,0.379259966
depth_earlier,buffer,100000,10,0.3,0,gap_flat,15,60,15,0,floor,0.05,True,0.5,0.2,0.1,0,dusk,10,7500,0.1,0,10,0,0,1880.137615,158.3462593,15.85843662,0,0,0,0.02520631651,270,0,500,0,0,0,0,0.2506850153,0.3790598712
depth_earlier,buffer,100000,10,0.3,0,fast,15,120,15,0,floor,0.05,False,0.5,0.2,0.1,0,dusk,10,7500,0.1,0,0,0,10,965.3661191,186.6381613,0,0,0,0,0.01329886225,40,0,500,0,0,0,0,0.1287154825,0.4007429587
depth_earlier,buffer,100000,10,0.3,0,fast,15,120,15,0,floor,0.05,True,0.5,0.2,0.1,0,dusk,10,7500,0.1,0,0,0,0,0,0,0,0,0,0,0,0,0,0,10,7500,7204.327567,10,0,0.0258587848
depth_earlier,buffer,100000,10,0.3,0,gap_flat,15,120,15,0,floor,0.05,False,0.5,0.2,0.1,0,dusk,10,7500,0.1,0,0,0,10,1877.825667,158.4177629,0,0,0,0,0.0253740932,10,0,500,0,0,0,0,0.2503767556,0.379259966
depth_earlier,buffer,100000,10,0.3,0,gap_flat,15,120,15,0,floor,0.05,True,0.5,0.2,0.1,0,dusk,10,7500,0.1,0,10,0,0,1880.137615,158.3462593,15.85843662,0,0,0,0.02520631651,270,0,500,0,0,0,0,0.2506850153,0.3790598712
depth_earlier,buffer,100000,10,0.3,0,fast,60,30,15,0,floor,0.05,False,0.5,0.2,0.1,0,dusk,10,7500,0.1,0,0,0,10,2048.26738,147.5226162,0,0,0,0,0.02579776078,30,0,500,0,0,0,0,0.2731023174,0.2931547694
depth_earlier,buffer,100000,10,0.3,0,fast,60,30,15,0,floor,0.05,True,0.5,0.2,0.1,0,dusk,10,7500,0.1,0,0,0,0,0,0,0,0,0,0,0,0,0,0,10,7500,7204.327567,10,0,0.0258587848
depth_earlier,buffer,100000,10,0.3,0,gap_flat,60,30,15,0,floor,0.05,False,0.5,0.2,0.1,0,dusk,10,7500,0.1,0,0,6,4,1873.127402,150.2777494,0,0,0,0,0.02536607438,30,0,500,0,0,0,0,0.2497503203,0.3793631383
depth_earlier,buffer,100000,10,0.3,0,gap_flat,60,30,15,0,floor,0.05,True,0.5,0.2,0.1,0,dusk,10,7500,0.1,0,10,0,0,1883.279445,158.2490893,5.039910141,0,0,0,0.02545323161,900,0,500,0,0,0,0,0.251103926,0.3791982245
depth_earlier,buffer,100000,10,0.3,0,fast,60,60,15,0,floor,0.05,False,0.5,0.2,0.1,0,dusk,10,7500,0.1,0,0,0,10,2164.881706,149.5397411,0,0,0,0,0.02727866705,50,0,500,0,0,0,0,0.2886508941,0.2928334182
depth_earlier,buffer,100000,10,0.3,0,fast,60,60,15,0,floor,0.05,True,0.5,0.2,0.1,0,dusk,10,7500,0.1,0,0,0,0,0,0,0,0,0,0,0,0,0,0,10,7500,7204.327567,10,0,0.0258587848
depth_earlier,buffer,100000,10,0.3,0,gap_flat,60,60,15,0,floor,0.05,False,0.5,0.2,0.1,0,dusk,10,7500,0.1,0,0,8,2,1873.127402,150.2777494,0,0,0,0,0.02536607438,30,0,500,0,0,0,0,0.2497503203,0.3793631383
depth_earlier,buffer,100000,10,0.3,0,gap_flat,60,60,15,0,floor,0.05,True,0.5,0.2,0.1,0,dusk,10,7500,0.1,0,10,0,0,1883.279445,158.2490893,5.039910141,0,0,0,0.02545323161,900,0,500,0,0,0,0,0.251103926,0.3791982245
depth_earlier,buffer,100000,10,0.3,0,fast,60,120,15,0,floor,0.05,False,0.5,0.2,0.1,0,dusk,10,7500,0.1,0,0,0,10,2164.881706,149.5397411,0,0,0,0,0.02727866705,50,0,500,0,0,0,0,0.2886508941,0.2928334182
depth_earlier,buffer,100000,10,0.3,0,fast,60,120,15,0,floor,0.05,True,0.5,0.2,0.1,0,dusk,10,7500,0.1,0,0,0,0,0,0,0,0,0,0,0,0,0,0,10,7500,7204.327567,10,0,0.0258587848
depth_earlier,buffer,100000,10,0.3,0,gap_flat,60,120,15,0,floor,0.05,False,0.5,0.2,0.1,0,dusk,10,7500,0.1,0,0,8,2,1873.127402,150.2777494,0,0,0,0,0.02536607438,30,0,500,0,0,0,0,0.2497503203,0.3793631383
depth_earlier,buffer,100000,10,0.3,0,gap_flat,60,120,15,0,floor,0.05,True,0.5,0.2,0.1,0,dusk,10,7500,0.1,0,10,0,0,1883.279445,158.2490893,5.039910141,0,0,0,0.02545323161,900,0,500,0,0,0,0,0.251103926,0.3791982245
depth_earlier,buffer,100000,10,0.3,0,fast,240,30,15,0,floor,0.05,False,0.5,0.2,0.1,0,dusk,10,7500,0.1,0,0,0,10,3797.018829,65.81761294,0,0,0,0,0.03838669592,30,0,500,0,0,0,0,0.5062691771,0.1400218091
depth_earlier,buffer,100000,10,0.3,0,fast,240,30,15,0,floor,0.05,True,0.5,0.2,0.1,0,dusk,10,7500,0.1,0,0,0,0,0,0,0,0,0,0,0,0,0,0,10,7500,7204.327567,10,0,0.0258587848
depth_earlier,buffer,100000,10,0.3,0,gap_flat,240,30,15,0,floor,0.05,False,0.5,0.2,0.1,0,dusk,10,7500,0.1,0,0,10,0,1782.471267,64.57708243,0,0,0,0,0.02414888385,20,0,500,0,0,0,0,0.2376628356,0.3804493694
depth_earlier,buffer,100000,10,0.3,0,gap_flat,240,30,15,0,floor,0.05,True,0.5,0.2,0.1,0,dusk,10,7500,0.1,0,0,0,0,0,0,0,0,0,0,0,0,0,0,10,7500,1324.980155,10,0,0.55
depth_earlier,buffer,100000,10,0.3,0,fast,240,60,15,0,floor,0.05,False,0.5,0.2,0.1,0,dusk,10,7500,0.1,0,0,0,10,4106.26316,87.01697015,0,0,0,0,0.04028045852,60,0,500,0,0,0,0,0.5475017546,0.1303037429
depth_earlier,buffer,100000,10,0.3,0,fast,240,60,15,0,floor,0.05,True,0.5,0.2,0.1,0,dusk,10,7500,0.1,0,0,0,0,0,0,0,0,0,0,0,0,0,0,10,7500,7204.327567,10,0,0.0258587848
depth_earlier,buffer,100000,10,0.3,0,gap_flat,240,60,15,0,floor,0.05,False,0.5,0.2,0.1,0,dusk,10,7500,0.1,0,0,10,0,1782.471267,64.57708243,0,0,0,0,0.02414888385,20,0,500,0,0,0,0,0.2376628356,0.3804493694
depth_earlier,buffer,100000,10,0.3,0,gap_flat,240,60,15,0,floor,0.05,True,0.5,0.2,0.1,0,dusk,10,7500,0.1,0,0,0,0,0,0,0,0,0,0,0,0,0,0,10,7500,1324.980155,10,0,0.55
depth_earlier,buffer,100000,10,0.3,0,fast,240,120,15,0,floor,0.05,False,0.5,0.2,0.1,0,dusk,10,7500,0.1,0,0,0,10,4227.508281,85.74716657,0,0,0,0,0.04130132787,90,0,500,0,0,0,0,0.5636677708,0.1299271825
depth_earlier,buffer,100000,10,0.3,0,fast,240,120,15,0,floor,0.05,True,0.5,0.2,0.1,0,dusk,10,7500,0.1,0,0,0,0,0,0,0,0,0,0,0,0,0,0,10,7500,7204.327567,10,0,0.0258587848
depth_earlier,buffer,100000,10,0.3,0,gap_flat,240,120,15,0,floor,0.05,False,0.5,0.2,0.1,0,dusk,10,7500,0.1,0,0,10,0,1782.471267,64.57708243,0,0,0,0,0.02414888385,20,0,500,0,0,0,0,0.2376628356,0.3804493694
depth_earlier,buffer,100000,10,0.3,0,gap_flat,240,120,15,0,floor,0.05,True,0.5,0.2,0.1,0,dusk,10,7500,0.1,0,0,0,0,0,0,0,0,0,0,0,0,0,0,10,7500,1324.980155,10,0,0.55
fixed,buffer,100000,1,0.3,0,fast,60,60,15,0,floor,0.05,False,0.5,0.2,0.1,0,dusk,1,7500,0.07131327315,0,0,0,1,2676.739904,142.9874256,0,0,0,0,0.03204150873,30,0,200,0,0,0,0,0.3568986539,0.326181582
fixed,buffer,100000,1,0.3,5,fast,60,60,15,0,floor,0.05,False,0.5,0.2,0.1,0,dusk,1,7500,0.07131327315,0,0,0,1,2676.739904,142.9874256,0,0,0,0,0.03204150873,30,588.5430779,200,0,0,0,0,0.3568986539,0.326181582
fixed,buffer,100000,1,0.3,0,fast,60,60,15,0,measured,0.05,False,0.5,0.2,0.1,0,dusk,1,7500,0.07131327315,0,0,0,1,2676.739904,142.9874256,0,0,0,0,0.03204150873,30,0,200,0,0,0,0,0.3568986539,0.326181582
fixed,buffer,100000,1,0.3,5,fast,60,60,15,0,measured,0.05,False,0.5,0.2,0.1,0,dusk,1,7500,0.07131327315,0,0,0,1,2676.739904,142.9874256,0,0,0,0,0.03204150873,30,588.5430779,200,0,0,0,0,0.3568986539,0.326181582
fixed,buffer,100000,1,0.3,0,fast,60,60,15,0.5,floor,0.05,False,0.5,0.2,0.1,0,dusk,1,7500,0.07131327315,0,0,0,1,3235.191874,125.7157152,0,0,0,0,0.06809708884,30,0,200,0,0,0,0,0.4313589165,0.2088118807
fixed,buffer,100000,1,0.3,5,fast,60,60,15,0.5,floor,0.05,False,0.5,0.2,0.1,0,dusk,1,7500,0.07131327315,0,0,0,1,3235.191874,125.7157152,0,0,0,0,0.06809708884,30,1164.266758,200,0,0,0,0,0.4313589165,0.2088118807
fixed,buffer,100000,1,0.3,0,fast,60,60,15,0.5,measured,0.05,False,0.5,0.2,0.1,0,dusk,1,7500,0.07131327315,0,0,0,1,3235.191874,125.7157152,0,0,0,0,0.06809708884,30,0,200,0,0,0,0,0.4313589165,0.2088118807
fixed,buffer,100000,1,0.3,5,fast,60,60,15,0.5,measured,0.05,False,0.5,0.2,0.1,0,dusk,1,7500,0.07131327315,0,0,0,1,3235.191874,125.7157152,0,0,0,0,0.06809708884,30,1164.266758,200,0,0,0,0,0.4313589165,0.2088118807
fixed,buffer,100000,10,0.3,0,fast,60,60,15,0,floor,0.05,False,0.5,0.2,0.1,0,dusk,10,7500,0.07,0,0,0,10,2164.881706,149.5397411,0,0,0,0,0.02727866705,30,0,500,0,0,0,0,0.2886508941,0.2928334182
fixed,buffer,100000,10,0.3,5,fast,60,60,15,0,floor,0.05,False,0.5,0.2,0.1,0,dusk,10,7500,0.07,0,0,0,10,2164.881706,149.5397411,0,0,0,0,0.02727866705,30,875.5189768,500,0,0,0,0,0.2886508941,0.2928334182
fixed,buffer,100000,10,0.3,0,fast,60,60,15,0,measured,0.05,False,0.5,0.2,0.1,0,dusk,10,7500,0.07,0,0,0,10,2164.881706,149.5397411,0,0,0,0,0.02727866705,30,0,500,0,0,0,0,0.2886508941,0.2928334182
fixed,buffer,100000,10,0.3,5,fast,60,60,15,0,measured,0.05,False,0.5,0.2,0.1,0,dusk,10,7500,0.07,0,0,0,10,2164.881706,149.5397411,0,0,0,0,0.02727866705,30,875.5189768,500,0,0,0,0,0.2886508941,0.2928334182
fixed,buffer,100000,10,0.3,0,fast,60,60,15,0.5,floor,0.05,False,0.5,0.2,0.1,0,dusk,10,7500,0.07,0,0,0,10,2714.197911,132.5505801,0,0,0,0,0.06410268557,30,0,500,0,0,0,0,0.3618930548,0.2132075677
fixed,buffer,100000,10,0.3,5,fast,60,60,15,0.5,floor,0.05,False,0.5,0.2,0.1,0,dusk,10,7500,0.07,0,0,0,10,2714.197911,132.5505801,0,0,0,0,0.06410268557,30,1703.345375,500,0,0,0,0,0.3618930548,0.2132075677
fixed,buffer,100000,10,0.3,0,fast,60,60,15,0.5,measured,0.05,False,0.5,0.2,0.1,0,dusk,10,7500,0.07,0,0,0,10,2714.197911,132.5505801,0,0,0,0,0.06410268557,30,0,500,0,0,0,0,0.3618930548,0.2132075677
fixed,buffer,100000,10,0.3,5,fast,60,60,15,0.5,measured,0.05,False,0.5,0.2,0.1,0,dusk,10,7500,0.07,0,0,0,10,2714.197911,132.5505801,0,0,0,0,0.06410268557,30,1703.345375,500,0,0,0,0,0.3618930548,0.2132075677
fixed,buffer,100000,100,0.3,0,fast,60,60,15,0,floor,0.05,False,0.5,0.2,0.1,0,dusk,100,7500,0.07,0,0,0,100,2171.957474,149.3209029,0,0,0,0,0.0275609778,40,0,500,0,0,0,0,0.2895943299,0.2840709591
fixed,buffer,100000,100,0.3,5,fast,60,60,15,0,floor,0.05,False,0.5,0.2,0.1,0,dusk,100,7500,0.07,0,0,0,100,2171.957474,149.3209029,0,0,0,0,0.0275609778,40,908.6167799,500,0,0,0,0,0.2895943299,0.2840709591
fixed,buffer,100000,100,0.3,0,fast,60,60,15,0,measured,0.05,False,0.5,0.2,0.1,0,dusk,100,7500,0.07,0,0,0,100,2171.957474,149.3209029,0,0,0,0,0.0275609778,40,0,500,0,0,0,0,0.2895943299,0.2840709591
fixed,buffer,100000,100,0.3,5,fast,60,60,15,0,measured,0.05,False,0.5,0.2,0.1,0,dusk,100,7500,0.07,0,0,0,100,2171.957474,149.3209029,0,0,0,0,0.0275609778,40,908.6167799,500,0,0,0,0,0.2895943299,0.2840709591
fixed,buffer,100000,100,0.3,0,fast,60,60,15,0.5,floor,0.05,False,0.5,0.2,0.1,0,dusk,100,7500,0.07,0,0,0,100,2780.752433,130.4921928,0,0,0,0,0.0659468451,40,0,500,0,0,0,0,0.370766991,0.206388538
fixed,buffer,100000,100,0.3,5,fast,60,60,15,0.5,floor,0.05,False,0.5,0.2,0.1,0,dusk,100,7500,0.07,0,0,0,100,2780.752433,130.4921928,0,0,0,0,0.0659468451,40,1730.387286,500,0,0,0,0,0.370766991,0.206388538
fixed,buffer,100000,100,0.3,0,fast,60,60,15,0.5,measured,0.05,False,0.5,0.2,0.1,0,dusk,100,7500,0.07,0,0,0,100,2780.752433,130.4921928,0,0,0,0,0.0659468451,40,0,500,0,0,0,0,0.370766991,0.206388538
fixed,buffer,100000,100,0.3,5,fast,60,60,15,0.5,measured,0.05,False,0.5,0.2,0.1,0,dusk,100,7500,0.07,0,0,0,100,2780.752433,130.4921928,0,0,0,0,0.0659468451,40,1730.387286,500,0,0,0,0,0.370766991,0.206388538
depth_gentle,buffer,100000,1,0.3,0,fast,60,60,15,0,floor,0.05,False,0.5,0.2,0.1,0,dusk,1,7500,0.07331327315,0,0,0,1,2676.739904,142.9874256,0,0,0,0,0.03204150873,30,0,200,0,0,0,0,0.3568986539,0.326181582
depth_gentle,buffer,100000,1,0.3,5,fast,60,60,15,0,floor,0.05,False,0.5,0.2,0.1,0,dusk,1,7500,0.07331327315,0,0,0,1,2676.739904,142.9874256,0,0,0,0,0.03204150873,30,588.5430779,200,0,0,0,0,0.3568986539,0.326181582
depth_gentle,buffer,100000,1,0.3,0,fast,60,60,15,0,measured,0.05,False,0.5,0.2,0.1,0,dusk,1,7500,0.07331327315,0,0,0,1,2676.739904,142.9874256,0,0,0,0,0.03204150873,30,0,200,0,0,0,0,0.3568986539,0.326181582
depth_gentle,buffer,100000,1,0.3,5,fast,60,60,15,0,measured,0.05,False,0.5,0.2,0.1,0,dusk,1,7500,0.07331327315,0,0,0,1,2676.739904,142.9874256,0,0,0,0,0.03204150873,30,588.5430779,200,0,0,0,0,0.3568986539,0.326181582
depth_gentle,buffer,100000,1,0.3,0,fast,60,60,15,0.5,floor,0.05,False,0.5,0.2,0.1,0,dusk,1,7500,0.07331327315,0,0,0,1,3235.191874,125.7157152,0,0,0,0,0.06809708884,30,0,200,0,0,0,0,0.4313589165,0.2088118807
depth_gentle,buffer,100000,1,0.3,5,fast,60,60,15,0.5,floor,0.05,False,0.5,0.2,0.1,0,dusk,1,7500,0.07331327315,0,0,0,1,3235.191874,125.7157152,0,0,0,0,0.06809708884,30,1164.266758,200,0,0,0,0,0.4313589165,0.2088118807
depth_gentle,buffer,100000,1,0.3,0,fast,60,60,15,0.5,measured,0.05,False,0.5,0.2,0.1,0,dusk,1,7500,0.07331327315,0,0,0,1,3235.191874,125.7157152,0,0,0,0,0.06809708884,30,0,200,0,0,0,0,0.4313589165,0.2088118807
depth_gentle,buffer,100000,1,0.3,5,fast,60,60,15,0.5,measured,0.05,False,0.5,0.2,0.1,0,dusk,1,7500,0.07331327315,0,0,0,1,3235.191874,125.7157152,0,0,0,0,0.06809708884,30,1164.266758,200,0,0,0,0,0.4313589165,0.2088118807
depth_gentle,buffer,100000,10,0.3,0,fast,60,60,15,0,floor,0.05,False,0.5,0.2,0.1,0,dusk,10,7500,0.07,0,0,0,10,2164.881706,149.5397411,0,0,0,0,0.02727866705,30,0,500,0,0,0,0,0.2886508941,0.2928334182
depth_gentle,buffer,100000,10,0.3,5,fast,60,60,15,0,floor,0.05,False,0.5,0.2,0.1,0,dusk,10,7500,0.07,0,0,0,10,2164.881706,149.5397411,0,0,0,0,0.02727866705,30,875.5189768,500,0,0,0,0,0.2886508941,0.2928334182
depth_gentle,buffer,100000,10,0.3,0,fast,60,60,15,0,measured,0.05,False,0.5,0.2,0.1,0,dusk,10,7500,0.07,0,0,0,10,2164.881706,149.5397411,0,0,0,0,0.02727866705,30,0,500,0,0,0,0,0.2886508941,0.2928334182
depth_gentle,buffer,100000,10,0.3,5,fast,60,60,15,0,measured,0.05,False,0.5,0.2,0.1,0,dusk,10,7500,0.07,0,0,0,10,2164.881706,149.5397411,0,0,0,0,0.02727866705,30,875.5189768,500,0,0,0,0,0.2886508941,0.2928334182
depth_gentle,buffer,100000,10,0.3,0,fast,60,60,15,0.5,floor,0.05,False,0.5,0.2,0.1,0,dusk,10,7500,0.07,0,0,0,10,2714.197911,132.5505801,0,0,0,0,0.06410268557,30,0,500,0,0,0,0,0.3618930548,0.2132075677
depth_gentle,buffer,100000,10,0.3,5,fast,60,60,15,0.5,floor,0.05,False,0.5,0.2,0.1,0,dusk,10,7500,0.07,0,0,0,10,2714.197911,132.5505801,0,0,0,0,0.06410268557,30,1703.345375,500,0,0,0,0,0.3618930548,0.2132075677
depth_gentle,buffer,100000,10,0.3,0,fast,60,60,15,0.5,measured,0.05,False,0.5,0.2,0.1,0,dusk,10,7500,0.07,0,0,0,10,2714.197911,132.5505801,0,0,0,0,0.06410268557,30,0,500,0,0,0,0,0.3618930548,0.2132075677
depth_gentle,buffer,100000,10,0.3,5,fast,60,60,15,0.5,measured,0.05,False,0.5,0.2,0.1,0,dusk,10,7500,0.07,0,0,0,10,2714.197911,132.5505801,0,0,0,0,0.06410268557,30,1703.345375,500,0,0,0,0,0.3618930548,0.2132075677
depth_gentle,buffer,100000,100,0.3,0,fast,60,60,15,0,floor,0.05,False,0.5,0.2,0.1,0,dusk,100,7500,0.07,0,0,0,100,2171.957474,149.3209029,0,0,0,0,0.0275609778,40,0,500,0,0,0,0,0.2895943299,0.2840709591
depth_gentle,buffer,100000,100,0.3,5,fast,60,60,15,0,floor,0.05,False,0.5,0.2,0.1,0,dusk,100,7500,0.07,0,0,0,100,2171.957474,149.3209029,0,0,0,0,0.0275609778,40,908.6167799,500,0,0,0,0,0.2895943299,0.2840709591
depth_gentle,buffer,100000,100,0.3,0,fast,60,60,15,0,measured,0.05,False,0.5,0.2,0.1,0,dusk,100,7500,0.07,0,0,0,100,2171.957474,149.3209029,0,0,0,0,0.0275609778,40,0,500,0,0,0,0,0.2895943299,0.2840709591
depth_gentle,buffer,100000,100,0.3,5,fast,60,60,15,0,measured,0.05,False,0.5,0.2,0.1,0,dusk,100,7500,0.07,0,0,0,100,2171.957474,149.3209029,0,0,0,0,0.0275609778,40,908.6167799,500,0,0,0,0,0.2895943299,0.2840709591
depth_gentle,buffer,100000,100,0.3,0,fast,60,60,15,0.5,floor,0.05,False,0.5,0.2,0.1,0,dusk,100,7500,0.07,0,0,0,100,2780.752433,130.4921928,0,0,0,0,0.0659468451,40,0,500,0,0,0,0,0.370766991,0.206388538
depth_gentle,buffer,100000,100,0.3,5,fast,60,60,15,0.5,floor,0.05,False,0.5,0.2,0.1,0,dusk,100,7500,0.07,0,0,0,100,2780.752433,130.4921928,0,0,0,0,0.0659468451,40,1730.387286,500,0,0,0,0,0.370766991,0.206388538
depth_gentle,buffer,100000,100,0.3,0,fast,60,60,15,0.5,measured,0.05,False,0.5,0.2,0.1,0,dusk,100,7500,0.07,0,0,0,100,2780.752433,130.4921928,0,0,0,0,0.0659468451,40,0,500,0,0,0,0,0.370766991,0.206388538
depth_gentle,buffer,100000,100,0.3,5,fast,60,60,15,0.5,measured,0.05,False,0.5,0.2,0.1,0,dusk,100,7500,0.07,0,0,0,100,2780.752433,130.4921928,0,0,0,0,0.0659468451,40,1730.387286,500,0,0,0,0,0.370766991,0.206388538
depth_earlier,buffer,100000,1,0.3,0,fast,60,60,15,0,floor,0.05,False,0.5,0.2,0.1,0,dusk,1,7500,0.1665663658,0,0,0,1,2543.780322,147.0995777,0,0,0,0,0.03085217835,60,0,200,0,0,0,0,0.3391707096,0.3368976412
depth_earlier,buffer,100000,1,0.3,5,fast,60,60,15,0,floor,0.05,False,0.5,0.2,0.1,0,dusk,1,7500,0.1665663658,0,0,0,1,2543.780322,147.0995777,0,0,0,0,0.03085217835,60,614.4694181,200,0,0,0,0,0.3391707096,0.3368976412
depth_earlier,buffer,100000,1,0.3,0,fast,60,60,15,0,measured,0.05,False,0.5,0.2,0.1,0,dusk,1,7500,0.1665663658,0,0,0,1,2543.780322,147.0995777,0,0,0,0,0.03085217835,60,0,200,0,0,0,0,0.3391707096,0.3368976412
depth_earlier,buffer,100000,1,0.3,5,fast,60,60,15,0,measured,0.05,False,0.5,0.2,0.1,0,dusk,1,7500,0.1665663658,0,0,0,1,2543.780322,147.0995777,0,0,0,0,0.03085217835,60,614.4694181,200,0,0,0,0,0.3391707096,0.3368976412
depth_earlier,buffer,100000,1,0.3,0,fast,60,60,15,0.5,floor,0.05,False,0.5,0.2,0.1,0,dusk,1,7500,0.1665663658,0,0,0,1,3124.954648,129.125114,0,0,0,0,0.06653945454,60,0,200,0,0,0,0,0.4166606197,0.216828707
depth_earlier,buffer,100000,1,0.3,5,fast,60,60,15,0.5,floor,0.05,False,0.5,0.2,0.1,0,dusk,1,7500,0.1665663658,0,0,0,1,3124.954648,129.125114,0,0,0,0,0.06653945454,60,1213.618207,200,0,0,0,0,0.4166606197,0.216828707
depth_earlier,buffer,100000,1,0.3,0,fast,60,60,15,0.5,measured,0.05,False,0.5,0.2,0.1,0,dusk,1,7500,0.1665663658,0,0,0,1,3124.954648,129.125114,0,0,0,0,0.06653945454,60,0,200,0,0,0,0,0.4166606197,0.216828707
depth_earlier,buffer,100000,1,0.3,5,fast,60,60,15,0.5,measured,0.05,False,0.5,0.2,0.1,0,dusk,1,7500,0.1665663658,0,0,0,1,3124.954648,129.125114,0,0,0,0,0.06653945454,60,1213.618207,200,0,0,0,0,0.4166606197,0.216828707
depth_earlier,buffer,100000,10,0.3,0,fast,60,60,15,0,floor,0.05,False,0.5,0.2,0.1,0,dusk,10,7500,0.1,0,0,0,10,2164.881706,149.5397411,0,0,0,0,0.02727866705,50,0,500,0,0,0,0,0.2886508941,0.2928334182
depth_earlier,buffer,100000,10,0.3,5,fast,60,60,15,0,floor,0.05,False,0.5,0.2,0.1,0,dusk,10,7500,0.1,0,0,0,10,2164.881706,149.5397411,0,0,0,0,0.02727866705,50,875.5189768,500,0,0,0,0,0.2886508941,0.2928334182
depth_earlier,buffer,100000,10,0.3,0,fast,60,60,15,0,measured,0.05,False,0.5,0.2,0.1,0,dusk,10,7500,0.1,0,0,0,10,2164.881706,149.5397411,0,0,0,0,0.02727866705,50,0,500,0,0,0,0,0.2886508941,0.2928334182
depth_earlier,buffer,100000,10,0.3,5,fast,60,60,15,0,measured,0.05,False,0.5,0.2,0.1,0,dusk,10,7500,0.1,0,0,0,10,2164.881706,149.5397411,0,0,0,0,0.02727866705,50,875.5189768,500,0,0,0,0,0.2886508941,0.2928334182
depth_earlier,buffer,100000,10,0.3,0,fast,60,60,15,0.5,floor,0.05,False,0.5,0.2,0.1,0,dusk,10,7500,0.1,0,0,0,10,2714.197911,132.5505801,0,0,0,0,0.06410268557,50,0,500,0,0,0,0,0.3618930548,0.2132075677
depth_earlier,buffer,100000,10,0.3,5,fast,60,60,15,0.5,floor,0.05,False,0.5,0.2,0.1,0,dusk,10,7500,0.1,0,0,0,10,2714.197911,132.5505801,0,0,0,0,0.06410268557,50,1703.345375,500,0,0,0,0,0.3618930548,0.2132075677
depth_earlier,buffer,100000,10,0.3,0,fast,60,60,15,0.5,measured,0.05,False,0.5,0.2,0.1,0,dusk,10,7500,0.1,0,0,0,10,2714.197911,132.5505801,0,0,0,0,0.06410268557,50,0,500,0,0,0,0,0.3618930548,0.2132075677
depth_earlier,buffer,100000,10,0.3,5,fast,60,60,15,0.5,measured,0.05,False,0.5,0.2,0.1,0,dusk,10,7500,0.1,0,0,0,10,2714.197911,132.5505801,0,0,0,0,0.06410268557,50,1703.345375,500,0,0,0,0,0.3618930548,0.2132075677
depth_earlier,buffer,100000,100,0.3,0,fast,60,60,15,0,floor,0.05,False,0.5,0.2,0.1,0,dusk,100,7500,0.1,0,0,0,100,2171.957474,149.3209029,0,0,0,0,0.0275609778,60,0,500,0,0,0,0,0.2895943299,0.2840709591
depth_earlier,buffer,100000,100,0.3,5,fast,60,60,15,0,floor,0.05,False,0.5,0.2,0.1,0,dusk,100,7500,0.1,0,0,0,100,2171.957474,149.3209029,0,0,0,0,0.0275609778,60,908.6167799,500,0,0,0,0,0.2895943299,0.2840709591
depth_earlier,buffer,100000,100,0.3,0,fast,60,60,15,0,measured,0.05,False,0.5,0.2,0.1,0,dusk,100,7500,0.1,0,0,0,100,2171.957474,149.3209029,0,0,0,0,0.0275609778,60,0,500,0,0,0,0,0.2895943299,0.2840709591
depth_earlier,buffer,100000,100,0.3,5,fast,60,60,15,0,measured,0.05,False,0.5,0.2,0.1,0,dusk,100,7500,0.1,0,0,0,100,2171.957474,149.3209029,0,0,0,0,0.0275609778,60,908.6167799,500,0,0,0,0,0.2895943299,0.2840709591
depth_earlier,buffer,100000,100,0.3,0,fast,60,60,15,0.5,floor,0.05,False,0.5,0.2,0.1,0,dusk,100,7500,0.1,0,0,0,100,2780.752433,130.4921928,0,0,0,0,0.0659468451,60,0,500,0,0,0,0,0.370766991,0.206388538
depth_earlier,buffer,100000,100,0.3,5,fast,60,60,15,0.5,floor,0.05,False,0.5,0.2,0.1,0,dusk,100,7500,0.1,0,0,0,100,2780.752433,130.4921928,0,0,0,0,0.0659468451,60,1730.387286,500,0,0,0,0,0.370766991,0.206388538
depth_earlier,buffer,100000,100,0.3,0,fast,60,60,15,0.5,measured,0.05,False,0.5,0.2,0.1,0,dusk,100,7500,0.1,0,0,0,100,2780.752433,130.4921928,0,0,0,0,0.0659468451,60,0,500,0,0,0,0,0.370766991,0.206388538
depth_earlier,buffer,100000,100,0.3,5,fast,60,60,15,0.5,measured,0.05,False,0.5,0.2,0.1,0,dusk,100,7500,0.1,0,0,0,100,2780.752433,130.4921928,0,0,0,0,0.0659468451,60,1730.387286,500,0,0,0,0,0.370766991,0.206388538
stack_earlier,buffer,100000,1,0.3,0,fast,60,60,15,0,floor,0.05,False,0.5,0.2,0.1,0,dusk,1,7500,0.1665663658,0,0,0,1,2543.780322,147.0995777,0,0,0,0,0.03085217835,60,0,200,0,0,0,0,0.3391707096,0.3368976412
stack_earlier,buffer,100000,1,0.3,5,fast,60,60,15,0,floor,0.05,False,0.5,0.2,0.1,0,dusk,1,7500,0.1665663658,0,0,0,1,2543.780322,147.0995777,0,0,0,0,0.03085217835,60,614.4694181,200,0,0,0,0,0.3391707096,0.3368976412
stack_earlier,buffer,100000,1,0.3,0,fast,60,60,15,0,measured,0.05,False,0.5,0.2,0.1,0,dusk,1,7500,0.1665663658,0,0,0,1,2543.780322,147.0995777,0,0,0,0,0.03085217835,60,0,200,0,0,0,0,0.3391707096,0.3368976412
stack_earlier,buffer,100000,1,0.3,5,fast,60,60,15,0,measured,0.05,False,0.5,0.2,0.1,0,dusk,1,7500,0.1665663658,0,0,0,1,2543.780322,147.0995777,0,0,0,0,0.03085217835,60,614.4694181,200,0,0,0,0,0.3391707096,0.3368976412
stack_earlier,buffer,100000,1,0.3,0,fast,60,60,15,0.5,floor,0.05,False,0.5,0.2,0.1,0,dusk,1,7500,0.1665663658,0,0,0,1,3124.954648,129.125114,0,0,0,0,0.06653945454,60,0,200,0,0,0,0,0.4166606197,0.216828707
stack_earlier,buffer,100000,1,0.3,5,fast,60,60,15,0.5,floor,0.05,False,0.5,0.2,0.1,0,dusk,1,7500,0.1665663658,0,0,0,1,3124.954648,129.125114,0,0,0,0,0.06653945454,60,1213.618207,200,0,0,0,0,0.4166606197,0.216828707
stack_earlier,buffer,100000,1,0.3,0,fast,60,60,15,0.5,measured,0.05,False,0.5,0.2,0.1,0,dusk,1,7500,0.1665663658,0,0,0,1,3124.954648,129.125114,0,0,0,0,0.06653945454,60,0,200,0,0,0,0,0.4166606197,0.216828707
stack_earlier,buffer,100000,1,0.3,5,fast,60,60,15,0.5,measured,0.05,False,0.5,0.2,0.1,0,dusk,1,7500,0.1665663658,0,0,0,1,3124.954648,129.125114,0,0,0,0,0.06653945454,60,1213.618207,200,0,0,0,0,0.4166606197,0.216828707
stack_earlier,buffer,100000,10,0.3,0,fast,60,60,15,0,floor,0.05,False,0.5,0.2,0.1,0,dusk,8,6000,0.1537422361,0,0,0,8,1349.709697,121.4116307,0,0,0,0,0.0166106215,60,0,500,0,0,0,0,0.2249516161,0.3059271827
stack_earlier,buffer,100000,10,0.3,5,fast,60,60,15,0,floor,0.05,False,0.5,0.2,0.1,0,dusk,8,6000,0.1537422361,0,0,0,8,1349.709697,121.4116307,0,0,0,0,0.0166106215,60,583.3578371,500,0,0,0,0,0.2249516161,0.3059271827
stack_earlier,buffer,100000,10,0.3,0,fast,60,60,15,0,measured,0.05,False,0.5,0.2,0.1,0,dusk,8,6000,0.1537422361,0,0,0,8,1349.709697,121.4116307,0,0,0,0,0.0166106215,60,0,500,0,0,0,0,0.2249516161,0.3059271827
stack_earlier,buffer,100000,10,0.3,5,fast,60,60,15,0,measured,0.05,False,0.5,0.2,0.1,0,dusk,8,6000,0.1537422361,0,0,0,8,1349.709697,121.4116307,0,0,0,0,0.0166106215,60,583.3578371,500,0,0,0,0,0.2249516161,0.3059271827
stack_earlier,buffer,100000,10,0.3,0,fast,60,60,15,0.5,floor,0.05,False,0.5,0.2,0.1,0,dusk,8,6000,0.1537422361,0,0,0,8,1757.047404,110.6588809,0,0,0,0,0.04078168056,60,0,500,0,0,0,0,0.2928412341,0.2365644261
stack_earlier,buffer,100000,10,0.3,5,fast,60,60,15,0.5,floor,0.05,False,0.5,0.2,0.1,0,dusk,8,6000,0.1537422361,0,0,0,8,1757.047404,110.6588809,0,0,0,0,0.04078168056,60,1130.961549,500,0,0,0,0,0.2928412341,0.2365644261
stack_earlier,buffer,100000,10,0.3,0,fast,60,60,15,0.5,measured,0.05,False,0.5,0.2,0.1,0,dusk,8,6000,0.1537422361,0,0,0,8,1757.047404,110.6588809,0,0,0,0,0.04078168056,60,0,500,0,0,0,0,0.2928412341,0.2365644261
stack_earlier,buffer,100000,10,0.3,5,fast,60,60,15,0.5,measured,0.05,False,0.5,0.2,0.1,0,dusk,8,6000,0.1537422361,0,0,0,8,1757.047404,110.6588809,0,0,0,0,0.04078168056,60,1130.961549,500,0,0,0,0,0.2928412341,0.2365644261
stack_earlier,buffer,100000,100,0.3,0,fast,60,60,15,0,floor,0.05,False,0.5,0.2,0.1,0,dusk,80,6000,0.1529887221,0,0,0,80,1345.287239,121.3494161,0,0,0,0,0.01665211378,60,0,500,0,0,0,0,0.2242145398,0.3059553088
stack_earlier,buffer,100000,100,0.3,5,fast,60,60,15,0,floor,0.05,False,0.5,0.2,0.1,0,dusk,80,6000,0.1529887221,0,0,0,80,1345.287239,121.3494161,0,0,0,0,0.01665211378,60,608.540482,500,0,0,0,0,0.2242145398,0.3059553088
stack_earlier,buffer,100000,100,0.3,0,fast,60,60,15,0,measured,0.05,False,0.5,0.2,0.1,0,dusk,80,6000,0.1529887221,0,0,0,80,1345.287239,121.3494161,0,0,0,0,0.01665211378,60,0,500,0,0,0,0,0.2242145398,0.3059553088
stack_earlier,buffer,100000,100,0.3,5,fast,60,60,15,0,measured,0.05,False,0.5,0.2,0.1,0,dusk,80,6000,0.1529887221,0,0,0,80,1345.287239,121.3494161,0,0,0,0,0.01665211378,60,608.540482,500,0,0,0,0,0.2242145398,0.3059553088
stack_earlier,buffer,100000,100,0.3,0,fast,60,60,15,0.5,floor,0.05,False,0.5,0.2,0.1,0,dusk,80,6000,0.1529887221,0,0,0,80,1779.452133,109.2545502,0,0,0,0,0.04154073927,60,0,500,0,0,0,0,0.2965753555,0.2364741108
stack_earlier,buffer,100000,100,0.3,5,fast,60,60,15,0.5,floor,0.05,False,0.5,0.2,0.1,0,dusk,80,6000,0.1529887221,0,0,0,80,1779.452133,109.2545502,0,0,0,0,0.04154073927,60,1162.900818,500,0,0,0,0,0.2965753555,0.2364741108
stack_earlier,buffer,100000,100,0.3,0,fast,60,60,15,0.5,measured,0.05,False,0.5,0.2,0.1,0,dusk,80,6000,0.1529887221,0,0,0,80,1779.452133,109.2545502,0,0,0,0,0.04154073927,60,0,500,0,0,0,0,0.2965753555,0.2364741108
stack_earlier,buffer,100000,100,0.3,5,fast,60,60,15,0.5,measured,0.05,False,0.5,0.2,0.1,0,dusk,80,6000,0.1529887221,0,0,0,80,1779.452133,109.2545502,0,0,0,0,0.04154073927,60,1162.900818,500,0,0,0,0,0.2965753555,0.2364741108
depth_earlier,buffer,100,10,0.3,0,gap_flat,60,60,15,0,floor,0.05,False,0.5,0.2,0.1,0,dusk,10,7.5,0.1,0,0,0,0,0,0,0,0,0,0,0,0,0,0,10,7.5,1.324980155,10,0,0.55
depth_earlier,buffer,1000,10,0.3,0,gap_flat,60,60,15,0,floor,0.05,False,0.5,0.2,0.1,0,dusk,10,75,0.1,0,0,8,2,18.73127402,1.502777494,0,0,0,0,0.02536607438,30,0,5,0,0,0,0,0.2497503203,0.3793631383
depth_earlier,buffer,100000,10,0.3,0,gap_flat,60,60,15,0,floor,0.05,False,0.5,0.2,0.1,0,dusk,10,7500,0.1,0,0,8,2,1873.127402,150.2777494,0,0,0,0,0.02536607438,30,0,500,0,0,0,0,0.2497503203,0.3793631383
depth_earlier,buffer,100,10,0.3,0,gap_flat,60,60,15,0,floor,1,False,0.5,0.2,0.1,0,dusk,10,7.5,0.1,0,0,0,0,0,0,0,0,0,0,0,0,0,0,10,7.5,1.324980155,10,0,0.55
depth_earlier,buffer,1000,10,0.3,0,gap_flat,60,60,15,0,floor,1,False,0.5,0.2,0.1,0,dusk,10,75,0.1,0,0,0,0,0,0,0,0,0,0,0,0,0,0,10,75,13.24980155,10,0,0.55
depth_earlier,buffer,100000,10,0.3,0,gap_flat,60,60,15,0,floor,1,False,0.5,0.2,0.1,0,dusk,10,7500,0.1,0,0,8,2,1873.127402,150.2777494,0,0,0,0,0.02536607438,30,0,500,0,0,0,0,0.2497503203,0.3793631383
depth_earlier,buffer,100,10,0.3,0,gap_flat,60,60,15,0,floor,5,False,0.5,0.2,0.1,0,dusk,10,7.5,0.1,0,0,0,0,0,0,0,0,0,0,0,0,0,0,10,7.5,1.324980155,10,0,0.55
depth_earlier,buffer,1000,10,0.3,0,gap_flat,60,60,15,0,floor,5,False,0.5,0.2,0.1,0,dusk,10,75,0.1,0,0,0,0,0,0,0,0,0,0,0,0,0,0,10,75,13.24980155,10,0,0.55
depth_earlier,buffer,100000,10,0.3,0,gap_flat,60,60,15,0,floor,5,False,0.5,0.2,0.1,0,dusk,10,7500,0.1,0,0,8,2,1873.127402,150.2777494,0,0,0,0,0.02536607438,30,0,500,0,0,0,0,0.2497503203,0.3793631383
depth_gentle,buffer,100000,10,0.3,0,fast,60,60,15,0,floor,0.05,False,0.5,0.2,0.1,0,dusk,10,7500,0.07,0,0,0,10,2164.881706,149.5397411,0,0,0,0,0.02727866705,30,0,500,0,0,0,0,0.2886508941,0.2928334182
depth_gentle,buffer,100000,10,0.3,0,fast,60,60,15,0,measured,0.05,False,0.5,0.2,0.1,0,dusk,10,7500,0.07,0,0,0,10,2164.881706,149.5397411,0,0,0,0,0.02727866705,30,0,500,0,0,0,0,0.2886508941,0.2928334182
depth_gentle,buffer,100000,10,0.3,0,fast,60,60,15,0,floor,0.05,False,0.5,0.2,0.1,0,internal_minimum,10,7500,0.07,0,0,0,10,2164.881706,149.5397411,0,0,0,0,0.02727866705,30,0,500,0,0,0,0,0.2886508941,0.2928334182
depth_gentle,buffer,100000,10,0.3,0,fast,60,60,15,0,measured,0.05,False,0.5,0.2,0.1,0,internal_minimum,10,7500,0.07,0,0,0,10,2164.881706,149.5397411,0,0,0,0,0.02727866705,30,0,500,0,0,0,0,0.2886508941,0.2928334182
depth_gentle,buffer,100000,10,0.3,1,fast,60,60,15,0,floor,0.05,False,0.5,0.2,0.1,0,dusk,10,7500,0.07,0,0,0,10,2164.881706,149.5397411,0,0,0,0,0.02727866705,30,799.7976407,500,0,0,0,0,0.2886508941,0.2928334182
depth_gentle,buffer,100000,10,0.3,1,fast,60,60,15,0,measured,0.05,False,0.5,0.2,0.1,0,dusk,10,7500,0.07,0,0,0,10,2164.881706,149.5397411,0,0,0,0,0.02727866705,30,799.7976407,500,0,0,0,0,0.2886508941,0.2928334182
depth_gentle,buffer,100000,10,0.3,1,fast,60,60,15,0,floor,0.05,False,0.5,0.2,0.1,0,internal_minimum,10,7500,0.07,0,0,0,10,1699.239865,163.9410351,80.76139584,0,0,0,0.02299413118,30,0,500,0,0,0,0,0.2265653154,0.3582714718
depth_gentle,buffer,100000,10,0.3,1,fast,60,60,15,0,measured,0.05,False,0.5,0.2,0.1,0,internal_minimum,10,7500,0.07,0,0,0,10,1620.901311,166.363877,0,0,0,0,0.0219764573,30,0,500,0,0,0,0,0.2161201748,0.3591838962
depth_gentle,buffer,100000,10,0.3,5,fast,60,60,15,0,floor,0.05,False,0.5,0.2,0.1,0,dusk,10,7500,0.07,0,0,0,10,2164.881706,149.5397411,0,0,0,0,0.02727866705,30,875.5189768,500,0,0,0,0,0.2886508941,0.2928334182
depth_gentle,buffer,100000,10,0.3,5,fast,60,60,15,0,measured,0.05,False,0.5,0.2,0.1,0,dusk,10,7500,0.07,0,0,0,10,2164.881706,149.5397411,0,0,0,0,0.02727866705,30,875.5189768,500,0,0,0,0,0.2886508941,0.2928334182
depth_gentle,buffer,100000,10,0.3,5,fast,60,60,15,0,floor,0.05,False,0.5,0.2,0.1,0,internal_minimum,10,7500,0.07,0,0,0,10,1699.239865,163.9410351,151.4972136,0,0,0,0.02299413118,30,0,500,0,0,0,0,0.2265653154,0.3582714718
depth_gentle,buffer,100000,10,0.3,5,fast,60,60,15,0,measured,0.05,False,0.5,0.2,0.1,0,internal_minimum,10,7500,0.07,0,0,0,10,1552.287568,168.4859515,0,0,0,0,0.0210166559,30,0,500,0,0,0,0,0.2069716757,0.3599288158
depth_gentle,buffer,100000,10,0.3,0,fast,60,60,15,0,floor,0.05,False,0.5,0.2,0.1,0.5,dusk,10,7500,0.07,0,0,0,10,1945.679307,132.2509437,0,0,0,0,0.02485918706,20,0,500,0,0,0,0,0.2594239077,0.3027292651
depth_gentle,buffer,100000,10,0.3,0,fast,60,60,15,0,measured,0.05,False,0.5,0.2,0.1,0.5,dusk,10,7500,0.07,0,0,0,10,1945.679307,132.2509437,0,0,0,0,0.02485918706,20,0,500,0,0,0,0,0.2594239077,0.3027292651
depth_gentle,buffer,100000,10,0.3,0,fast,60,60,15,0,floor,0.05,False,0.5,0.2,0.1,0.5,internal_minimum,10,7500,0.07,0,0,0,10,1945.679307,132.2509437,0,0,0,0,0.02485918706,20,0,500,0,0,0,0,0.2594239077,0.3027292651
depth_gentle,buffer,100000,10,0.3,0,fast,60,60,15,0,measured,0.05,False,0.5,0.2,0.1,0.5,internal_minimum,10,7500,0.07,0,0,0,10,1945.679307,132.2509437,0,0,0,0,0.02485918706,20,0,500,0,0,0,0,0.2594239077,0.3027292651
depth_gentle,buffer,100000,10,0.3,1,fast,60,60,15,0,floor,0.05,False,0.5,0.2,0.1,0.5,dusk,10,7500,0.07,0,0,0,10,1945.679307,132.2509437,0,0,0,0,0.02485918706,20,829.5111428,500,0,0,0,0,0.2594239077,0.3027292651
depth_gentle,buffer,100000,10,0.3,1,fast,60,60,15,0,measured,0.05,False,0.5,0.2,0.1,0.5,dusk,10,7500,0.07,0,0,0,10,1945.679307,132.2509437,0,0,0,0,0.02485918706,20,829.5111428,500,0,0,0,0,0.2594239077,0.3027292651
depth_gentle,buffer,100000,10,0.3,1,fast,60,60,15,0,floor,0.05,False,0.5,0.2,0.1,0.5,internal_minimum,10,7500,0.07,0,0,0,10,1478.975624,141.9968064,69.52186251,0,0,0,0.02027846108,20,0,500,0,0,0,0,0.1971967499,0.3836429359
depth_gentle,buffer,100000,10,0.3,1,fast,60,60,15,0,measured,0.05,False,0.5,0.2,0.1,0.5,internal_minimum,10,7500,0.07,0,0,0,10,1411.041487,143.5845315,0,0,0,0,0.01938231796,20,0,500,0,0,0,0,0.1881388649,0.3844705103
depth_gentle,buffer,100000,10,0.3,5,fast,60,60,15,0,floor,0.05,False,0.5,0.2,0.1,0.5,dusk,10,7500,0.07,0,0,0,10,1945.679307,132.2509437,0,0,0,0,0.02485918706,20,909.8540592,500,0,0,0,0,0.2594239077,0.3027292651
depth_gentle,buffer,100000,10,0.3,5,fast,60,60,15,0,measured,0.05,False,0.5,0.2,0.1,0.5,dusk,10,7500,0.07,0,0,0,10,1945.679307,132.2509437,0,0,0,0,0.02485918706,20,909.8540592,500,0,0,0,0,0.2594239077,0.3027292651
depth_gentle,buffer,100000,10,0.3,5,fast,60,60,15,0,floor,0.05,False,0.5,0.2,0.1,0.5,internal_minimum,10,7500,0.07,0,0,0,10,1478.975624,141.9968064,143.9123846,0,0,0,0.02027846108,20,0,500,0,0,0,0,0.1971967499,0.3836429359
depth_gentle,buffer,100000,10,0.3,5,fast,60,60,15,0,measured,0.05,False,0.5,0.2,0.1,0.5,internal_minimum,10,7500,0.07,0,0,0,10,1337.867337,144.8009038,0,0,0,0,0.01834482874,20,0,500,0,0,0,0,0.1783823116,0.3853029596
depth_gentle,buffer,100000,10,0.3,0,fast,60,60,15,0,floor,0.05,False,0.5,0.2,0.1,1,dusk,10,7500,0.07,0,0,0,10,1608.529579,61.01554212,0,0,0,0,0.02069929616,0,0,500,0,0,0,0,0.2144706105,0.3232610062
depth_gentle,buffer,100000,10,0.3,0,fast,60,60,15,0,measured,0.05,False,0.5,0.2,0.1,1,dusk,10,7500,0.07,0,0,0,10,1608.529579,61.01554212,0,0,0,0,0.02069929616,0,0,500,0,0,0,0,0.2144706105,0.3232610062
depth_gentle,buffer,100000,10,0.3,0,fast,60,60,15,0,floor,0.05,False,0.5,0.2,0.1,1,internal_minimum,10,7500,0.07,0,0,0,10,1608.529579,61.01554212,0,0,0,0,0.02069929616,0,0,500,0,0,0,0,0.2144706105,0.3232610062
depth_gentle,buffer,100000,10,0.3,0,fast,60,60,15,0,measured,0.05,False,0.5,0.2,0.1,1,internal_minimum,10,7500,0.07,0,0,0,10,1608.529579,61.01554212,0,0,0,0,0.02069929616,0,0,500,0,0,0,0,0.2144706105,0.3232610062
depth_gentle,buffer,100000,10,0.3,1,fast,60,60,15,0,floor,0.05,False,0.5,0.2,0.1,1,dusk,10,7500,0.07,0,0,0,10,1608.529579,61.01554212,0,0,0,0,0.02069929616,0,861.3756557,500,0,0,0,0,0.2144706105,0.3232610062
depth_gentle,buffer,100000,10,0.3,1,fast,60,60,15,0,measured,0.05,False,0.5,0.2,0.1,1,dusk,10,7500,0.07,0,0,0,10,1608.529579,61.01554212,0,0,0,0,0.02069929616,0,861.3756557,500,0,0,0,0,0.2144706105,0.3232610062
depth_gentle,buffer,100000,10,0.3,1,fast,60,60,15,0,floor,0.05,False,0.5,0.2,0.1,1,internal_minimum,10,7500,0.07,0,0,0,10,1006.40778,37.53917112,40.46746037,0,0,0,0.01396260135,0,0,500,0,0,0,0,0.134187704,0.4013795767
depth_gentle,buffer,100000,10,0.3,1,fast,60,60,15,0,measured,0.05,False,0.5,0.2,0.1,1,internal_minimum,10,7500,0.07,0,0,0,10,966.1249147,37.723766,0,0,0,0,0.01342274802,0,0,500,0,0,0,0,0.1288166553,0.4018773861
depth_gentle,buffer,100000,10,0.3,5,fast,60,60,15,0,floor,0.05,False,0.5,0.2,0.1,1,dusk,10,7500,0.07,0,0,0,10,1608.529579,61.01554212,0,0,0,0,0.02069929616,0,947.7180266,500,0,0,0,0,0.2144706105,0.3232610062
depth_gentle,buffer,100000,10,0.3,5,fast,60,60,15,0,measured,0.05,False,0.5,0.2,0.1,1,dusk,10,7500,0.07,0,0,0,10,1608.529579,61.01554212,0,0,0,0,0.02069929616,0,947.7180266,500,0,0,0,0,0.2144706105,0.3232610062
depth_gentle,buffer,100000,10,0.3,5,fast,60,60,15,0,floor,0.05,False,0.5,0.2,0.1,1,internal_minimum,10,7500,0.07,0,0,0,10,1006.40778,37.53917112,121.5226498,0,0,0,0.01396260135,0,0,500,0,0,0,0,0.134187704,0.4013795767
depth_gentle,buffer,100000,10,0.3,5,fast,60,60,15,0,measured,0.05,False,0.5,0.2,0.1,1,internal_minimum,10,7500,0.07,0,0,0,10,884.9805015,37.63454227,0,0,0,0,0.01225623278,0,0,500,0,0,0,0,0.1179974002,0.4028143176
depth_earlier,buffer,100000,10,0.3,0,fast,60,60,15,0,floor,0.05,False,0.5,0.2,0.1,0,dusk,10,7500,0.1,0,0,0,10,2164.881706,149.5397411,0,0,0,0,0.02727866705,50,0,500,0,0,0,0,0.2886508941,0.2928334182
depth_earlier,buffer,100000,10,0.3,0,fast,60,60,15,0,measured,0.05,False,0.5,0.2,0.1,0,dusk,10,7500,0.1,0,0,0,10,2164.881706,149.5397411,0,0,0,0,0.02727866705,50,0,500,0,0,0,0,0.2886508941,0.2928334182
depth_earlier,buffer,100000,10,0.3,0,fast,60,60,15,0,floor,0.05,False,0.5,0.2,0.1,0,internal_minimum,10,7500,0.1,0,0,0,10,2164.881706,149.5397411,0,0,0,0,0.02727866705,50,0,500,0,0,0,0,0.2886508941,0.2928334182
depth_earlier,buffer,100000,10,0.3,0,fast,60,60,15,0,measured,0.05,False,0.5,0.2,0.1,0,internal_minimum,10,7500,0.1,0,0,0,10,2164.881706,149.5397411,0,0,0,0,0.02727866705,50,0,500,0,0,0,0,0.2886508941,0.2928334182
depth_earlier,buffer,100000,10,0.3,1,fast,60,60,15,0,floor,0.05,False,0.5,0.2,0.1,0,dusk,10,7500,0.1,0,0,0,10,2164.881706,149.5397411,0,0,0,0,0.02727866705,50,799.7976407,500,0,0,0,0,0.2886508941,0.2928334182
depth_earlier,buffer,100000,10,0.3,1,fast,60,60,15,0,measured,0.05,False,0.5,0.2,0.1,0,dusk,10,7500,0.1,0,0,0,10,2164.881706,149.5397411,0,0,0,0,0.02727866705,50,799.7976407,500,0,0,0,0,0.2886508941,0.2928334182
depth_earlier,buffer,100000,10,0.3,1,fast,60,60,15,0,floor,0.05,False,0.5,0.2,0.1,0,internal_minimum,10,7500,0.1,0,0,0,10,1699.239865,163.9410351,80.76139584,0,0,0,0.02299413118,50,0,500,0,0,0,0,0.2265653154,0.3582714718
depth_earlier,buffer,100000,10,0.3,1,fast,60,60,15,0,measured,0.05,False,0.5,0.2,0.1,0,internal_minimum,10,7500,0.1,0,0,0,10,1620.901311,166.363877,0,0,0,0,0.0219764573,50,0,500,0,0,0,0,0.2161201748,0.3591838962
depth_earlier,buffer,100000,10,0.3,5,fast,60,60,15,0,floor,0.05,False,0.5,0.2,0.1,0,dusk,10,7500,0.1,0,0,0,10,2164.881706,149.5397411,0,0,0,0,0.02727866705,50,875.5189768,500,0,0,0,0,0.2886508941,0.2928334182
depth_earlier,buffer,100000,10,0.3,5,fast,60,60,15,0,measured,0.05,False,0.5,0.2,0.1,0,dusk,10,7500,0.1,0,0,0,10,2164.881706,149.5397411,0,0,0,0,0.02727866705,50,875.5189768,500,0,0,0,0,0.2886508941,0.2928334182
depth_earlier,buffer,100000,10,0.3,5,fast,60,60,15,0,floor,0.05,False,0.5,0.2,0.1,0,internal_minimum,10,7500,0.1,0,0,0,10,1699.239865,163.9410351,151.4972136,0,0,0,0.02299413118,50,0,500,0,0,0,0,0.2265653154,0.3582714718
depth_earlier,buffer,100000,10,0.3,5,fast,60,60,15,0,measured,0.05,False,0.5,0.2,0.1,0,internal_minimum,10,7500,0.1,0,0,0,10,1552.287568,168.4859515,0,0,0,0,0.0210166559,50,0,500,0,0,0,0,0.2069716757,0.3599288158
depth_earlier,buffer,100000,10,0.3,0,fast,60,60,15,0,floor,0.05,False,0.5,0.2,0.1,0.5,dusk,10,7500,0.1,0,0,0,10,1785.526254,119.1126769,0,0,0,0,0.0229277557,30,0,500,0,0,0,0,0.2380701672,0.3126458834
depth_earlier,buffer,100000,10,0.3,0,fast,60,60,15,0,measured,0.05,False,0.5,0.2,0.1,0.5,dusk,10,7500,0.1,0,0,0,10,1785.526254,119.1126769,0,0,0,0,0.0229277557,30,0,500,0,0,0,0,0.2380701672,0.3126458834
depth_earlier,buffer,100000,10,0.3,0,fast,60,60,15,0,floor,0.05,False,0.5,0.2,0.1,0.5,internal_minimum,10,7500,0.1,0,0,0,10,1785.526254,119.1126769,0,0,0,0,0.0229277557,30,0,500,0,0,0,0,0.2380701672,0.3126458834
depth_earlier,buffer,100000,10,0.3,0,fast,60,60,15,0,measured,0.05,False,0.5,0.2,0.1,0.5,internal_minimum,10,7500,0.1,0,0,0,10,1785.526254,119.1126769,0,0,0,0,0.0229277557,30,0,500,0,0,0,0,0.2380701672,0.3126458834
depth_earlier,buffer,100000,10,0.3,1,fast,60,60,15,0,floor,0.05,False,0.5,0.2,0.1,0.5,dusk,10,7500,0.1,0,0,0,10,1785.526254,119.1126769,0,0,0,0,0.0229277557,30,847.8080253,500,0,0,0,0,0.2380701672,0.3126458834
depth_earlier,buffer,100000,10,0.3,1,fast,60,60,15,0,measured,0.05,False,0.5,0.2,0.1,0.5,dusk,10,7500,0.1,0,0,0,10,1785.526254,119.1126769,0,0,0,0,0.0229277557,30,847.8080253,500,0,0,0,0,0.2380701672,0.3126458834
depth_earlier,buffer,100000,10,0.3,1,fast,60,60,15,0,floor,0.05,False,0.5,0.2,0.1,0.5,internal_minimum,10,7500,0.1,0,0,0,10,1291.059795,124.8822694,57.09455011,0,0,0,0.01782007186,30,0,500,0,0,0,0,0.172141306,0.385949394
depth_earlier,buffer,100000,10,0.3,1,fast,60,60,15,0,measured,0.05,False,0.5,0.2,0.1,0.5,internal_minimum,10,7500,0.1,0,0,0,10,1235.145013,126.0620378,0,0,0,0,0.01707671836,30,0,500,0,0,0,0,0.1646860018,0.3866253746
depth_earlier,buffer,100000,10,0.3,5,fast,60,60,15,0,floor,0.05,False,0.5,0.2,0.1,0.5,dusk,10,7500,0.1,0,0,0,10,1785.526254,119.1126769,0,0,0,0,0.0229277557,30,931.4488246,500,0,0,0,0,0.2380701672,0.3126458834
depth_earlier,buffer,100000,10,0.3,5,fast,60,60,15,0,measured,0.05,False,0.5,0.2,0.1,0.5,dusk,10,7500,0.1,0,0,0,10,1785.526254,119.1126769,0,0,0,0,0.0229277557,30,931.4488246,500,0,0,0,0,0.2380701672,0.3126458834
depth_earlier,buffer,100000,10,0.3,5,fast,60,60,15,0,floor,0.05,False,0.5,0.2,0.1,0.5,internal_minimum,10,7500,0.1,0,0,0,10,1291.059795,124.8822694,134.5530256,0,0,0,0.01782007186,30,0,500,0,0,0,0,0.172141306,0.385949394
depth_earlier,buffer,100000,10,0.3,5,fast,60,60,15,0,measured,0.05,False,0.5,0.2,0.1,0.5,internal_minimum,10,7500,0.1,0,0,0,10,1158.892162,127.2676617,0,0,0,0,0.01598501107,30,0,500,0,0,0,0,0.1545189549,0.3874840595
depth_earlier,buffer,100000,10,0.3,0,fast,60,60,15,0,floor,0.05,False,0.5,0.2,0.1,1,dusk,10,7500,0.1,0,0,0,10,1320.824442,49.06274525,0,0,0,0,0.01704461819,0,0,500,0,0,0,0,0.1761099256,0.3340899181
depth_earlier,buffer,100000,10,0.3,0,fast,60,60,15,0,measured,0.05,False,0.5,0.2,0.1,1,dusk,10,7500,0.1,0,0,0,10,1320.824442,49.06274525,0,0,0,0,0.01704461819,0,0,500,0,0,0,0,0.1761099256,0.3340899181
depth_earlier,buffer,100000,10,0.3,0,fast,60,60,15,0,floor,0.05,False,0.5,0.2,0.1,1,internal_minimum,10,7500,0.1,0,0,0,10,1320.824442,49.06274525,0,0,0,0,0.01704461819,0,0,500,0,0,0,0,0.1761099256,0.3340899181
depth_earlier,buffer,100000,10,0.3,0,fast,60,60,15,0,measured,0.05,False,0.5,0.2,0.1,1,internal_minimum,10,7500,0.1,0,0,0,10,1320.824442,49.06274525,0,0,0,0,0.01704461819,0,0,500,0,0,0,0,0.1761099256,0.3340899181
depth_earlier,buffer,100000,10,0.3,1,fast,60,60,15,0,floor,0.05,False,0.5,0.2,0.1,1,dusk,10,7500,0.1,0,0,0,10,1320.824442,49.06274525,0,0,0,0,0.01704461819,0,897.6599563,500,0,0,0,0,0.1761099256,0.3340899181
depth_earlier,buffer,100000,10,0.3,1,fast,60,60,15,0,measured,0.05,False,0.5,0.2,0.1,1,dusk,10,7500,0.1,0,0,0,10,1320.824442,49.06274525,0,0,0,0,0.01704461819,0,897.6599563,500,0,0,0,0,0.1761099256,0.3340899181
depth_earlier,buffer,100000,10,0.3,1,fast,60,60,15,0,floor,0.05,False,0.5,0.2,0.1,1,internal_minimum,10,7500,0.1,0,0,0,10,794.158664,43.61332202,28.4942922,0,0,0,0.01107513973,0,0,500,0,0,0,0,0.1058878219,0.4164650707
depth_earlier,buffer,100000,10,0.3,1,fast,60,60,15,0,measured,0.05,False,0.5,0.2,0.1,1,internal_minimum,10,7500,0.1,0,0,0,10,765.8263881,43.7753383,0,0,0,0,0.01069212583,0,0,500,0,0,0,0,0.1021101851,0.4168227789
depth_earlier,buffer,100000,10,0.3,5,fast,60,60,15,0,floor,0.05,False,0.5,0.2,0.1,1,dusk,10,7500,0.1,0,0,0,10,1320.824442,49.06274525,0,0,0,0,0.01704461819,0,990.3836551,500,0,0,0,0,0.1761099256,0.3340899181
depth_earlier,buffer,100000,10,0.3,5,fast,60,60,15,0,measured,0.05,False,0.5,0.2,0.1,1,dusk,10,7500,0.1,0,0,0,10,1320.824442,49.06274525,0,0,0,0,0.01704461819,0,990.3836551,500,0,0,0,0,0.1761099256,0.3340899181
depth_earlier,buffer,100000,10,0.3,5,fast,60,60,15,0,floor,0.05,False,0.5,0.2,0.1,1,internal_minimum,10,7500,0.1,0,0,0,10,794.158664,43.61332202,113.6906508,0,0,0,0.01107513973,0,0,500,0,0,0,0,0.1058878219,0.4164650707
depth_earlier,buffer,100000,10,0.3,5,fast,60,60,15,0,measured,0.05,False,0.5,0.2,0.1,1,internal_minimum,10,7500,0.1,0,0,0,10,680.8261986,43.97150737,0,0,0,0,0.009458223871,0,0,500,0,0,0,0,0.09077682648,0.4178241076
