tvl,pieces,spending_ratio,outside_depth,path,withdrawal,rates,critical_fraction,emergency_reward_max,opened,original_debt,partials,flash_full,emergency_full,loss,buyer_profit,emergency_reward,insurance_contribution,owner_value,loss_fraction,insurance_drawn,remaining_debt,remaining_positions,eligible_remaining
100000,1,0.15,0,slow,0,0.07/0.08/0.1,0.25,0.01,1,7500,3,0,1,933.6091539,0.1992946483,45.91137682,0.6013118196,0,0.1244812205,200.1202624,0,0,0
100000,1,0.15,0,slow,0,0.07/0.08/0.1,0.5,0.01,1,7500,2,0,1,862.3554818,0.07661169921,32.60068649,0.3051687189,0,0.1149807309,200.0610337,0,0,0
100000,1,0.15,0,slow,0,0.07/0.08/0.1,0.75,0.01,1,7500,0,0,1,759.2496797,0,19.78979681,0,0,0.1012332906,200,0,0,0
100000,1,0.15,0,fast,0,0.07/0.08/0.1,0.25,0.01,1,7500,0,0,1,2439.182844,0,42.50209916,0,0,0.3252243792,200,0,0,0
100000,1,0.15,0,fast,0,0.07/0.08/0.1,0.5,0.01,1,7500,0,0,1,2281.472433,0,25.66525438,0,0,0.3041963244,200,0,0,0
100000,1,0.15,0,fast,0,0.07/0.08/0.1,0.75,0.01,1,7500,0,0,1,2281.472433,0,25.66525438,0,0,0.3041963244,200,0,0,0
100000,1,0.15,0,gap_flat,0,0.07/0.08/0.1,0.25,0.01,1,7500,0,0,1,1947.513878,0,41.73051662,0,0,0.2596685171,200,0,0,0
100000,1,0.15,0,gap_flat,0,0.07/0.08/0.1,0.5,0.01,1,7500,0,0,1,1932.773563,0,26.99020184,0,0,0.2577031418,200,0,0,0
100000,1,0.15,0,gap_flat,0,0.07/0.08/0.1,0.75,0.01,1,7500,0,0,1,1932.773563,0,26.99020184,0,0,0.2577031418,200,0,0,0
100000,1,0.15,1,slow,0,0.07/0.08/0.1,0.25,0.01,1,7500,6,0,1,758.5078578,0.9307607076,46.02161539,2.021655597,0,0.101134381,200.4043311,0,0,0
100000,1,0.15,1,slow,0,0.07/0.08/0.1,0.5,0.01,1,7500,4,0,1,775.4705516,0.3215002884,30.75441107,0.9006299869,0,0.1033960735,200.180126,0,0,0
100000,1,0.15,1,slow,0,0.07/0.08/0.1,0.75,0.01,1,7500,0,0,1,759.2496797,0,19.78979681,0,0,0.1012332906,200,0,0,0
100000,1,0.15,1,fast,0,0.07/0.08/0.1,0.25,0.01,1,7500,0,0,1,2439.182844,0,42.50209916,0,0,0.3252243792,200,0,0,0
100000,1,0.15,1,fast,0,0.07/0.08/0.1,0.5,0.01,1,7500,0,0,1,2281.472433,0,25.66525438,0,0,0.3041963244,200,0,0,0
100000,1,0.15,1,fast,0,0.07/0.08/0.1,0.75,0.01,1,7500,0,0,1,2281.472433,0,25.66525438,0,0,0.3041963244,200,0,0,0
100000,1,0.15,1,gap_flat,0,0.07/0.08/0.1,0.25,0.01,1,7500,0,0,1,1947.513878,0,41.73051662,0,0,0.2596685171,200,0,0,0
100000,1,0.15,1,gap_flat,0,0.07/0.08/0.1,0.5,0.01,1,7500,0,0,1,1932.773563,0,26.99020184,0,0,0.2577031418,200,0,0,0
100000,1,0.15,1,gap_flat,0,0.07/0.08/0.1,0.75,0.01,1,7500,0,0,1,1932.773563,0,26.99020184,0,0,0.2577031418,200,0,0,0
100000,1,0.15,5,slow,0,0.07/0.08/0.1,0.25,0.01,1,7500,13,0,0,0,0.9837322897,0,14.96463095,0,0,0,32.64915422,1,1
100000,1,0.15,5,slow,0,0.07/0.08/0.1,0.5,0.01,1,7500,13,0,0,0,0.9837322897,0,14.96463095,0,0,0,32.64915422,1,1
100000,1,0.15,5,slow,0,0.07/0.08/0.1,0.75,0.01,1,7500,0,0,1,759.2496797,0,19.78979681,0,0,0.1012332906,200,0,0,0
100000,1,0.15,5,fast,0,0.07/0.08/0.1,0.25,0.01,1,7500,0,0,1,2439.182844,0,42.50209916,0,0,0.3252243792,200,0,0,0
100000,1,0.15,5,fast,0,0.07/0.08/0.1,0.5,0.01,1,7500,0,0,1,2281.472433,0,25.66525438,0,0,0.3041963244,200,0,0,0
100000,1,0.15,5,fast,0,0.07/0.08/0.1,0.75,0.01,1,7500,0,0,1,2281.472433,0,25.66525438,0,0,0.3041963244,200,0,0,0
100000,1,0.15,5,gap_flat,0,0.07/0.08/0.1,0.25,0.01,1,7500,0,0,1,1947.513878,0,41.73051662,0,0,0.2596685171,200,0,0,0
100000,1,0.15,5,gap_flat,0,0.07/0.08/0.1,0.5,0.01,1,7500,0,0,1,1932.773563,0,26.99020184,0,0,0.2577031418,200,0,0,0
100000,1,0.15,5,gap_flat,0,0.07/0.08/0.1,0.75,0.01,1,7500,0,0,1,1932.773563,0,26.99020184,0,0,0.2577031418,200,0,0,0
100000,10,0.15,0,slow,0,0.07/0.08/0.1,0.25,0.01,10,7500,4,1,9,0,0.2074396438,52.19787596,1.100731228,0,0,196.2050159,0,0,0
100000,10,0.15,0,slow,0,0.07/0.08/0.1,0.5,0.01,10,7500,4,0,10,0,0.05164498115,36.65152684,1.231799284,0,0,61.58568699,0,0,0
100000,10,0.15,0,slow,0,0.07/0.08/0.1,0.75,0.01,10,7500,0,0,10,0,0,22.05679877,15,77.07809896,0,0,0,0,0
100000,10,0.15,0,fast,0,0.07/0.08/0.1,0.25,0.01,10,7500,0,0,10,1950.868089,0,47.51284601,0,0,0.2601157452,500,0,0,0
100000,10,0.15,0,fast,0,0.07/0.08/0.1,0.5,0.01,10,7500,0,0,10,1847.719435,0,40.29999883,0,0,0.2463625913,500,0,0,0
100000,10,0.15,0,fast,0,0.07/0.08/0.1,0.75,0.01,10,7500,0,0,10,1685.931221,0,25.36591048,0,0,0.2247908295,500,0,0,0
100000,10,0.15,0,gap_flat,0,0.07/0.08/0.1,0.25,0.01,10,7500,0,0,10,1764.721674,0,48.20505731,0,0,0.2352962232,500,0,0,0
100000,10,0.15,0,gap_flat,0,0.07/0.08/0.1,0.5,0.01,10,7500,0,0,10,1752.549139,0,36.73605932,0,0,0.2336732185,500,0,0,0
100000,10,0.15,0,gap_flat,0,0.07/0.08/0.1,0.75,0.01,10,7500,0,0,10,1739.531563,0,24.70015744,0,0,0.2319375418,500,0,0,0
100000,10,0.15,1,slow,0,0.07/0.08/0.1,0.25,0.01,10,7500,79,2,0,0,1.414831969,0,12.88325395,0,0,0.1850096217,1065.568971,8,7
100000,10,0.15,1,slow,0,0.07/0.08/0.1,0.5,0.01,10,7500,79,2,0,0,1.414831969,0,12.88325395,0,0,0.1850096217,1065.568971,8,7
100000,10,0.15,1,slow,0,0.07/0.08/0.1,0.75,0.01,10,7500,92,0,1,0,124.2442237,2.34502473,13.66709568,11.36294529,0,0,678.6192567,9,0
100000,10,0.15,1,fast,0,0.07/0.08/0.1,0.25,0.01,10,7500,0,0,10,1950.868089,0,47.51284601,0,0,0.2601157452,500,0,0,0
100000,10,0.15,1,fast,0,0.07/0.08/0.1,0.5,0.01,10,7500,0,0,10,1847.719435,0,40.29999883,0,0,0.2463625913,500,0,0,0
100000,10,0.15,1,fast,0,0.07/0.08/0.1,0.75,0.01,10,7500,0,0,10,1685.931221,0,25.36591048,0,0,0.2247908295,500,0,0,0
100000,10,0.15,1,gap_flat,0,0.07/0.08/0.1,0.25,0.01,10,7500,12,0,9,1574.236729,36.98146655,42.9221871,1.495610049,0,0.2098982305,500.1427073,3.69058555,1,0
100000,10,0.15,1,gap_flat,0,0.07/0.08/0.1,0.5,0.01,10,7500,12,0,9,1563.692376,36.78149108,32.75204872,1.49624707,0,0.2084923168,500,3.372711938,1,0
100000,10,0.15,1,gap_flat,0,0.07/0.08/0.1,0.75,0.01,10,7500,11,0,9,1552.529469,34.60068316,22.38050461,1.496224318,0,0.2070039292,500,3.384065465,1,0
100000,10,0.15,5,slow,0,0.07/0.08/0.1,0.25,0.01,10,7500,40,2,0,0,2.480334011,0,12.66727364,0.06187738603,0,0.05359171457,1175.711973,8,4
100000,10,0.15,5,slow,0,0.07/0.08/0.1,0.5,0.01,10,7500,40,2,0,0,2.480334011,0,12.66727364,0.06187738603,0,0.05359171457,1175.711973,8,4
100000,10,0.15,5,slow,0,0.07/0.08/0.1,0.75,0.01,10,7500,93,0,1,0,148.3890503,2.34502473,13.66901185,11.36294529,0,0,677.663086,9,0
100000,10,0.15,5,fast,0,0.07/0.08/0.1,0.25,0.01,10,7500,0,0,10,1950.868089,0,47.51284601,0,0,0.2601157452,500,0,0,0
100000,10,0.15,5,fast,0,0.07/0.08/0.1,0.5,0.01,10,7500,0,0,10,1847.719435,0,40.29999883,0,0,0.2463625913,500,0,0,0
100000,10,0.15,5,fast,0,0.07/0.08/0.1,0.75,0.01,10,7500,0,0,10,1685.931221,0,25.36591048,0,0,0.2247908295,500,0,0,0
100000,10,0.15,5,gap_flat,0,0.07/0.08/0.1,0.25,0.01,10,7500,11,1,8,1392.349435,53.17580074,37.79161408,1.488394255,0,0.1856465913,500.2854145,7.291266921,1,0
100000,10,0.15,5,gap_flat,0,0.07/0.08/0.1,0.5,0.01,10,7500,12,0,9,1563.692376,41.28332774,32.75204872,1.49624707,0,0.2084923168,500,3.372711938,1,0
100000,10,0.15,5,gap_flat,0,0.07/0.08/0.1,0.75,0.01,10,7500,11,0,9,1552.529469,40.94071002,22.38050461,1.496224318,0,0.2070039292,500,3.384065465,1,0
100000,1,0.15,0,slow,0,0.1/0.12/0.15,0.25,0.01,1,7500,4,0,1,873.5880786,0.181965023,47.90978334,1.048096338,0,0.1164784105,200.2096193,0,0,0
100000,1,0.15,0,slow,0,0.1/0.12/0.15,0.5,0.01,1,7500,2,0,1,773.1618299,0.1178138684,33.78381044,0.4635285896,0,0.103088244,200.0927057,0,0,0
100000,1,0.15,0,slow,0,0.1/0.12/0.15,0.75,0.01,1,7500,0,0,1,572.6948663,0,17.27950534,0,0,0.0763593155,200,0,0,0
100000,1,0.15,0,fast,0,0.1/0.12/0.15,0.25,0.01,1,7500,0,0,1,2441.22335,0,44.54260507,0,0,0.3254964466,200,0,0,0
100000,1,0.15,0,fast,0,0.1/0.12/0.15,0.5,0.01,1,7500,0,0,1,2289.213396,0,33.40621694,0,0,0.3052284528,200,0,0,0
100000,1,0.15,0,fast,0,0.1/0.12/0.15,0.75,0.01,1,7500,0,0,1,2133.115795,0,22.08370804,0,0,0.2844154393,200,0,0,0
100000,1,0.15,0,gap_flat,0,0.1/0.12/0.15,0.25,0.01,1,7500,0,0,1,1951.329157,0,45.54579563,0,0,0.2601772209,200,0,0,0
100000,1,0.15,0,gap_flat,0,0.1/0.12/0.15,0.5,0.01,1,7500,0,0,1,1941.194151,0,35.41078929,0,0,0.2588258868,200,0,0,0
100000,1,0.15,0,gap_flat,0,0.1/0.12/0.15,0.75,0.01,1,7500,0,0,1,1930.298881,0,24.51551967,0,0,0.2573731841,200,0,0,0
100000,1,0.15,1,slow,0,0.1/0.12/0.15,0.25,0.01,1,7500,10,0,1,237.1306963,1.971602478,30.31168684,6.242398868,0,0.03161742618,201.2484798,0,0,0
100000,1,0.15,1,slow,0,0.1/0.12/0.15,0.5,0.01,1,7500,5,0,1,600.1901862,0.2970222476,29.58408966,1.642480253,0,0.08002535816,200.3284961,0,0,0
100000,1,0.15,1,slow,0,0.1/0.12/0.15,0.75,0.01,1,7500,0,0,1,572.6948663,0,17.27950534,0,0,0.0763593155,200,0,0,0
100000,1,0.15,1,fast,0,0.1/0.12/0.15,0.25,0.01,1,7500,0,0,1,2441.22335,0,44.54260507,0,0,0.3254964466,200,0,0,0
100000,1,0.15,1,fast,0,0.1/0.12/0.15,0.5,0.01,1,7500,0,0,1,2289.213396,0,33.40621694,0,0,0.3052284528,200,0,0,0
100000,1,0.15,1,fast,0,0.1/0.12/0.15,0.75,0.01,1,7500,0,0,1,2133.115795,0,22.08370804,0,0,0.2844154393,200,0,0,0
100000,1,0.15,1,gap_flat,0,0.1/0.12/0.15,0.25,0.01,1,7500,0,0,1,1951.329157,0,45.54579563,0,0,0.2601772209,200,0,0,0
100000,1,0.15,1,gap_flat,0,0.1/0.12/0.15,0.5,0.01,1,7500,0,0,1,1941.194151,0,35.41078929,0,0,0.2588258868,200,0,0,0
100000,1,0.15,1,gap_flat,0,0.1/0.12/0.15,0.75,0.01,1,7500,0,0,1,1930.298881,0,24.51551967,0,0,0.2573731841,200,0,0,0
100000,1,0.15,5,slow,0,0.1/0.12/0.15,0.25,0.01,1,7500,22,0,0,0,0.8808930417,0,14.87554046,0,0,0,77.10530835,1,1
100000,1,0.15,5,slow,0,0.1/0.12/0.15,0.5,0.01,1,7500,22,0,0,0,0.8808930417,0,14.87554046,0,0,0,77.10530835,1,1
100000,1,0.15,5,slow,0,0.1/0.12/0.15,0.75,0.01,1,7500,0,0,1,572.6948663,0,17.27950534,0,0,0.0763593155,200,0,0,0
100000,1,0.15,5,fast,0,0.1/0.12/0.15,0.25,0.01,1,7500,0,0,1,2441.22335,0,44.54260507,0,0,0.3254964466,200,0,0,0
100000,1,0.15,5,fast,0,0.1/0.12/0.15,0.5,0.01,1,7500,0,0,1,2289.213396,0,33.40621694,0,0,0.3052284528,200,0,0,0
100000,1,0.15,5,fast,0,0.1/0.12/0.15,0.75,0.01,1,7500,0,0,1,2133.115795,0,22.08370804,0,0,0.2844154393,200,0,0,0
100000,1,0.15,5,gap_flat,0,0.1/0.12/0.15,0.25,0.01,1,7500,0,0,1,1951.329157,0,45.54579563,0,0,0.2601772209,200,0,0,0
100000,1,0.15,5,gap_flat,0,0.1/0.12/0.15,0.5,0.01,1,7500,0,0,1,1941.194151,0,35.41078929,0,0,0.2588258868,200,0,0,0
100000,1,0.15,5,gap_flat,0,0.1/0.12/0.15,0.75,0.01,1,7500,0,0,1,1930.298881,0,24.51551967,0,0,0.2573731841,200,0,0,0
100000,10,0.15,0,slow,0,0.1/0.12/0.15,0.25,0.01,10,7500,10,1,9,0,0.1513757181,44.89453138,3.138504302,0,0,131.3511689,0,0,0
100000,10,0.15,0,slow,0,0.1/0.12/0.15,0.5,0.01,10,7500,3,0,10,0,0.0105442535,39.67098251,12.53040339,11.61849191,0,0,0,0,0
100000,10,0.15,0,slow,0,0.1/0.12/0.15,0.75,0.01,10,7500,0,0,10,0,0,20.95286984,15,266.1336153,0,0,0,0,0
100000,10,0.15,0,fast,0,0.1/0.12/0.15,0.25,0.01,10,7500,0,0,10,1900.622187,0,46.63233283,0,0,0.2534162915,500,0,0,0
100000,10,0.15,0,fast,0,0.1/0.12/0.15,0.5,0.01,10,7500,0,0,10,1712.208701,0,35.03015474,0,0,0.2282944935,500,0,0,0
100000,10,0.15,0,fast,0,0.1/0.12/0.15,0.75,0.01,10,7500,0,0,10,1517.843191,0,21.92573268,0,0,0.2023790922,500,0,0,0
100000,10,0.15,0,gap_flat,0,0.1/0.12/0.15,0.25,0.01,10,7500,0,0,10,1764.701257,0,48.23318965,0,0,0.2352935009,500,0,0,0
100000,10,0.15,0,gap_flat,0,0.1/0.12/0.15,0.5,0.01,10,7500,0,0,10,1750.153303,0,34.49612305,0,0,0.2333537737,500,0,0,0
100000,10,0.15,0,gap_flat,0,0.1/0.12/0.15,0.75,0.01,10,7500,0,0,10,1736.446579,0,21.77058731,0,0,0.2315262105,500,0,0,0
100000,10,0.15,1,slow,0,0.1/0.12/0.15,0.25,0.01,10,7500,81,0,0,0,1.89872115,0,13.14850376,0,0,0,938.8966218,10,5
100000,10,0.15,1,slow,0,0.1/0.12/0.15,0.5,0.01,10,7500,81,0,0,0,1.89872115,0,13.14850376,0,0,0,938.8966218,10,5
100000,10,0.15,1,slow,0,0.1/0.12/0.15,0.75,0.01,10,7500,106,0,1,0,119.5504844,2.188837796,13.45917478,30.77645142,0,0,782.3717846,9,0
100000,10,0.15,1,fast,0,0.1/0.12/0.15,0.25,0.01,10,7500,0,0,10,1900.622187,0,46.63233283,0,0,0.2534162915,500,0,0,0
100000,10,0.15,1,fast,0,0.1/0.12/0.15,0.5,0.01,10,7500,0,0,10,1712.208701,0,35.03015474,0,0,0.2282944935,500,0,0,0
100000,10,0.15,1,fast,0,0.1/0.12/0.15,0.75,0.01,10,7500,0,0,10,1517.843191,0,21.92573268,0,0,0.2023790922,500,0,0,0
100000,10,0.15,1,gap_flat,0,0.1/0.12/0.15,0.25,0.01,10,7500,12,0,9,1573.605637,31.24583309,42.67059607,1.480617421,0,0.2098140849,500.4782759,11.17190705,1,0
100000,10,0.15,1,gap_flat,0,0.1/0.12/0.15,0.5,0.01,10,7500,11,0,9,1562.03184,28.98567113,31.21928734,1.486698277,0,0.208270912,500,8.137559936,1,0
100000,10,0.15,1,gap_flat,0,0.1/0.12/0.15,0.75,0.01,10,7500,12,0,9,1549.447859,30.84673431,19.3996116,1.47868499,0,0.2065930479,500,12.13618998,1,0
100000,10,0.15,5,slow,0,0.1/0.12/0.15,0.25,0.01,10,7500,44,1,0,0,1.718934676,0,13.33044795,0,0,0.05247477065,844.638095,9,3
100000,10,0.15,5,slow,0,0.1/0.12/0.15,0.5,0.01,10,7500,44,1,0,0,1.718934676,0,13.33044795,0,0,0.05247477065,844.638095,9,3
100000,10,0.15,5,slow,0,0.1/0.12/0.15,0.75,0.01,10,7500,107,0,1,0,143.5006177,2.188837796,13.46089416,30.77645142,0,0,781.513813,9,0
100000,10,0.15,5,fast,0,0.1/0.12/0.15,0.25,0.01,10,7500,0,0,10,1900.622187,0,46.63233283,0,0,0.2534162915,500,0,0,0
100000,10,0.15,5,fast,0,0.1/0.12/0.15,0.5,0.01,10,7500,0,0,10,1712.208701,0,35.03015474,0,0,0.2282944935,500,0,0,0
100000,10,0.15,5,fast,0,0.1/0.12/0.15,0.75,0.01,10,7500,0,0,10,1517.843191,0,21.92573268,0,0,0.2023790922,500,0,0,0
100000,10,0.15,5,gap_flat,0,0.1/0.12/0.15,0.25,0.01,10,7500,10,1,8,1395.271967,49.24909976,37.21156211,1.467005952,0,0.1860362623,500.4782759,17.96402997,1,0
100000,10,0.15,5,gap_flat,0,0.1/0.12/0.15,0.5,0.01,10,7500,11,0,9,1562.03184,37.63227581,31.21928734,1.486698277,0,0.208270912,500,8.137559936,1,0
100000,10,0.15,5,gap_flat,0,0.1/0.12/0.15,0.75,0.01,10,7500,12,0,9,1549.447859,36.12881288,19.3996116,1.47868499,0,0.2065930479,500,12.13618998,1,0
100000,1,0.15,0,slow,0,0.15/0.18/0.22,0.25,0.01,1,7500,7,0,1,747.7199342,0.7463074953,44.57472169,1.493870387,0,0.09969599122,200.2987741,0,0,0
100000,1,0.15,0,slow,0,0.15/0.18/0.22,0.5,0.01,1,7500,2,0,1,588.9304739,0.174660556,33.67415805,0.3198523211,0,0.07852406318,200.0639705,0,0,0
100000,1,0.15,0,slow,0,0.15/0.18/0.22,0.75,0.01,1,7500,0,0,1,287.616193,0,17.58978222,0,0,0.03834882573,200,0,0,0
100000,1,0.15,0,fast,0,0.15/0.18/0.22,0.25,0.01,1,7500,0,0,1,2294.891966,0,39.08478736,0,0,0.3059855955,200,0,0,0
100000,1,0.15,0,fast,0,0.15/0.18/0.22,0.5,0.01,1,7500,0,0,1,2143.051118,0,32.01903174,0,0,0.2857401491,200,0,0,0
100000,1,0.15,0,fast,0,0.15/0.18/0.22,0.75,0.01,1,7500,0,0,1,1826.941862,0,17.57530263,0,0,0.2435922483,200,0,0,0
100000,1,0.15,0,gap_flat,0,0.15/0.18/0.22,0.25,0.01,1,7500,0,0,1,1947.371276,0,41.58791499,0,0,0.2596495035,200,0,0,0
100000,1,0.15,0,gap_flat,0,0.15/0.18/0.22,0.5,0.01,1,7500,0,0,1,1940.107763,0,34.32440191,0,0,0.2586810351,200,0,0,0
100000,1,0.15,0,gap_flat,0,0.15/0.18/0.22,0.75,0.01,1,7500,0,0,1,1924.045597,0,18.26223551,0,0,0.2565394129,200,0,0,0
100000,1,0.15,1,slow,0,0.15/0.18/0.22,0.25,0.01,1,7500,24,0,0,0,7.518474469,0,14.46465192,0,0,0,282.138693,1,0
100000,1,0.15,1,slow,0,0.15/0.18/0.22,0.5,0.01,1,7500,24,0,0,0,7.518474469,0,14.46465192,0,0,0,282.138693,1,0
100000,1,0.15,1,slow,0,0.15/0.18/0.22,0.75,0.01,1,7500,0,0,1,287.616193,0,17.58978222,0,0,0.03834882573,200,0,0,0
100000,1,0.15,1,fast,0,0.15/0.18/0.22,0.25,0.01,1,7500,0,0,1,2294.891966,0,39.08478736,0,0,0.3059855955,200,0,0,0
100000,1,0.15,1,fast,0,0.15/0.18/0.22,0.5,0.01,1,7500,0,0,1,2143.051118,0,32.01903174,0,0,0.2857401491,200,0,0,0
100000,1,0.15,1,fast,0,0.15/0.18/0.22,0.75,0.01,1,7500,0,0,1,1826.941862,0,17.57530263,0,0,0.2435922483,200,0,0,0
100000,1,0.15,1,gap_flat,0,0.15/0.18/0.22,0.25,0.01,1,7500,0,0,1,1947.371276,0,41.58791499,0,0,0.2596495035,200,0,0,0
100000,1,0.15,1,gap_flat,0,0.15/0.18/0.22,0.5,0.01,1,7500,0,0,1,1940.107763,0,34.32440191,0,0,0.2586810351,200,0,0,0
100000,1,0.15,1,gap_flat,0,0.15/0.18/0.22,0.75,0.01,1,7500,0,0,1,1924.045597,0,18.26223551,0,0,0.2565394129,200,0,0,0
100000,1,0.15,5,slow,0,0.15/0.18/0.22,0.25,0.01,1,7500,31,0,0,0,0.6444288114,0,14.39718922,0,0,0,315.8025804,1,1
100000,1,0.15,5,slow,0,0.15/0.18/0.22,0.5,0.01,1,7500,31,0,0,0,0.6444288114,0,14.39718922,0,0,0,315.8025804,1,1
100000,1,0.15,5,slow,0,0.15/0.18/0.22,0.75,0.01,1,7500,0,0,1,287.616193,0,17.58978222,0,0,0.03834882573,200,0,0,0
100000,1,0.15,5,fast,0,0.15/0.18/0.22,0.25,0.01,1,7500,0,0,1,2294.891966,0,39.08478736,0,0,0.3059855955,200,0,0,0
100000,1,0.15,5,fast,0,0.15/0.18/0.22,0.5,0.01,1,7500,0,0,1,2143.051118,0,32.01903174,0,0,0.2857401491,200,0,0,0
100000,1,0.15,5,fast,0,0.15/0.18/0.22,0.75,0.01,1,7500,0,0,1,1826.941862,0,17.57530263,0,0,0.2435922483,200,0,0,0
100000,1,0.15,5,gap_flat,0,0.15/0.18/0.22,0.25,0.01,1,7500,0,0,1,1947.371276,0,41.58791499,0,0,0.2596495035,200,0,0,0
100000,1,0.15,5,gap_flat,0,0.15/0.18/0.22,0.5,0.01,1,7500,0,0,1,1940.107763,0,34.32440191,0,0,0.2586810351,200,0,0,0
100000,1,0.15,5,gap_flat,0,0.15/0.18/0.22,0.75,0.01,1,7500,0,0,1,1924.045597,0,18.26223551,0,0,0.2565394129,200,0,0,0
100000,10,0.15,0,slow,0,0.15/0.18/0.22,0.25,0.01,9,6750,21,0,9,0,0.3120211702,27.57501301,6.516798088,0,0,66.8908384,0,0,0
100000,10,0.15,0,slow,0,0.15/0.18/0.22,0.5,0.01,9,6750,6,0,9,0,0.02803401045,33.72277102,13.50246889,154.3958574,0,0,0,0,0
100000,10,0.15,0,slow,0,0.15/0.18/0.22,0.75,0.01,9,6750,0,0,9,0,0,20.8286947,13.5,499.4688202,0,0,0,0,0
100000,10,0.15,0,fast,0,0.15/0.18/0.22,0.25,0.01,9,6750,0,0,9,1592.614092,0,40.92732907,0,0,0.2359428285,500,0,0,0
100000,10,0.15,0,fast,0,0.15/0.18/0.22,0.5,0.01,9,6750,0,0,9,1318.940842,0,29.05820365,0,0,0.1953986433,500,0,0,0
100000,10,0.15,0,fast,0,0.15/0.18/0.22,0.75,0.01,9,6750,0,0,9,1050.109175,0,17.80327939,0,0,0.1555717296,500,0,0,0
100000,10,0.15,0,gap_flat,0,0.15/0.18/0.22,0.25,0.01,9,6750,0,0,9,1338.385359,0,42.44805056,0,0,0.1982793125,500,0,0,0
100000,10,0.15,0,gap_flat,0,0.15/0.18/0.22,0.5,0.01,9,6750,0,0,9,1325.137461,0,30.05935956,0,0,0.1963166609,500,0,0,0
100000,10,0.15,0,gap_flat,0,0.15/0.18/0.22,0.75,0.01,9,6750,0,0,9,1311.798068,0,17.56177124,0,0,0.1943404545,500,0,0,0
100000,10,0.15,1,slow,0,0.15/0.18/0.22,0.25,0.01,9,6750,86,0,0,0,1.682330559,0,11.60931703,0,0,0,956.9508041,9,1
100000,10,0.15,1,slow,0,0.15/0.18/0.22,0.5,0.01,9,6750,86,0,0,0,1.682330559,0,11.60931703,0,0,0,956.9508041,9,1
100000,10,0.15,1,slow,0,0.15/0.18/0.22,0.75,0.01,9,6750,103,0,1,0,111.8326714,2.159710417,11.76127314,63.93664661,0,0,879.6247034,8,0
100000,10,0.15,1,fast,0,0.15/0.18/0.22,0.25,0.01,9,6750,0,0,9,1592.614092,0,40.92732907,0,0,0.2359428285,500,0,0,0
100000,10,0.15,1,fast,0,0.15/0.18/0.22,0.5,0.01,9,6750,0,0,9,1318.940842,0,29.05820365,0,0,0.1953986433,500,0,0,0
100000,10,0.15,1,fast,0,0.15/0.18/0.22,0.75,0.01,9,6750,0,0,9,1050.109175,0,17.80327939,0,0,0.1555717296,500,0,0,0
100000,10,0.15,1,gap_flat,0,0.15/0.18/0.22,0.25,0.01,9,6750,9,0,8,1169.008646,21.77767409,37.55931387,1.465831173,0,0.173186466,500,18.55024461,1,0
100000,10,0.15,1,gap_flat,0,0.15/0.18/0.22,0.5,0.01,9,6750,9,0,8,1157.185011,20.57566197,26.38751347,1.458017187,0,0.1714348164,500,22.44942351,1,0
100000,10,0.15,1,gap_flat,0,0.15/0.18/0.22,0.75,0.01,9,6750,0,0,9,1311.798068,0,17.56177124,0,0,0.1943404545,500,0,0,0
100000,10,0.15,5,slow,0,0.15/0.18/0.22,0.25,0.01,9,6750,37,1,0,0,1.40238135,0,11.50006886,4.059788259,0,0,1011.391433,8,5
100000,10,0.15,5,slow,0,0.15/0.18/0.22,0.5,0.01,9,6750,37,1,0,0,1.40238135,0,11.50006886,4.059788259,0,0,1011.391433,8,5
100000,10,0.15,5,slow,0,0.15/0.18/0.22,0.75,0.01,9,6750,103,0,1,0,129.3177787,2.159710417,11.76127314,63.93664661,0,0,879.6247034,8,0
100000,10,0.15,5,fast,0,0.15/0.18/0.22,0.25,0.01,9,6750,0,0,9,1592.614092,0,40.92732907,0,0,0.2359428285,500,0,0,0
100000,10,0.15,5,fast,0,0.15/0.18/0.22,0.5,0.01,9,6750,0,0,9,1318.940842,0,29.05820365,0,0,0.1953986433,500,0,0,0
100000,10,0.15,5,fast,0,0.15/0.18/0.22,0.75,0.01,9,6750,0,0,9,1050.109175,0,17.80327939,0,0,0.1555717296,500,0,0,0
100000,10,0.15,5,gap_flat,0,0.15/0.18/0.22,0.25,0.01,9,6750,8,1,7,993.1283556,27.10850977,32.67094792,1.440337836,0,0.1471301268,500,31.27141959,1,0
100000,10,0.15,5,gap_flat,0,0.15/0.18/0.22,0.5,0.01,9,6750,9,0,8,1157.185011,28.8132673,26.38751347,1.458017187,0,0.1714348164,500,22.44942351,1,0
100000,10,0.15,5,gap_flat,0,0.15/0.18/0.22,0.75,0.01,9,6750,0,0,9,1311.798068,0,17.56177124,0,0,0.1943404545,500,0,0,0
