target_bps,levy_bps,knee_bps,target,monthly_fee,day_95,fund_12,lp_12,fund_24,lp_24
200,10,5000,2000000000,100000000,690,1699408808,500591192,1909644865,1490355135
200,10,7500,2000000000,100000000,391,1877278076,322721924,1988955953,1411044047
200,10,9000,2000000000,100000000,282,1973385286,226614714,1999937255,1400062745
200,20,5000,2000000000,200000000,345,1910008047,1489991953,1991901385,3808098615
200,20,7500,2000000000,200000000,195,1989096860,1410903140,1999913082,3800086918
200,20,9000,2000000000,200000000,141,1999941446,1400058554,1999999971,3800000029
200,50,5000,2000000000,500000000,138,1997643437,5002356563,1999994415,11000005585
200,50,7500,2000000000,500000000,78,1999993064,5000006936,1999999971,11000000029
200,50,9000,2000000000,500000000,56,1999999989,5000000011,1999999989,11000000011
500,10,5000,5000000000,100000000,2176,2200000000,0,3256227989,143772011
500,10,7500,5000000000,100000000,1428,2200000000,0,3400000000,0
500,10,9000,5000000000,100000000,1154,2200000000,0,3400000000,0
500,20,5000,5000000000,200000000,1088,3256647631,143352369,4333338066,1466661934
500,20,7500,5000000000,200000000,714,3400000000,0,4758585886,1041414114
500,20,9000,5000000000,200000000,577,3400000000,0,4963507013,836492987
500,50,5000,5000000000,500000000,435,4589235787,2410764213,4963034486,8036965514
500,50,7500,5000000000,500000000,285,4908767587,2091232413,4999273000,8000727000
500,50,9000,5000000000,500000000,231,4996906259,2003093741,4999999971,8000000029
1000,10,5000,10000000000,100000000,4653,2200000000,0,3400000000,0
1000,10,7500,10000000000,100000000,3157,2200000000,0,3400000000,0
1000,10,9000,10000000000,100000000,2608,2200000000,0,3400000000,0
1000,20,5000,10000000000,200000000,2326,3400000000,0,5739735860,60264140
1000,20,7500,10000000000,200000000,1578,3400000000,0,5800000000,0
1000,20,9000,10000000000,200000000,1304,3400000000,0,5800000000,0
1000,50,5000,10000000000,500000000,930,6650638355,349361645,8993211638,4006788362
1000,50,7500,10000000000,500000000,631,7000000000,0,9725025005,3274974995
1000,50,9000,10000000000,500000000,522,7000000000,0,9982291435,3017708565
