target_bps,policy,shock,initial,requested,covered,uncovered,remaining
200,current_20_event_50_day,single_2500,2000000000,2500000000,400000000,2100000000,1600000000
200,current_20_event_50_day,split_5x500,2000000000,2500000000,1000000000,1500000000,1000000000
200,current_20_event_50_day,cluster_5x1000,2000000000,5000000000,1000000000,4000000000,1000000000
200,current_20_event_50_day,two_days_2500_each,2000000000,5000000000,720000000,4280000000,1280000000
200,current_20_event_50_day,severe_20000,2000000000,20000000000,400000000,19600000000,1600000000
200,current_20_event_50_day,borrow_leverage_hlp_2000_2000_1000,2000000000,5000000000,976000000,4024000000,1024000000
200,shared_50_day,single_2500,2000000000,2500000000,1000000000,1500000000,1000000000
200,shared_50_day,split_5x500,2000000000,2500000000,1000000000,1500000000,1000000000
200,shared_50_day,cluster_5x1000,2000000000,5000000000,1000000000,4000000000,1000000000
200,shared_50_day,two_days_2500_each,2000000000,5000000000,1500000000,3500000000,500000000
200,shared_50_day,severe_20000,2000000000,20000000000,1000000000,19000000000,1000000000
200,shared_50_day,borrow_leverage_hlp_2000_2000_1000,2000000000,5000000000,1000000000,4000000000,1000000000
200,shared_100_day,single_2500,2000000000,2500000000,2000000000,500000000,0
200,shared_100_day,split_5x500,2000000000,2500000000,2000000000,500000000,0
200,shared_100_day,cluster_5x1000,2000000000,5000000000,2000000000,3000000000,0
200,shared_100_day,two_days_2500_each,2000000000,5000000000,2000000000,3000000000,0
200,shared_100_day,severe_20000,2000000000,20000000000,2000000000,18000000000,0
200,shared_100_day,borrow_leverage_hlp_2000_2000_1000,2000000000,5000000000,2000000000,3000000000,0
200,coverage_75_shared_50_day,single_2500,2000000000,2500000000,1000000000,1500000000,1000000000
200,coverage_75_shared_50_day,split_5x500,2000000000,2500000000,1000000000,1500000000,1000000000
200,coverage_75_shared_50_day,cluster_5x1000,2000000000,5000000000,1000000000,4000000000,1000000000
200,coverage_75_shared_50_day,two_days_2500_each,2000000000,5000000000,1500000000,3500000000,500000000
200,coverage_75_shared_50_day,severe_20000,2000000000,20000000000,1000000000,19000000000,1000000000
200,coverage_75_shared_50_day,borrow_leverage_hlp_2000_2000_1000,2000000000,5000000000,1000000000,4000000000,1000000000
500,current_20_event_50_day,single_2500,5000000000,2500000000,1000000000,1500000000,4000000000
500,current_20_event_50_day,split_5x500,5000000000,2500000000,2500000000,0,2500000000
500,current_20_event_50_day,cluster_5x1000,5000000000,5000000000,2500000000,2500000000,2500000000
500,current_20_event_50_day,two_days_2500_each,5000000000,5000000000,1800000000,3200000000,3200000000
500,current_20_event_50_day,severe_20000,5000000000,20000000000,1000000000,19000000000,4000000000
500,current_20_event_50_day,borrow_leverage_hlp_2000_2000_1000,5000000000,5000000000,2440000000,2560000000,2560000000
500,shared_50_day,single_2500,5000000000,2500000000,2500000000,0,2500000000
500,shared_50_day,split_5x500,5000000000,2500000000,2500000000,0,2500000000
500,shared_50_day,cluster_5x1000,5000000000,5000000000,2500000000,2500000000,2500000000
500,shared_50_day,two_days_2500_each,5000000000,5000000000,3750000000,1250000000,1250000000
500,shared_50_day,severe_20000,5000000000,20000000000,2500000000,17500000000,2500000000
500,shared_50_day,borrow_leverage_hlp_2000_2000_1000,5000000000,5000000000,2500000000,2500000000,2500000000
500,shared_100_day,single_2500,5000000000,2500000000,2500000000,0,2500000000
500,shared_100_day,split_5x500,5000000000,2500000000,2500000000,0,2500000000
500,shared_100_day,cluster_5x1000,5000000000,5000000000,5000000000,0,0
500,shared_100_day,two_days_2500_each,5000000000,5000000000,5000000000,0,0
500,shared_100_day,severe_20000,5000000000,20000000000,5000000000,15000000000,0
500,shared_100_day,borrow_leverage_hlp_2000_2000_1000,5000000000,5000000000,5000000000,0,0
500,coverage_75_shared_50_day,single_2500,5000000000,2500000000,1875000000,625000000,3125000000
500,coverage_75_shared_50_day,split_5x500,5000000000,2500000000,1875000000,625000000,3125000000
500,coverage_75_shared_50_day,cluster_5x1000,5000000000,5000000000,2500000000,2500000000,2500000000
500,coverage_75_shared_50_day,two_days_2500_each,5000000000,5000000000,3437500000,1562500000,1562500000
500,coverage_75_shared_50_day,severe_20000,5000000000,20000000000,2500000000,17500000000,2500000000
500,coverage_75_shared_50_day,borrow_leverage_hlp_2000_2000_1000,5000000000,5000000000,2500000000,2500000000,2500000000
1000,current_20_event_50_day,single_2500,10000000000,2500000000,2000000000,500000000,8000000000
1000,current_20_event_50_day,split_5x500,10000000000,2500000000,2500000000,0,7500000000
1000,current_20_event_50_day,cluster_5x1000,10000000000,5000000000,5000000000,0,5000000000
1000,current_20_event_50_day,two_days_2500_each,10000000000,5000000000,3600000000,1400000000,6400000000
1000,current_20_event_50_day,severe_20000,10000000000,20000000000,2000000000,18000000000,8000000000
1000,current_20_event_50_day,borrow_leverage_hlp_2000_2000_1000,10000000000,5000000000,4600000000,400000000,5400000000
1000,shared_50_day,single_2500,10000000000,2500000000,2500000000,0,7500000000
1000,shared_50_day,split_5x500,10000000000,2500000000,2500000000,0,7500000000
1000,shared_50_day,cluster_5x1000,10000000000,5000000000,5000000000,0,5000000000
1000,shared_50_day,two_days_2500_each,10000000000,5000000000,5000000000,0,5000000000
1000,shared_50_day,severe_20000,10000000000,20000000000,5000000000,15000000000,5000000000
1000,shared_50_day,borrow_leverage_hlp_2000_2000_1000,10000000000,5000000000,5000000000,0,5000000000
1000,shared_100_day,single_2500,10000000000,2500000000,2500000000,0,7500000000
1000,shared_100_day,split_5x500,10000000000,2500000000,2500000000,0,7500000000
1000,shared_100_day,cluster_5x1000,10000000000,5000000000,5000000000,0,5000000000
1000,shared_100_day,two_days_2500_each,10000000000,5000000000,5000000000,0,5000000000
1000,shared_100_day,severe_20000,10000000000,20000000000,10000000000,10000000000,0
1000,shared_100_day,borrow_leverage_hlp_2000_2000_1000,10000000000,5000000000,5000000000,0,5000000000
1000,coverage_75_shared_50_day,single_2500,10000000000,2500000000,1875000000,625000000,8125000000
1000,coverage_75_shared_50_day,split_5x500,10000000000,2500000000,1875000000,625000000,8125000000
1000,coverage_75_shared_50_day,cluster_5x1000,10000000000,5000000000,3750000000,1250000000,6250000000
1000,coverage_75_shared_50_day,two_days_2500_each,10000000000,5000000000,3750000000,1250000000,6250000000
1000,coverage_75_shared_50_day,severe_20000,10000000000,20000000000,5000000000,15000000000,5000000000
1000,coverage_75_shared_50_day,borrow_leverage_hlp_2000_2000_1000,10000000000,5000000000,3750000000,1250000000,6250000000
