id,status,liquidations,credit_loss_usd,remaining_debt_usd
h0-s0-w0-k0,complete,0,0.0,75000.14047
h0-s0-w0-k900,complete,0,0.0,75000.14047
h0-s0-w0.25-k0,complete,0,0.0,75000.15855
h0-s0-w0.25-k900,complete,0,0.0,75000.15855
h0-s0-w0.5-k0,complete,0,0.0,75000.17692
h0-s0-w0.5-k900,complete,0,0.0,75000.17692
h0-s-0.1-w0-k0,complete,0,0.0,75000.147
h0-s-0.1-w0-k900,complete,0,0.0,75000.147
h0-s-0.1-w0.25-k0,complete,0,0.0,75000.15397
h0-s-0.1-w0.25-k900,complete,0,0.0,75000.15397
h0-s-0.1-w0.5-k0,complete,0,0.0,75000.15397
h0-s-0.1-w0.5-k900,complete,0,0.0,75000.15397
h0-s-0.3-w0-k0,complete,10,5570.270602,0.0
h0-s-0.3-w0-k900,complete,10,5570.283466,0.0
h0-s-0.3-w0.25-k0,complete,10,5570.270602,0.0
h0-s-0.3-w0.25-k900,complete,10,5570.283466,0.0
h0-s-0.3-w0.5-k0,complete,10,5570.270602,0.0
h0-s-0.3-w0.5-k900,complete,10,5570.283466,0.0
h0-s-0.5-w0-k0,complete,10,27788.256363,0.0
h0-s-0.5-w0-k900,complete,10,27787.915426,0.0
h0-s-0.5-w0.25-k0,complete,10,27788.256363,0.0
h0-s-0.5-w0.25-k900,complete,10,27787.915426,0.0
h0-s-0.5-w0.5-k0,complete,10,27788.256363,0.0
h0-s-0.5-w0.5-k900,complete,10,27787.915426,0.0
h0-s-0.7-w0-k0,complete,10,45199.916681,0.0
h0-s-0.7-w0-k900,complete,10,45199.510826,0.0
h0-s-0.7-w0.25-k0,complete,10,45199.916681,0.0
h0-s-0.7-w0.25-k900,complete,10,45199.510826,0.0
h0-s-0.7-w0.5-k0,complete,10,45199.916681,0.0
h0-s-0.7-w0.5-k900,complete,10,45199.510826,0.0
h25000-s0-w0-k0,complete,0,0.0,75000.15532
h25000-s0-w0-k900,complete,0,0.0,75000.15532
h25000-s0-w0.25-k0,complete,0,0.0,75000.17542
h25000-s0-w0.25-k900,complete,0,0.0,75000.17542
h25000-s0-w0.5-k0,complete,0,0.0,75000.19005
h25000-s0-w0.5-k900,complete,0,0.0,75000.19005
h25000-s-0.1-w0-k0,complete,0,0.0,75000.15975
h25000-s-0.1-w0-k900,complete,0,0.0,75000.15975
h25000-s-0.1-w0.25-k0,complete,0,0.0,75000.16365000002
h25000-s-0.1-w0.25-k900,complete,0,0.0,75000.16365000002
h25000-s-0.1-w0.5-k0,complete,0,0.0,75000.16365000002
h25000-s-0.1-w0.5-k900,complete,0,0.0,75000.16365000002
h25000-s-0.3-w0-k0,complete,10,4314.037879,0.0
h25000-s-0.3-w0-k900,complete,10,4314.05663,0.0
h25000-s-0.3-w0.25-k0,complete,10,4314.037879,0.0
h25000-s-0.3-w0.25-k900,complete,10,4314.05663,0.0
h25000-s-0.3-w0.5-k0,complete,10,4314.037879,0.0
h25000-s-0.3-w0.5-k900,complete,10,4314.05663,0.0
h25000-s-0.5-w0-k0,complete,10,28145.644447,0.0
h25000-s-0.5-w0-k900,complete,10,28145.3097,0.0
h25000-s-0.5-w0.25-k0,complete,10,28145.644447,0.0
h25000-s-0.5-w0.25-k900,complete,10,28145.3097,0.0
h25000-s-0.5-w0.5-k0,complete,10,28145.644447,0.0
h25000-s-0.5-w0.5-k900,complete,10,28145.3097,0.0
h25000-s-0.7-w0-k0,complete,10,45282.880503,0.0
h25000-s-0.7-w0-k900,complete,10,45282.563358,0.0
h25000-s-0.7-w0.25-k0,complete,10,45282.880503,0.0
h25000-s-0.7-w0.25-k900,complete,10,45282.563358,0.0
h25000-s-0.7-w0.5-k0,complete,10,45282.880503,0.0
h25000-s-0.7-w0.5-k900,complete,10,45282.563358,0.0
h100000-s0-w0-k0,complete,0,0.0,75000.19245000002
h100000-s0-w0-k900,complete,0,0.0,75000.19245000002
h100000-s0-w0.25-k0,complete,0,0.0,75000.21351999998
h100000-s0-w0.25-k900,complete,0,0.0,75000.21351999998
h100000-s0-w0.5-k0,complete,0,0.0,75000.21374999998
h100000-s0-w0.5-k900,complete,0,0.0,75000.21374999998
h100000-s-0.1-w0-k0,complete,0,0.0,75000.19147
h100000-s-0.1-w0-k900,complete,0,0.0,75000.19147
h100000-s-0.1-w0.25-k0,complete,0,0.0,75000.19147
h100000-s-0.1-w0.25-k900,complete,0,0.0,75000.19147
h100000-s-0.1-w0.5-k0,complete,0,0.0,75000.19147
h100000-s-0.1-w0.5-k900,complete,0,0.0,75000.19147
h100000-s-0.3-w0-k0,complete,10,3860.339492,0.0
h100000-s-0.3-w0-k900,complete,10,3860.336151,0.0
h100000-s-0.3-w0.25-k0,complete,10,3860.339492,0.0
h100000-s-0.3-w0.25-k900,complete,10,3860.336151,0.0
h100000-s-0.3-w0.5-k0,complete,10,3860.339492,0.0
h100000-s-0.3-w0.5-k900,complete,10,3860.336151,0.0
h100000-s-0.5-w0-k0,complete,10,26202.656921,0.0
h100000-s-0.5-w0-k900,complete,10,26202.103014,0.0
h100000-s-0.5-w0.25-k0,complete,10,26202.656921,0.0
h100000-s-0.5-w0.25-k900,complete,10,26202.103014,0.0
h100000-s-0.5-w0.5-k0,complete,10,26202.656921,0.0
h100000-s-0.5-w0.5-k900,complete,10,26202.103014,0.0
h100000-s-0.7-w0-k0,complete,10,45014.108768,0.0
h100000-s-0.7-w0-k900,complete,10,45013.796288,0.0
h100000-s-0.7-w0.25-k0,complete,10,45014.108768,0.0
h100000-s-0.7-w0.25-k900,complete,10,45013.796288,0.0
h100000-s-0.7-w0.5-k0,complete,10,45014.108768,0.0
h100000-s-0.7-w0.5-k900,complete,10,45013.796288,0.0
up-h0-s0.5,complete,10,12135.936552899999,0.0
up-h0-s1.0,complete,10,55576.50691920001,0.0
continuation-h0,complete,10,24550.468923,0.0
up-h25000-s0.5,complete,10,12358.7258754,0.0
up-h25000-s1.0,complete,10,56291.513287199996,0.0
continuation-h25000,complete,10,24744.930771,0.0
up-h100000-s0.5,complete,10,9586.768506,0.0
up-h100000-s1.0,complete,10,52405.316794800005,0.0
continuation-h100000,complete,10,24188.755525,0.0
admission-25000,complete,10,7359.494554,0.0
admission-50000,complete,10,17344.945702,0.0
admission-100000,complete,10,33775.299417,0.0
admission-150000,error,,,
admission-200000,error,,,
