id,debt_asset,insurance_spend_tokens,minimum_opening_tokens,change_from_analysis_tokens
h0-s-0.3-w0-k0-funded,USDC,5398.743971,11344.199235,0.49465299999974377
h0-s-0.3-w0-k900-funded,USDC,5398.756314,11344.22195,0.55387299999893
h0-s-0.3-w0.25-k0-funded,USDC,5398.743971,11344.199235,0.49465299999974377
h0-s-0.3-w0.25-k900-funded,USDC,5398.756314,11344.22195,0.55387299999893
h0-s-0.3-w0.5-k0-funded,USDC,5398.743971,11344.199235,0.49465299999974377
h0-s-0.3-w0.5-k900-funded,USDC,5398.756314,11344.22195,0.55387299999893
h0-s-0.5-w0-k0-funded,USDC,26132.661587,52265.323174,-6.110666000000492
h0-s-0.5-w0-k900-funded,USDC,26132.376617,52264.753234,-6.107699999993201
h0-s-0.5-w0.25-k0-funded,USDC,26132.661587,52265.323174,-6.110666000000492
h0-s-0.5-w0.25-k900-funded,USDC,26132.376617,52264.753234,-6.107699999993201
h0-s-0.5-w0.5-k0-funded,USDC,26132.661587,52265.323174,-6.110666000000492
h0-s-0.5-w0.5-k900-funded,USDC,26132.376617,52264.753234,-6.107699999993201
h0-s-0.7-w0-k0-funded,USDC,43560.770409,87121.540818,-0.6728500000026543
h0-s-0.7-w0-k900-funded,USDC,43560.46407,87120.92814,-0.6713799999997718
h0-s-0.7-w0.25-k0-funded,USDC,43560.770409,87121.540818,-0.6728500000026543
h0-s-0.7-w0.25-k900-funded,USDC,43560.46407,87120.92814,-0.6713799999997718
h0-s-0.7-w0.5-k0-funded,USDC,43560.770409,87121.540818,-0.6728500000026543
h0-s-0.7-w0.5-k900-funded,USDC,43560.46407,87120.92814,-0.6713799999997718
h25000-s-0.3-w0-k0-funded,USDC,4203.166562,9580.985546,0.3797389999999723
h25000-s-0.3-w0-k900-funded,USDC,4203.184513,9581.017321,0.36832999999933236
h25000-s-0.3-w0.25-k0-funded,USDC,4203.166562,9580.985546,0.3797389999999723
h25000-s-0.3-w0.25-k900-funded,USDC,4203.184513,9581.017321,0.36832999999933236
h25000-s-0.3-w0.5-k0-funded,USDC,4203.166562,9580.985546,0.3797389999999723
h25000-s-0.3-w0.5-k900-funded,USDC,4203.184513,9581.017321,0.36832999999933236
h25000-s-0.5-w0-k0-funded,USDC,26485.103692,52970.207384,-0.44833199999993667
h25000-s-0.5-w0-k900-funded,USDC,26484.824631,52969.649262,-0.44641000000410713
h25000-s-0.5-w0.25-k0-funded,USDC,26485.103692,52970.207384,-0.44833199999993667
h25000-s-0.5-w0.25-k900-funded,USDC,26484.824631,52969.649262,-0.44641000000410713
h25000-s-0.5-w0.5-k0-funded,USDC,26485.103692,52970.207384,-0.44833199999993667
h25000-s-0.5-w0.5-k900-funded,USDC,26484.824631,52969.649262,-0.44641000000410713
h25000-s-0.7-w0-k0-funded,USDC,43688.878531,87377.757062,-0.1439200000022538
h25000-s-0.7-w0-k900-funded,USDC,43688.594799,87377.189598,-0.13762799999676645
h25000-s-0.7-w0.25-k0-funded,USDC,43688.878531,87377.757062,-0.1439200000022538
h25000-s-0.7-w0.25-k900-funded,USDC,43688.594799,87377.189598,-0.13762799999676645
h25000-s-0.7-w0.5-k0-funded,USDC,43688.878531,87377.757062,-0.1439200000022538
h25000-s-0.7-w0.5-k900-funded,USDC,43688.594799,87377.189598,-0.13762799999676645
h100000-s-0.3-w0-k0-funded,USDC,3771.625152,9177.148264,-0.1696670000001177
h100000-s-0.3-w0-k900-funded,USDC,3771.702383,9177.260319,-0.12927299999864772
h100000-s-0.3-w0.25-k0-funded,USDC,3771.625152,9177.148264,-0.1696670000001177
h100000-s-0.3-w0.25-k900-funded,USDC,3771.702383,9177.260319,-0.12927299999864772
h100000-s-0.3-w0.5-k0-funded,USDC,3771.625152,9177.148264,-0.1696670000001177
h100000-s-0.3-w0.5-k900-funded,USDC,3771.702383,9177.260319,-0.12927299999864772
h100000-s-0.5-w0-k0-funded,USDC,25064.753367,50129.506734,-0.6484479999999166
h100000-s-0.5-w0-k900-funded,USDC,25064.30236,50128.60472,-0.5772859999997308
h100000-s-0.5-w0.25-k0-funded,USDC,25064.753367,50129.506734,-0.6484479999999166
h100000-s-0.5-w0.25-k900-funded,USDC,25064.30236,50128.60472,-0.5772859999997308
h100000-s-0.5-w0.5-k0-funded,USDC,25064.753367,50129.506734,-0.6484479999999166
h100000-s-0.5-w0.5-k900-funded,USDC,25064.30236,50128.60472,-0.5772859999997308
h100000-s-0.7-w0-k0-funded,USDC,43716.745288,87433.490576,-0.5155380000069272
h100000-s-0.7-w0-k900-funded,USDC,43716.450109,87432.900218,-0.429734000004828
h100000-s-0.7-w0.25-k0-funded,USDC,43716.745288,87433.490576,-0.5155380000069272
h100000-s-0.7-w0.25-k900-funded,USDC,43716.450109,87432.900218,-0.429734000004828
h100000-s-0.7-w0.5-k0-funded,USDC,43716.745288,87433.490576,-0.5155380000069272
h100000-s-0.7-w0.5-k900-funded,USDC,43716.450109,87432.900218,-0.429734000004828
up-h0-s0.5-funded,SOL,38.967762933,77.935525866,-0.0026407239999883814
up-h0-s1.0-funded,SOL,130.663294255,261.32658851,-0.03094240599995146
continuation-h0-funded,USDC,23695.186657,47390.373314,0.4881459999960498
up-h25000-s0.5-funded,SOL,39.627441929,79.254883858,0.002381521999993197
up-h25000-s1.0-funded,SOL,132.426048411,264.852096822,-0.0012373339999953714
continuation-h25000-funded,USDC,23887.652929,47775.305858,0.24048999999649823
up-h100000-s0.5-funded,SOL,31.12153664,63.313321936,0.0005069219999995767
up-h100000-s1.0-funded,SOL,125.324098153,250.648196306,-0.002983112000009669
continuation-h100000-funded,USDC,23530.588416,47061.176832,-0.051146000005246606
admission-25000-funded,USDC,7176.675218,14353.350436,-0.1112779999984923
admission-50000-funded,USDC,16589.604601,33179.209202,-0.2042760000040289
admission-100000-funded,USDC,32249.049822,64498.099644,-1.7204539999947883
