curve_depth,amplification,reference_position,starting_margin_bps,target_bps,full_exit,original_debt,best_partial_reference_bps,first_feasible_sale_bps
100000,1,1000,700,900,977508,930000,9908,4600
100000,1,1000,1000,1200,977508,900000,9011,3400
100000,1,1000,1500,1700,977508,850000,9497,2300
100000,1,1000,2000,2200,977508,800000,9722,1800
100000,1,1000,3000,3200,977508,700000,9930,1200
100000,1,5000,700,900,4533054,4650000,898,none
100000,1,5000,1000,1200,4533054,4500000,8359,9400
100000,1,5000,1500,1700,4533054,4250000,9790,6200
100000,1,5000,2000,2200,4533054,4000000,9858,4500
100000,1,5000,3000,3200,4533054,3500000,9829,2700
100000,1,10000,700,900,8312489,9300000,771,none
100000,1,10000,1000,1200,8312489,9000000,1175,none
100000,1,10000,1500,1700,8312489,8500000,2108,none
100000,1,10000,2000,2200,8312489,8000000,9261,8100
100000,1,10000,3000,3200,8312489,7000000,9751,4700
100000,1,25000,700,900,16633299,23250000,725,none
100000,1,25000,1000,1200,16633299,22500000,1055,none
100000,1,25000,1500,1700,16633299,21250000,1642,none
100000,1,25000,2000,2200,16633299,20000000,2291,none
100000,1,25000,3000,3200,16633299,17500000,4013,none
100000,4,1000,700,900,992054,930000,8990,3100
100000,4,1000,1000,1200,992054,900000,9329,2300
100000,4,1000,1500,1700,992054,850000,9591,1600
100000,4,1000,2000,2200,992054,800000,9721,1200
100000,4,1000,3000,3200,992054,700000,9849,800
100000,4,5000,700,900,4790715,4650000,8077,6700
100000,4,5000,1000,1200,4790715,4500000,9321,4900
100000,4,5000,1500,1700,4790715,4250000,9981,3300
100000,4,5000,2000,2200,4790715,4000000,9701,2500
100000,4,5000,3000,3200,4790715,3500000,9715,1600
100000,4,10000,700,900,8851469,9300000,983,none
100000,4,10000,1000,1200,8851469,9000000,1692,none
100000,4,10000,1500,1700,8851469,8500000,9570,7400
100000,4,10000,2000,2200,8851469,8000000,9540,5300
100000,4,10000,3000,3200,8851469,7000000,9989,3200
100000,4,25000,700,900,17585893,23250000,776,none
100000,4,25000,1000,1200,17585893,22500000,1145,none
100000,4,25000,1500,1700,17585893,21250000,1810,none
100000,4,25000,2000,2200,17585893,20000000,2567,none
100000,4,25000,3000,3200,17585893,17500000,8832,9800
