amplification,debt_side,spend,step_slots,schedule,admitted,mm_bps,im_bps,threshold_fraction_bps,elapsed_slots,reference_value,debt,reference_health,full_exit,full_principal_shortfall_before_reward,profitable_partial_bps
1,0,1000,25,0,true,700,1000,10000,1050,536937,500000,687,434909,65091,0
1,0,1000,25,1,true,700,1000,10000,1050,536937,500000,687,434909,65091,0
1,0,1000,25,2,true,700,1000,10000,1050,536937,500000,687,434909,65091,0
1,0,1000,25,3,true,700,1000,10000,1050,536937,500000,687,434909,65091,0
1,0,1000,25,0,true,700,1000,7500,1075,526572,500000,504,426419,73581,0
1,0,1000,25,1,true,700,1000,7500,1075,526572,500000,504,426419,73581,0
1,0,1000,25,2,true,700,1000,7500,1075,526572,500000,504,426419,73581,0
1,0,1000,25,3,true,700,1000,7500,1075,526572,500000,504,426419,73581,0
1,0,1000,25,0,true,700,1000,5000,1100,516391,500000,317,418095,81905,0
1,0,1000,25,1,true,700,1000,5000,1100,516391,500000,317,418095,81905,0
1,0,1000,25,2,true,700,1000,5000,1100,516391,500000,317,418095,81905,0
1,0,1000,25,3,true,700,1000,5000,1100,516391,500000,317,418095,81905,0
1,0,1000,25,0,true,700,1000,2500,1125,506392,500000,126,409932,90068,0
1,0,1000,25,1,true,700,1000,2500,1125,506392,500000,126,409932,90068,0
1,0,1000,25,2,true,700,1000,2500,1125,506392,500000,126,409932,90068,0
1,0,1000,25,3,true,700,1000,2500,1125,506392,500000,126,409932,90068,0
1,0,1000,150,0,true,700,1000,10000,5250,528548,500000,540,499244,756,0
1,0,1000,150,1,true,700,1000,10000,5250,528548,500000,540,499244,756,0
1,0,1000,150,2,true,700,1000,10000,5250,528548,500000,540,499244,756,0
1,0,1000,150,3,true,700,1000,10000,5250,528548,500000,540,499244,756,0
1,0,1000,150,0,true,700,1000,5000,5400,518164,500000,350,489503,10497,0
1,0,1000,150,0,true,700,1000,7500,5400,518164,500000,350,489503,10497,0
1,0,1000,150,1,true,700,1000,5000,5400,518164,500000,350,489503,10497,0
1,0,1000,150,1,true,700,1000,7500,5400,518164,500000,350,489503,10497,0
1,0,1000,150,2,true,700,1000,5000,5400,518164,500000,350,489503,10497,0
1,0,1000,150,2,true,700,1000,7500,5400,518164,500000,350,489503,10497,0
1,0,1000,150,3,true,700,1000,5000,5400,518164,500000,350,489503,10497,0
1,0,1000,150,3,true,700,1000,7500,5400,518164,500000,350,489503,10497,0
1,0,1000,150,0,true,700,1000,2500,5550,507985,500000,157,479951,20049,0
1,0,1000,150,1,true,700,1000,2500,5550,507985,500000,157,479951,20049,0
1,0,1000,150,2,true,700,1000,2500,5550,507985,500000,157,479951,20049,0
1,0,1000,150,3,true,700,1000,2500,5550,507985,500000,157,479951,20049,0
1,0,5000,25,3,true,1598,1898,10000,1025,2945045,2500000,1511,2272523,227477,0
1,0,5000,25,2,true,1349,1649,10000,1050,2888876,2500000,1346,2229243,270757,0
1,0,5000,25,3,true,1598,1898,7500,1075,2833627,2500000,1177,2186776,313224,0
1,0,5000,25,2,true,1349,1649,7500,1100,2779299,2500000,1004,2145105,354895,0
1,0,5000,25,1,true,950,1250,10000,1125,2725891,2500000,828,2104217,395783,0
1,0,5000,25,0,true,700,1000,10000,1150,2673403,2500000,648,2064097,435903,0
1,0,5000,25,1,true,950,1250,7500,1150,2673403,2500000,648,2064097,435903,0
1,0,5000,25,2,true,1349,1649,5000,1150,2673403,2500000,648,2064097,435903,0
1,0,5000,25,3,true,1598,1898,5000,1150,2673403,2500000,648,2064097,435903,0
1,0,5000,25,0,true,700,1000,7500,1175,2621830,2500000,464,2024730,475270,0
1,0,5000,25,1,true,950,1250,5000,1175,2621830,2500000,464,2024730,475270,0
1,0,5000,25,0,true,700,1000,5000,1200,2571167,2500000,276,1986104,513896,0
1,0,5000,25,2,true,1349,1649,2500,1200,2571167,2500000,276,1986104,513896,0
1,0,5000,25,3,true,1598,1898,2500,1200,2571167,2500000,276,1986104,513896,0
1,0,5000,25,0,true,700,1000,2500,1225,2521407,2500000,84,1948204,551796,0
1,0,5000,25,1,true,950,1250,2500,1225,2521407,2500000,84,1948204,551796,0
1,0,5000,150,3,true,1598,1898,10000,4950,2964753,2500000,1567,2649859,0,0
1,0,5000,150,2,true,1349,1649,10000,5250,2849408,2500000,1226,2550114,0,0
1,0,5000,150,3,true,1598,1898,7500,5400,2793429,2500000,1050,2501636,0,0
1,0,5000,150,1,true,950,1250,10000,5550,2738550,2500000,871,2454065,45935,0
1,0,5000,150,2,true,1349,1649,7500,5550,2738550,2500000,871,2454065,45935,0
1,0,5000,150,0,true,700,1000,10000,5700,2684749,2500000,688,2407384,92616,0
1,0,5000,150,1,true,950,1250,7500,5700,2684749,2500000,688,2407384,92616,0
1,0,5000,150,3,true,1598,1898,5000,5700,2684749,2500000,688,2407384,92616,0
1,0,5000,150,0,true,700,1000,7500,5850,2632006,2500000,501,2361578,138422,0
1,0,5000,150,2,true,1349,1649,5000,5850,2632006,2500000,501,2361578,138422,0
1,0,5000,150,0,true,700,1000,5000,6000,2580298,2500000,311,2316629,183371,0
1,0,5000,150,1,true,950,1250,5000,6000,2580298,2500000,311,2316629,183371,0
1,0,5000,150,2,true,1349,1649,2500,6000,2580298,2500000,311,2316629,183371,0
1,0,5000,150,3,true,1598,1898,2500,6000,2580298,2500000,311,2316629,183371,0
1,0,5000,150,0,true,700,1000,2500,6150,2529606,2500000,117,2272523,227477,0
1,0,5000,150,1,true,950,1250,2500,6150,2529606,2500000,117,2272523,227477,0
1,0,15000,25,3,false,3197,3497,10000,950,10997185,7500000,3180,7565840,0,0
1,0,15000,25,2,true,2780,3080,10000,1050,10202511,7500000,2648,7035065,464935,0
1,0,15000,25,3,false,3197,3497,7500,1100,9821510,7500000,2363,6783256,716744,0
1,0,15000,25,2,true,2780,3080,7500,1150,9452045,7500000,2065,6540112,959888,0
1,0,15000,25,1,true,2014,2314,10000,1175,9271717,7500000,1910,6421701,1078299,0
1,0,15000,25,3,false,3197,3497,5000,1225,8919938,7500000,1591,6191029,1308971,0
1,0,15000,25,1,true,2014,2314,7500,1250,8748492,7500000,1427,6078701,1421299,0
1,0,15000,25,2,true,2780,3080,5000,1275,8580001,7500000,1258,5968336,1531664,0
1,0,15000,25,1,true,2014,2314,5000,1325,8251825,7500000,911,5753360,1746640,0
1,0,15000,25,0,true,734,1100,10000,1350,8092102,7500000,731,5648687,1851313,0
1,0,15000,25,3,false,3197,3497,2500,1350,8092102,7500000,731,5648687,1851313,0
1,0,15000,25,0,true,734,1100,7500,1375,7935255,7500000,548,5545849,1954151,0
1,0,15000,25,2,true,2780,3080,2500,1375,7935255,7500000,548,5545849,1954151,0
1,0,15000,25,0,true,734,1100,5000,1400,7781258,7500000,361,5444817,2055183,0
1,0,15000,25,1,true,2014,2314,2500,1400,7781258,7500000,361,5444817,2055183,0
1,0,15000,25,0,true,734,1100,2500,1425,7630079,7500000,170,5345559,2154441,0
1,0,15000,150,3,false,3197,3497,10000,4650,10932313,7500000,3139,8588246,0,0
1,0,15000,150,2,true,2780,3080,10000,5100,10300569,7500000,2718,8134855,0,0
1,0,15000,150,3,false,3197,3497,7500,5550,9705332,7500000,2272,7704411,0,0
1,0,15000,150,1,true,2014,2314,10000,5850,9327742,7500000,1959,7429658,70342,0
1,0,15000,150,2,true,2780,3080,7500,5850,9327742,7500000,1959,7429658,70342,0
1,0,15000,150,1,true,2014,2314,7500,6300,8788721,7500000,1466,7035065,464935,0
1,0,15000,150,3,false,3197,3497,5000,6300,8788721,7500000,1466,7035065,464935,0
1,0,15000,150,2,true,2780,3080,5000,6450,8616061,7500000,1295,6908060,591940,0
1,0,15000,150,1,true,2014,2314,5000,6750,8280849,7500000,942,6660619,839381,0
1,0,15000,150,3,false,3197,3497,2500,6900,8118166,7500000,761,6540112,959888,0
1,0,15000,150,0,true,734,1100,10000,7050,7958679,7500000,576,6421701,1078299,0
1,0,15000,150,2,true,2780,3080,2500,7050,7958679,7500000,576,6421701,1078299,0
1,0,15000,150,0,true,734,1100,7500,7200,7802325,7500000,387,6305351,1194649,0
1,0,15000,150,1,true,2014,2314,2500,7200,7802325,7500000,387,6305351,1194649,0
1,0,15000,150,0,true,734,1100,5000,7350,7649043,7500000,194,6191029,1308971,0
1,0,15000,150,0,true,734,1100,2500,7500,7498772,7500000,0,6078701,1421299,0
1,1,1000,25,0,true,700,1000,10000,1050,536937,500000,687,434909,65091,0
1,1,1000,25,1,true,700,1000,10000,1050,536937,500000,687,434909,65091,0
1,1,1000,25,2,true,700,1000,10000,1050,536937,500000,687,434909,65091,0
1,1,1000,25,3,true,700,1000,10000,1050,536937,500000,687,434909,65091,0
1,1,1000,25,0,true,700,1000,7500,1075,526572,500000,504,426419,73581,0
1,1,1000,25,1,true,700,1000,7500,1075,526572,500000,504,426419,73581,0
1,1,1000,25,2,true,700,1000,7500,1075,526572,500000,504,426419,73581,0
1,1,1000,25,3,true,700,1000,7500,1075,526572,500000,504,426419,73581,0
1,1,1000,25,0,true,700,1000,5000,1100,516391,500000,317,418095,81905,0
1,1,1000,25,1,true,700,1000,5000,1100,516391,500000,317,418095,81905,0
1,1,1000,25,2,true,700,1000,5000,1100,516391,500000,317,418095,81905,0
1,1,1000,25,3,true,700,1000,5000,1100,516391,500000,317,418095,81905,0
1,1,1000,25,0,true,700,1000,2500,1125,506392,500000,126,409932,90068,0
1,1,1000,25,1,true,700,1000,2500,1125,506392,500000,126,409932,90068,0
1,1,1000,25,2,true,700,1000,2500,1125,506392,500000,126,409932,90068,0
1,1,1000,25,3,true,700,1000,2500,1125,506392,500000,126,409932,90068,0
1,1,1000,150,0,true,700,1000,10000,5250,528548,500000,540,499244,756,0
1,1,1000,150,1,true,700,1000,10000,5250,528548,500000,540,499244,756,0
1,1,1000,150,2,true,700,1000,10000,5250,528548,500000,540,499244,756,0
1,1,1000,150,3,true,700,1000,10000,5250,528548,500000,540,499244,756,0
1,1,1000,150,0,true,700,1000,5000,5400,518164,500000,350,489503,10497,0
1,1,1000,150,0,true,700,1000,7500,5400,518164,500000,350,489503,10497,0
1,1,1000,150,1,true,700,1000,5000,5400,518164,500000,350,489503,10497,0
1,1,1000,150,1,true,700,1000,7500,5400,518164,500000,350,489503,10497,0
1,1,1000,150,2,true,700,1000,5000,5400,518164,500000,350,489503,10497,0
1,1,1000,150,2,true,700,1000,7500,5400,518164,500000,350,489503,10497,0
1,1,1000,150,3,true,700,1000,5000,5400,518164,500000,350,489503,10497,0
1,1,1000,150,3,true,700,1000,7500,5400,518164,500000,350,489503,10497,0
1,1,1000,150,0,true,700,1000,2500,5550,507985,500000,157,479951,20049,0
1,1,1000,150,1,true,700,1000,2500,5550,507985,500000,157,479951,20049,0
1,1,1000,150,2,true,700,1000,2500,5550,507985,500000,157,479951,20049,0
1,1,1000,150,3,true,700,1000,2500,5550,507985,500000,157,479951,20049,0
1,1,5000,25,3,true,1598,1898,10000,1025,2945045,2500000,1511,2272523,227477,0
1,1,5000,25,2,true,1349,1649,10000,1050,2888876,2500000,1346,2229243,270757,0
1,1,5000,25,3,true,1598,1898,7500,1075,2833627,2500000,1177,2186776,313224,0
1,1,5000,25,2,true,1349,1649,7500,1100,2779299,2500000,1004,2145105,354895,0
1,1,5000,25,1,true,950,1250,10000,1125,2725891,2500000,828,2104217,395783,0
1,1,5000,25,0,true,700,1000,10000,1150,2673403,2500000,648,2064097,435903,0
1,1,5000,25,1,true,950,1250,7500,1150,2673403,2500000,648,2064097,435903,0
1,1,5000,25,2,true,1349,1649,5000,1150,2673403,2500000,648,2064097,435903,0
1,1,5000,25,3,true,1598,1898,5000,1150,2673403,2500000,648,2064097,435903,0
1,1,5000,25,0,true,700,1000,7500,1175,2621830,2500000,464,2024730,475270,0
1,1,5000,25,1,true,950,1250,5000,1175,2621830,2500000,464,2024730,475270,0
1,1,5000,25,0,true,700,1000,5000,1200,2571167,2500000,276,1986104,513896,0
1,1,5000,25,2,true,1349,1649,2500,1200,2571167,2500000,276,1986104,513896,0
1,1,5000,25,3,true,1598,1898,2500,1200,2571167,2500000,276,1986104,513896,0
1,1,5000,25,0,true,700,1000,2500,1225,2521407,2500000,84,1948204,551796,0
1,1,5000,25,1,true,950,1250,2500,1225,2521407,2500000,84,1948204,551796,0
1,1,5000,150,3,true,1598,1898,10000,4950,2964753,2500000,1567,2649859,0,0
1,1,5000,150,2,true,1349,1649,10000,5250,2849408,2500000,1226,2550114,0,0
1,1,5000,150,3,true,1598,1898,7500,5400,2793429,2500000,1050,2501636,0,0
1,1,5000,150,1,true,950,1250,10000,5550,2738550,2500000,871,2454065,45935,0
1,1,5000,150,2,true,1349,1649,7500,5550,2738550,2500000,871,2454065,45935,0
1,1,5000,150,0,true,700,1000,10000,5700,2684749,2500000,688,2407384,92616,0
1,1,5000,150,1,true,950,1250,7500,5700,2684749,2500000,688,2407384,92616,0
1,1,5000,150,3,true,1598,1898,5000,5700,2684749,2500000,688,2407384,92616,0
1,1,5000,150,0,true,700,1000,7500,5850,2632006,2500000,501,2361578,138422,0
1,1,5000,150,2,true,1349,1649,5000,5850,2632006,2500000,501,2361578,138422,0
1,1,5000,150,0,true,700,1000,5000,6000,2580298,2500000,311,2316629,183371,0
1,1,5000,150,1,true,950,1250,5000,6000,2580298,2500000,311,2316629,183371,0
1,1,5000,150,2,true,1349,1649,2500,6000,2580298,2500000,311,2316629,183371,0
1,1,5000,150,3,true,1598,1898,2500,6000,2580298,2500000,311,2316629,183371,0
1,1,5000,150,0,true,700,1000,2500,6150,2529606,2500000,117,2272523,227477,0
1,1,5000,150,1,true,950,1250,2500,6150,2529606,2500000,117,2272523,227477,0
1,1,15000,25,3,false,3197,3497,10000,950,10997185,7500000,3180,7565840,0,0
1,1,15000,25,2,true,2780,3080,10000,1050,10202511,7500000,2648,7035065,464935,0
1,1,15000,25,3,false,3197,3497,7500,1100,9821510,7500000,2363,6783256,716744,0
1,1,15000,25,2,true,2780,3080,7500,1150,9452045,7500000,2065,6540112,959888,0
1,1,15000,25,1,true,2014,2314,10000,1175,9271717,7500000,1910,6421701,1078299,0
1,1,15000,25,3,false,3197,3497,5000,1225,8919938,7500000,1591,6191029,1308971,0
1,1,15000,25,1,true,2014,2314,7500,1250,8748492,7500000,1427,6078701,1421299,0
1,1,15000,25,2,true,2780,3080,5000,1275,8580001,7500000,1258,5968336,1531664,0
1,1,15000,25,1,true,2014,2314,5000,1325,8251825,7500000,911,5753360,1746640,0
1,1,15000,25,0,true,734,1100,10000,1350,8092102,7500000,731,5648687,1851313,0
1,1,15000,25,3,false,3197,3497,2500,1350,8092102,7500000,731,5648687,1851313,0
1,1,15000,25,0,true,734,1100,7500,1375,7935255,7500000,548,5545849,1954151,0
1,1,15000,25,2,true,2780,3080,2500,1375,7935255,7500000,548,5545849,1954151,0
1,1,15000,25,0,true,734,1100,5000,1400,7781258,7500000,361,5444817,2055183,0
1,1,15000,25,1,true,2014,2314,2500,1400,7781258,7500000,361,5444817,2055183,0
1,1,15000,25,0,true,734,1100,2500,1425,7630079,7500000,170,5345559,2154441,0
1,1,15000,150,3,false,3197,3497,10000,4650,10932313,7500000,3139,8588246,0,0
1,1,15000,150,2,true,2780,3080,10000,5100,10300569,7500000,2718,8134855,0,0
1,1,15000,150,3,false,3197,3497,7500,5550,9705332,7500000,2272,7704411,0,0
1,1,15000,150,1,true,2014,2314,10000,5850,9327742,7500000,1959,7429658,70342,0
1,1,15000,150,2,true,2780,3080,7500,5850,9327742,7500000,1959,7429658,70342,0
1,1,15000,150,1,true,2014,2314,7500,6300,8788721,7500000,1466,7035065,464935,0
1,1,15000,150,3,false,3197,3497,5000,6300,8788721,7500000,1466,7035065,464935,0
1,1,15000,150,2,true,2780,3080,5000,6450,8616061,7500000,1295,6908060,591940,0
1,1,15000,150,1,true,2014,2314,5000,6750,8280849,7500000,942,6660619,839381,0
1,1,15000,150,3,false,3197,3497,2500,6900,8118166,7500000,761,6540112,959888,0
1,1,15000,150,0,true,734,1100,10000,7050,7958679,7500000,576,6421701,1078299,0
1,1,15000,150,2,true,2780,3080,2500,7050,7958679,7500000,576,6421701,1078299,0
1,1,15000,150,0,true,734,1100,7500,7200,7802325,7500000,387,6305351,1194649,0
1,1,15000,150,1,true,2014,2314,2500,7200,7802325,7500000,387,6305351,1194649,0
1,1,15000,150,0,true,734,1100,5000,7350,7649043,7500000,194,6191029,1308971,0
1,1,15000,150,0,true,734,1100,2500,7500,7498772,7500000,0,6078701,1421299,0
4,0,1000,25,0,true,700,1000,10000,1125,536515,500000,680,428455,71545,0
4,0,1000,25,1,true,700,1000,10000,1125,536515,500000,680,428455,71545,0
4,0,1000,25,2,true,700,1000,10000,1125,536515,500000,680,428455,71545,0
4,0,1000,25,3,true,700,1000,10000,1125,536515,500000,680,428455,71545,0
4,0,1000,25,0,true,700,1000,7500,1150,525509,500000,485,419584,80416,0
4,0,1000,25,1,true,700,1000,7500,1150,525509,500000,485,419584,80416,0
4,0,1000,25,2,true,700,1000,7500,1150,525509,500000,485,419584,80416,0
4,0,1000,25,3,true,700,1000,7500,1150,525509,500000,485,419584,80416,0
4,0,1000,25,0,true,700,1000,5000,1175,514713,500000,285,410900,89100,0
4,0,1000,25,1,true,700,1000,5000,1175,514713,500000,285,410900,89100,0
4,0,1000,25,2,true,700,1000,5000,1175,514713,500000,285,410900,89100,0
4,0,1000,25,3,true,700,1000,5000,1175,514713,500000,285,410900,89100,0
4,0,1000,25,0,true,700,1000,2500,1200,504126,500000,81,402401,97599,0
4,0,1000,25,1,true,700,1000,2500,1200,504126,500000,81,402401,97599,0
4,0,1000,25,2,true,700,1000,2500,1200,504126,500000,81,402401,97599,0
4,0,1000,25,3,true,700,1000,2500,1200,504126,500000,81,402401,97599,0
4,0,1000,150,0,true,700,1000,10000,5700,527143,500000,514,496197,3803,0
4,0,1000,150,0,true,700,1000,7500,5700,527143,500000,514,496197,3803,0
4,0,1000,150,1,true,700,1000,10000,5700,527143,500000,514,496197,3803,0
4,0,1000,150,1,true,700,1000,7500,5700,527143,500000,514,496197,3803,0
4,0,1000,150,2,true,700,1000,10000,5700,527143,500000,514,496197,3803,0
4,0,1000,150,2,true,700,1000,7500,5700,527143,500000,514,496197,3803,0
4,0,1000,150,3,true,700,1000,10000,5700,527143,500000,514,496197,3803,0
4,0,1000,150,3,true,700,1000,7500,5700,527143,500000,514,496197,3803,0
4,0,1000,150,0,true,700,1000,5000,5850,516092,500000,311,485883,14117,0
4,0,1000,150,1,true,700,1000,5000,5850,516092,500000,311,485883,14117,0
4,0,1000,150,2,true,700,1000,5000,5850,516092,500000,311,485883,14117,0
4,0,1000,150,3,true,700,1000,5000,5850,516092,500000,311,485883,14117,0
4,0,1000,150,0,true,700,1000,2500,6000,505279,500000,104,475789,24211,0
4,0,1000,150,1,true,700,1000,2500,6000,505279,500000,104,475789,24211,0
4,0,1000,150,2,true,700,1000,2500,6000,505279,500000,104,475789,24211,0
4,0,1000,150,3,true,700,1000,2500,6000,505279,500000,104,475789,24211,0
4,0,5000,25,3,true,1651,1951,10000,1175,2940824,2500000,1498,2229783,270217,0
4,0,5000,25,2,true,1387,1687,10000,1200,2881222,2500000,1323,2184642,315358,0
4,0,5000,25,3,true,1651,1951,7500,1225,2822657,2500000,1143,2140429,359571,0
4,0,5000,25,1,true,965,1265,10000,1250,2765132,2500000,958,2097124,402876,0
4,0,5000,25,2,true,1387,1687,7500,1250,2765132,2500000,958,2097124,402876,0
4,0,5000,25,3,true,1651,1951,5000,1275,2708650,2500000,770,2054708,445292,0
4,0,5000,25,0,true,700,1000,10000,1300,2653209,2500000,577,2013162,486838,0
4,0,5000,25,1,true,965,1265,7500,1300,2653209,2500000,577,2013162,486838,0
4,0,5000,25,2,true,1387,1687,5000,1300,2653209,2500000,577,2013162,486838,0
4,0,5000,25,0,true,700,1000,7500,1325,2598806,2500000,380,1972469,527531,0
4,0,5000,25,1,true,965,1265,5000,1325,2598806,2500000,380,1972469,527531,0
4,0,5000,25,3,true,1651,1951,2500,1325,2598806,2500000,380,1972469,527531,0
4,0,5000,25,0,true,700,1000,5000,1350,2545436,2500000,178,1932610,567390,0
4,0,5000,25,1,true,965,1265,2500,1350,2545436,2500000,178,1932610,567390,0
4,0,5000,25,2,true,1387,1687,2500,1350,2545436,2500000,178,1932610,567390,0
4,0,5000,25,0,true,700,1000,2500,1375,2493090,2500000,0,1893568,606432,0
4,0,5000,150,3,true,1651,1951,10000,5850,2962173,2500000,1560,2626794,0,0
4,0,5000,150,2,true,1387,1687,10000,6000,2899764,2500000,1378,2573476,0,0
4,0,5000,150,3,true,1651,1951,7500,6150,2838714,2500000,1193,2521258,0,0
4,0,5000,150,2,true,1387,1687,7500,6300,2778991,2500000,1003,2470116,29884,0
4,0,5000,150,1,true,965,1265,10000,6450,2720566,2500000,810,2420029,79971,0
4,0,5000,150,3,true,1651,1951,5000,6450,2720566,2500000,810,2420029,79971,0
4,0,5000,150,0,true,700,1000,10000,6600,2663409,2500000,613,2370974,129026,0
4,0,5000,150,1,true,965,1265,7500,6600,2663409,2500000,613,2370974,129026,0
4,0,5000,150,2,true,1387,1687,5000,6600,2663409,2500000,613,2370974,129026,0
4,0,5000,150,0,true,700,1000,7500,6750,2607491,2500000,412,2322928,177072,0
4,0,5000,150,1,true,965,1265,5000,6750,2607491,2500000,412,2322928,177072,0
4,0,5000,150,3,true,1651,1951,2500,6750,2607491,2500000,412,2322928,177072,0
4,0,5000,150,0,true,700,1000,5000,6900,2552783,2500000,206,2275872,224128,0
4,0,5000,150,1,true,965,1265,2500,6900,2552783,2500000,206,2275872,224128,0
4,0,5000,150,2,true,1387,1687,2500,6900,2552783,2500000,206,2275872,224128,0
4,0,5000,150,0,true,700,1000,2500,7050,2499260,2500000,0,2229783,270217,0
4,0,15000,25,3,true,3298,3598,10000,1125,11111146,7500000,3250,7659124,0,0
4,0,15000,25,2,true,2875,3175,10000,1225,10359009,7500000,2759,7084204,415796,0
4,0,15000,25,3,true,3298,3598,7500,1300,9795199,7500000,2343,6681415,818585,0
4,0,15000,25,1,true,2091,2391,10000,1350,9425440,7500000,2042,6425647,1074353,0
4,0,15000,25,2,true,2875,3175,7500,1350,9425440,7500000,2042,6425647,1074353,0
4,0,15000,25,1,true,2091,2391,7500,1425,8885043,7500000,1558,6060164,1439836,0
4,0,15000,25,3,true,3298,3598,5000,1425,8885043,7500000,1558,6060164,1439836,0
4,0,15000,25,2,true,2875,3175,5000,1450,8709409,7500000,1388,5942997,1557003,0
4,0,15000,25,1,true,2091,2391,5000,1500,8365621,7500000,1034,5715388,1784612,0
4,0,15000,25,0,true,739,1125,10000,1550,8032342,7500000,662,5496461,2003539,0
4,0,15000,25,2,true,2875,3175,2500,1550,8032342,7500000,662,5496461,2003539,0
4,0,15000,25,3,true,3298,3598,2500,1550,8032342,7500000,662,5496461,2003539,0
4,0,15000,25,0,true,739,1125,7500,1575,7869784,7500000,469,5390149,2109851,0
4,0,15000,25,1,true,2091,2391,2500,1575,7869784,7500000,469,5390149,2109851,0
4,0,15000,25,0,true,739,1125,5000,1600,7709995,7500000,272,5285885,2214115,0
4,0,15000,25,0,true,739,1125,2500,1625,7552996,7500000,70,5183629,2316371,0
4,0,15000,150,3,true,3298,3598,10000,5850,11154372,7500000,3276,8609813,0,0
4,0,15000,150,2,true,2875,3175,10000,6300,10471895,7500000,2837,8120615,0,0
4,0,15000,150,3,true,3298,3598,7500,6750,9818980,7500000,2361,7659124,0,0
4,0,15000,150,1,true,2091,2391,10000,7050,9406198,7500000,2026,7366078,133922,0
4,0,15000,150,2,true,2875,3175,7500,7050,9406198,7500000,2026,7366078,133922,0
4,0,15000,150,1,true,2091,2391,7500,7500,8820224,7500000,1496,6947323,552677,0
4,0,15000,150,3,true,3298,3598,5000,7500,8820224,7500000,1496,6947323,552677,0
4,0,15000,150,2,true,2875,3175,5000,7650,8633404,7500000,1312,6813077,686923,0
4,0,15000,150,1,true,2091,2391,5000,7950,8271958,7500000,933,6552288,947712,0
4,0,15000,150,0,true,739,1125,10000,8100,8097147,7500000,737,6425647,1074353,0
4,0,15000,150,3,true,3298,3598,2500,8100,8097147,7500000,737,6425647,1074353,0
4,0,15000,150,0,true,739,1125,7500,8250,7926158,7500000,537,6301444,1198556,0
4,0,15000,150,2,true,2875,3175,2500,8250,7926158,7500000,537,6301444,1198556,0
4,0,15000,150,0,true,739,1125,5000,8400,7758904,7500000,333,6179631,1320369,0
4,0,15000,150,1,true,2091,2391,2500,8400,7758904,7500000,333,6179631,1320369,0
4,0,15000,150,0,true,739,1125,2500,8550,7595298,7500000,125,6060164,1439836,0
4,1,1000,25,0,true,700,1000,10000,1125,536515,500000,680,428455,71545,0
4,1,1000,25,1,true,700,1000,10000,1125,536515,500000,680,428455,71545,0
4,1,1000,25,2,true,700,1000,10000,1125,536515,500000,680,428455,71545,0
4,1,1000,25,3,true,700,1000,10000,1125,536515,500000,680,428455,71545,0
4,1,1000,25,0,true,700,1000,7500,1150,525509,500000,485,419584,80416,0
4,1,1000,25,1,true,700,1000,7500,1150,525509,500000,485,419584,80416,0
4,1,1000,25,2,true,700,1000,7500,1150,525509,500000,485,419584,80416,0
4,1,1000,25,3,true,700,1000,7500,1150,525509,500000,485,419584,80416,0
4,1,1000,25,0,true,700,1000,5000,1175,514713,500000,285,410900,89100,0
4,1,1000,25,1,true,700,1000,5000,1175,514713,500000,285,410900,89100,0
4,1,1000,25,2,true,700,1000,5000,1175,514713,500000,285,410900,89100,0
4,1,1000,25,3,true,700,1000,5000,1175,514713,500000,285,410900,89100,0
4,1,1000,25,0,true,700,1000,2500,1200,504126,500000,81,402401,97599,0
4,1,1000,25,1,true,700,1000,2500,1200,504126,500000,81,402401,97599,0
4,1,1000,25,2,true,700,1000,2500,1200,504126,500000,81,402401,97599,0
4,1,1000,25,3,true,700,1000,2500,1200,504126,500000,81,402401,97599,0
4,1,1000,150,0,true,700,1000,10000,5700,527143,500000,514,496197,3803,0
4,1,1000,150,0,true,700,1000,7500,5700,527143,500000,514,496197,3803,0
4,1,1000,150,1,true,700,1000,10000,5700,527143,500000,514,496197,3803,0
4,1,1000,150,1,true,700,1000,7500,5700,527143,500000,514,496197,3803,0
4,1,1000,150,2,true,700,1000,10000,5700,527143,500000,514,496197,3803,0
4,1,1000,150,2,true,700,1000,7500,5700,527143,500000,514,496197,3803,0
4,1,1000,150,3,true,700,1000,10000,5700,527143,500000,514,496197,3803,0
4,1,1000,150,3,true,700,1000,7500,5700,527143,500000,514,496197,3803,0
4,1,1000,150,0,true,700,1000,5000,5850,516092,500000,311,485883,14117,0
4,1,1000,150,1,true,700,1000,5000,5850,516092,500000,311,485883,14117,0
4,1,1000,150,2,true,700,1000,5000,5850,516092,500000,311,485883,14117,0
4,1,1000,150,3,true,700,1000,5000,5850,516092,500000,311,485883,14117,0
4,1,1000,150,0,true,700,1000,2500,6000,505279,500000,104,475789,24211,0
4,1,1000,150,1,true,700,1000,2500,6000,505279,500000,104,475789,24211,0
4,1,1000,150,2,true,700,1000,2500,6000,505279,500000,104,475789,24211,0
4,1,1000,150,3,true,700,1000,2500,6000,505279,500000,104,475789,24211,0
4,1,5000,25,3,true,1651,1951,10000,1175,2940824,2500000,1498,2229783,270217,0
4,1,5000,25,2,true,1387,1687,10000,1200,2881222,2500000,1323,2184642,315358,0
4,1,5000,25,3,true,1651,1951,7500,1225,2822657,2500000,1143,2140429,359571,0
4,1,5000,25,1,true,965,1265,10000,1250,2765132,2500000,958,2097124,402876,0
4,1,5000,25,2,true,1387,1687,7500,1250,2765132,2500000,958,2097124,402876,0
4,1,5000,25,3,true,1651,1951,5000,1275,2708650,2500000,770,2054708,445292,0
4,1,5000,25,0,true,700,1000,10000,1300,2653209,2500000,577,2013162,486838,0
4,1,5000,25,1,true,965,1265,7500,1300,2653209,2500000,577,2013162,486838,0
4,1,5000,25,2,true,1387,1687,5000,1300,2653209,2500000,577,2013162,486838,0
4,1,5000,25,0,true,700,1000,7500,1325,2598806,2500000,380,1972469,527531,0
4,1,5000,25,1,true,965,1265,5000,1325,2598806,2500000,380,1972469,527531,0
4,1,5000,25,3,true,1651,1951,2500,1325,2598806,2500000,380,1972469,527531,0
4,1,5000,25,0,true,700,1000,5000,1350,2545436,2500000,178,1932610,567390,0
4,1,5000,25,1,true,965,1265,2500,1350,2545436,2500000,178,1932610,567390,0
4,1,5000,25,2,true,1387,1687,2500,1350,2545436,2500000,178,1932610,567390,0
4,1,5000,25,0,true,700,1000,2500,1375,2493090,2500000,0,1893568,606432,0
4,1,5000,150,3,true,1651,1951,10000,5850,2962173,2500000,1560,2626794,0,0
4,1,5000,150,2,true,1387,1687,10000,6000,2899764,2500000,1378,2573476,0,0
4,1,5000,150,3,true,1651,1951,7500,6150,2838714,2500000,1193,2521258,0,0
4,1,5000,150,2,true,1387,1687,7500,6300,2778991,2500000,1003,2470116,29884,0
4,1,5000,150,1,true,965,1265,10000,6450,2720566,2500000,810,2420029,79971,0
4,1,5000,150,3,true,1651,1951,5000,6450,2720566,2500000,810,2420029,79971,0
4,1,5000,150,0,true,700,1000,10000,6600,2663409,2500000,613,2370974,129026,0
4,1,5000,150,1,true,965,1265,7500,6600,2663409,2500000,613,2370974,129026,0
4,1,5000,150,2,true,1387,1687,5000,6600,2663409,2500000,613,2370974,129026,0
4,1,5000,150,0,true,700,1000,7500,6750,2607491,2500000,412,2322928,177072,0
4,1,5000,150,1,true,965,1265,5000,6750,2607491,2500000,412,2322928,177072,0
4,1,5000,150,3,true,1651,1951,2500,6750,2607491,2500000,412,2322928,177072,0
4,1,5000,150,0,true,700,1000,5000,6900,2552783,2500000,206,2275872,224128,0
4,1,5000,150,1,true,965,1265,2500,6900,2552783,2500000,206,2275872,224128,0
4,1,5000,150,2,true,1387,1687,2500,6900,2552783,2500000,206,2275872,224128,0
4,1,5000,150,0,true,700,1000,2500,7050,2499260,2500000,0,2229783,270217,0
4,1,15000,25,3,true,3298,3598,10000,1125,11111145,7500000,3250,7659124,0,0
4,1,15000,25,2,true,2875,3175,10000,1225,10359009,7500000,2759,7084204,415796,0
4,1,15000,25,3,true,3298,3598,7500,1300,9795199,7500000,2343,6681415,818585,0
4,1,15000,25,1,true,2091,2391,10000,1350,9425440,7500000,2042,6425647,1074353,0
4,1,15000,25,2,true,2875,3175,7500,1350,9425440,7500000,2042,6425647,1074353,0
4,1,15000,25,1,true,2091,2391,7500,1425,8885043,7500000,1558,6060164,1439836,0
4,1,15000,25,3,true,3298,3598,5000,1425,8885043,7500000,1558,6060164,1439836,0
4,1,15000,25,2,true,2875,3175,5000,1450,8709409,7500000,1388,5942997,1557003,0
4,1,15000,25,1,true,2091,2391,5000,1500,8365621,7500000,1034,5715388,1784612,0
4,1,15000,25,0,true,739,1125,10000,1550,8032342,7500000,662,5496461,2003539,0
4,1,15000,25,2,true,2875,3175,2500,1550,8032342,7500000,662,5496461,2003539,0
4,1,15000,25,3,true,3298,3598,2500,1550,8032342,7500000,662,5496461,2003539,0
4,1,15000,25,0,true,739,1125,7500,1575,7869784,7500000,469,5390149,2109851,0
4,1,15000,25,1,true,2091,2391,2500,1575,7869784,7500000,469,5390149,2109851,0
4,1,15000,25,0,true,739,1125,5000,1600,7709995,7500000,272,5285885,2214115,0
4,1,15000,25,0,true,739,1125,2500,1625,7552996,7500000,70,5183629,2316371,0
4,1,15000,150,3,true,3298,3598,10000,5850,11154372,7500000,3276,8609813,0,0
4,1,15000,150,2,true,2875,3175,10000,6300,10471895,7500000,2837,8120615,0,0
4,1,15000,150,3,true,3298,3598,7500,6750,9818980,7500000,2361,7659124,0,0
4,1,15000,150,1,true,2091,2391,10000,7050,9406198,7500000,2026,7366078,133922,0
4,1,15000,150,2,true,2875,3175,7500,7050,9406198,7500000,2026,7366078,133922,0
4,1,15000,150,1,true,2091,2391,7500,7500,8820224,7500000,1496,6947323,552677,0
4,1,15000,150,3,true,3298,3598,5000,7500,8820224,7500000,1496,6947323,552677,0
4,1,15000,150,2,true,2875,3175,5000,7650,8633404,7500000,1312,6813077,686923,0
4,1,15000,150,1,true,2091,2391,5000,7950,8271958,7500000,933,6552288,947712,0
4,1,15000,150,0,true,739,1125,10000,8100,8097147,7500000,737,6425647,1074353,0
4,1,15000,150,3,true,3298,3598,2500,8100,8097147,7500000,737,6425647,1074353,0
4,1,15000,150,0,true,739,1125,7500,8250,7926158,7500000,537,6301444,1198556,0
4,1,15000,150,2,true,2875,3175,2500,8250,7926158,7500000,537,6301444,1198556,0
4,1,15000,150,0,true,739,1125,5000,8400,7758904,7500000,333,6179631,1320369,0
4,1,15000,150,1,true,2091,2391,2500,8400,7758904,7500000,333,6179631,1320369,0
4,1,15000,150,0,true,739,1125,2500,8550,7595298,7500000,125,6060164,1439836,0
