liquidity,amplification,debt_side,spend,wallet_bps,schedule,collateral,stored_depth,mm_bps,im_bps,reference_health,execution_health,admitted
25000,1,0,250000,2000,0,244377,12255623,700,1000,1815,1952,true
25000,1,0,250000,2000,1,244377,12255623,700,1000,1815,1952,true
25000,1,0,250000,2000,2,244377,12255623,700,1000,1815,1952,true
25000,1,0,250000,2000,3,244377,12255623,700,1000,1815,1952,true
25000,1,0,250000,5000,0,244377,12255623,700,1000,4884,4970,true
25000,1,0,250000,5000,1,244377,12255623,700,1000,4884,4970,true
25000,1,0,250000,5000,2,244377,12255623,700,1000,4884,4970,true
25000,1,0,250000,5000,3,244377,12255623,700,1000,4884,4970,true
25000,1,0,1250000,2000,0,1133263,11366737,700,1000,1175,1953,true
25000,1,0,1250000,2000,1,1133263,11366737,950,1250,1175,1953,false
25000,1,0,1250000,2000,2,1133263,11366737,1349,1649,1175,1953,false
25000,1,0,1250000,2000,3,1133263,11366737,1598,1898,1175,1953,false
25000,1,0,1250000,5000,0,1133263,11366737,700,1000,4484,4971,true
25000,1,0,1250000,5000,1,1133263,11366737,950,1250,4484,4971,true
25000,1,0,1250000,5000,2,1133263,11366737,1349,1649,4484,4971,true
25000,1,0,1250000,5000,3,1133263,11366737,1598,1898,4484,4971,true
25000,1,0,3750000,2000,0,2877953,9622047,734,1100,0,1957,false
25000,1,0,3750000,2000,1,2877953,9622047,2014,2314,0,1957,false
25000,1,0,3750000,2000,2,2877953,9622047,2780,3080,0,1957,false
25000,1,0,3750000,2000,3,2877953,9622047,3197,3497,0,1957,false
25000,1,0,3750000,5000,0,2877953,9622047,734,1100,3484,4973,true
25000,1,0,3750000,5000,1,2877953,9622047,2014,2314,3484,4973,true
25000,1,0,3750000,5000,2,2877953,9622047,2780,3080,3484,4973,true
25000,1,0,3750000,5000,3,2877953,9622047,3197,3497,3484,4973,false
25000,1,0,7500000,2000,0,4678701,7821299,767,1399,0,1960,false
25000,1,0,7500000,2000,1,4678701,7821299,2507,2807,0,1960,false
25000,1,0,7500000,2000,2,4678701,7821299,3390,3690,0,1960,false
25000,1,0,7500000,2000,3,4678701,7821299,3849,4149,0,1960,false
25000,1,0,7500000,5000,0,4678701,7821299,767,1399,1984,4975,true
25000,1,0,7500000,5000,1,4678701,7821299,2507,2807,1984,4975,false
25000,1,0,7500000,5000,2,4678701,7821299,3390,3690,1984,4975,false
25000,1,0,7500000,5000,3,4678701,7821299,3849,4149,1984,4975,false
25000,1,1,250000,2000,0,244377,12255623,700,1000,1815,1952,true
25000,1,1,250000,2000,1,244377,12255623,700,1000,1815,1952,true
25000,1,1,250000,2000,2,244377,12255623,700,1000,1815,1952,true
25000,1,1,250000,2000,3,244377,12255623,700,1000,1815,1952,true
25000,1,1,250000,5000,0,244377,12255623,700,1000,4884,4970,true
25000,1,1,250000,5000,1,244377,12255623,700,1000,4884,4970,true
25000,1,1,250000,5000,2,244377,12255623,700,1000,4884,4970,true
25000,1,1,250000,5000,3,244377,12255623,700,1000,4884,4970,true
25000,1,1,1250000,2000,0,1133263,11366737,700,1000,1175,1953,true
25000,1,1,1250000,2000,1,1133263,11366737,950,1250,1175,1953,false
25000,1,1,1250000,2000,2,1133263,11366737,1349,1649,1175,1953,false
25000,1,1,1250000,2000,3,1133263,11366737,1598,1898,1175,1953,false
25000,1,1,1250000,5000,0,1133263,11366737,700,1000,4484,4971,true
25000,1,1,1250000,5000,1,1133263,11366737,950,1250,4484,4971,true
25000,1,1,1250000,5000,2,1133263,11366737,1349,1649,4484,4971,true
25000,1,1,1250000,5000,3,1133263,11366737,1598,1898,4484,4971,true
25000,1,1,3750000,2000,0,2877953,9622047,734,1100,0,1957,false
25000,1,1,3750000,2000,1,2877953,9622047,2014,2314,0,1957,false
25000,1,1,3750000,2000,2,2877953,9622047,2780,3080,0,1957,false
25000,1,1,3750000,2000,3,2877953,9622047,3197,3497,0,1957,false
25000,1,1,3750000,5000,0,2877953,9622047,734,1100,3484,4973,true
25000,1,1,3750000,5000,1,2877953,9622047,2014,2314,3484,4973,true
25000,1,1,3750000,5000,2,2877953,9622047,2780,3080,3484,4973,true
25000,1,1,3750000,5000,3,2877953,9622047,3197,3497,3484,4973,false
25000,1,1,7500000,2000,0,4678701,7821299,767,1399,0,1960,false
25000,1,1,7500000,2000,1,4678701,7821299,2507,2807,0,1960,false
25000,1,1,7500000,2000,2,4678701,7821299,3390,3690,0,1960,false
25000,1,1,7500000,2000,3,4678701,7821299,3849,4149,0,1960,false
25000,1,1,7500000,5000,0,4678701,7821299,767,1399,1984,4975,true
25000,1,1,7500000,5000,1,4678701,7821299,2507,2807,1984,4975,false
25000,1,1,7500000,5000,2,4678701,7821299,3390,3690,1984,4975,false
25000,1,1,7500000,5000,3,4678701,7821299,3849,4149,1984,4975,false
25000,4,0,250000,2000,0,248013,12251987,700,1000,1935,1951,true
25000,4,0,250000,2000,1,248013,12251987,700,1000,1935,1951,true
25000,4,0,250000,2000,2,248013,12251987,700,1000,1935,1951,true
25000,4,0,250000,2000,3,248013,12251987,700,1000,1935,1951,true
25000,4,0,250000,5000,0,248013,12251987,700,1000,4959,4969,true
25000,4,0,250000,5000,1,248013,12251987,700,1000,4959,4969,true
25000,4,0,250000,5000,2,248013,12251987,700,1000,4959,4969,true
25000,4,0,250000,5000,3,248013,12251987,700,1000,4959,4969,true
25000,4,0,1250000,2000,0,1197678,11302322,700,1000,1650,1952,true
25000,4,0,1250000,2000,1,1197678,11302322,965,1265,1650,1952,true
25000,4,0,1250000,2000,2,1197678,11302322,1387,1687,1650,1952,false
25000,4,0,1250000,2000,3,1197678,11302322,1651,1951,1650,1952,false
25000,4,0,1250000,5000,0,1197678,11302322,700,1000,4781,4970,true
25000,4,0,1250000,5000,1,1197678,11302322,965,1265,4781,4970,true
25000,4,0,1250000,5000,2,1197678,11302322,1387,1687,4781,4970,true
25000,4,0,1250000,5000,3,1197678,11302322,1651,1951,4781,4970,true
25000,4,0,3750000,2000,0,3060715,9439285,739,1125,198,1956,false
25000,4,0,3750000,2000,1,3060715,9439285,2091,2391,198,1956,false
25000,4,0,3750000,2000,2,3060715,9439285,2875,3175,198,1956,false
25000,4,0,3750000,2000,3,3060715,9439285,3298,3598,198,1956,false
25000,4,0,3750000,5000,0,3060715,9439285,739,1125,3873,4972,true
25000,4,0,3750000,5000,1,3060715,9439285,2091,2391,3873,4972,true
25000,4,0,3750000,5000,2,3060715,9439285,2875,3175,3873,4972,true
25000,4,0,3750000,5000,3,3060715,9439285,3298,3598,3873,4972,true
25000,4,0,7500000,2000,0,4931952,7568048,786,1452,0,1960,false
25000,4,0,7500000,2000,1,4931952,7568048,2548,2848,0,1960,false
25000,4,0,7500000,2000,2,4931952,7568048,3440,3740,0,1960,false
25000,4,0,7500000,2000,3,4931952,7568048,3902,4202,0,1960,false
25000,4,0,7500000,5000,0,4931952,7568048,786,1452,2396,4975,true
25000,4,0,7500000,5000,1,4931952,7568048,2548,2848,2396,4975,false
25000,4,0,7500000,5000,2,4931952,7568048,3440,3740,2396,4975,false
25000,4,0,7500000,5000,3,4931952,7568048,3902,4202,2396,4975,false
25000,4,1,250000,2000,0,248013,12251987,700,1000,1935,1951,true
25000,4,1,250000,2000,1,248013,12251987,700,1000,1935,1951,true
25000,4,1,250000,2000,2,248013,12251987,700,1000,1935,1951,true
25000,4,1,250000,2000,3,248013,12251987,700,1000,1935,1951,true
25000,4,1,250000,5000,0,248013,12251987,700,1000,4959,4969,true
25000,4,1,250000,5000,1,248013,12251987,700,1000,4959,4969,true
25000,4,1,250000,5000,2,248013,12251987,700,1000,4959,4969,true
25000,4,1,250000,5000,3,248013,12251987,700,1000,4959,4969,true
25000,4,1,1250000,2000,0,1197678,11302322,700,1000,1650,1952,true
25000,4,1,1250000,2000,1,1197678,11302322,965,1265,1650,1952,true
25000,4,1,1250000,2000,2,1197678,11302322,1387,1687,1650,1952,false
25000,4,1,1250000,2000,3,1197678,11302322,1651,1951,1650,1952,false
25000,4,1,1250000,5000,0,1197678,11302322,700,1000,4781,4970,true
25000,4,1,1250000,5000,1,1197678,11302322,965,1265,4781,4970,true
25000,4,1,1250000,5000,2,1197678,11302322,1387,1687,4781,4970,true
25000,4,1,1250000,5000,3,1197678,11302322,1651,1951,4781,4970,true
25000,4,1,3750000,2000,0,3060715,9439285,739,1125,198,1956,false
25000,4,1,3750000,2000,1,3060715,9439285,2091,2391,198,1956,false
25000,4,1,3750000,2000,2,3060715,9439285,2875,3175,198,1956,false
25000,4,1,3750000,2000,3,3060715,9439285,3298,3598,198,1956,false
25000,4,1,3750000,5000,0,3060715,9439285,739,1125,3873,4972,true
25000,4,1,3750000,5000,1,3060715,9439285,2091,2391,3873,4972,true
25000,4,1,3750000,5000,2,3060715,9439285,2875,3175,3873,4972,true
25000,4,1,3750000,5000,3,3060715,9439285,3298,3598,3873,4972,true
25000,4,1,7500000,2000,0,4931952,7568048,786,1452,0,1960,false
25000,4,1,7500000,2000,1,4931952,7568048,2548,2848,0,1960,false
25000,4,1,7500000,2000,2,4931952,7568048,3440,3740,0,1960,false
25000,4,1,7500000,2000,3,4931952,7568048,3902,4202,0,1960,false
25000,4,1,7500000,5000,0,4931952,7568048,786,1452,2396,4975,true
25000,4,1,7500000,5000,1,4931952,7568048,2548,2848,2396,4975,false
25000,4,1,7500000,5000,2,4931952,7568048,3440,3740,2396,4975,false
25000,4,1,7500000,5000,3,4931952,7568048,3902,4202,2396,4975,false
100000,1,0,1000000,2000,0,977508,49022492,700,1000,1815,1952,true
100000,1,0,1000000,2000,1,977508,49022492,700,1000,1815,1952,true
100000,1,0,1000000,2000,2,977508,49022492,700,1000,1815,1952,true
100000,1,0,1000000,2000,3,977508,49022492,700,1000,1815,1952,true
100000,1,0,1000000,5000,0,977508,49022492,700,1000,4884,4970,true
100000,1,0,1000000,5000,1,977508,49022492,700,1000,4884,4970,true
100000,1,0,1000000,5000,2,977508,49022492,700,1000,4884,4970,true
100000,1,0,1000000,5000,3,977508,49022492,700,1000,4884,4970,true
100000,1,0,5000000,2000,0,4533054,45466946,700,1000,1175,1953,true
100000,1,0,5000000,2000,1,4533054,45466946,950,1250,1175,1953,false
100000,1,0,5000000,2000,2,4533054,45466946,1349,1649,1175,1953,false
100000,1,0,5000000,2000,3,4533054,45466946,1598,1898,1175,1953,false
100000,1,0,5000000,5000,0,4533054,45466946,700,1000,4484,4971,true
100000,1,0,5000000,5000,1,4533054,45466946,950,1250,4484,4971,true
100000,1,0,5000000,5000,2,4533054,45466946,1349,1649,4484,4971,true
100000,1,0,5000000,5000,3,4533054,45466946,1598,1898,4484,4971,true
100000,1,0,15000000,2000,0,11511815,38488185,734,1100,0,1957,false
100000,1,0,15000000,2000,1,11511815,38488185,2014,2314,0,1957,false
100000,1,0,15000000,2000,2,11511815,38488185,2780,3080,0,1957,false
100000,1,0,15000000,2000,3,11511815,38488185,3197,3497,0,1957,false
100000,1,0,15000000,5000,0,11511815,38488185,734,1100,3484,4973,true
100000,1,0,15000000,5000,1,11511815,38488185,2014,2314,3484,4973,true
100000,1,0,15000000,5000,2,11511815,38488185,2780,3080,3484,4973,true
100000,1,0,15000000,5000,3,11511815,38488185,3197,3497,3484,4973,false
100000,1,0,30000000,2000,0,18714804,31285196,767,1399,0,1960,false
100000,1,0,30000000,2000,1,18714804,31285196,2507,2807,0,1960,false
100000,1,0,30000000,2000,2,18714804,31285196,3390,3690,0,1960,false
100000,1,0,30000000,2000,3,18714804,31285196,3849,4149,0,1960,false
100000,1,0,30000000,5000,0,18714804,31285196,767,1399,1984,4975,true
100000,1,0,30000000,5000,1,18714804,31285196,2507,2807,1984,4975,false
100000,1,0,30000000,5000,2,18714804,31285196,3390,3690,1984,4975,false
100000,1,0,30000000,5000,3,18714804,31285196,3849,4149,1984,4975,false
100000,1,1,1000000,2000,0,977508,49022492,700,1000,1815,1952,true
100000,1,1,1000000,2000,1,977508,49022492,700,1000,1815,1952,true
100000,1,1,1000000,2000,2,977508,49022492,700,1000,1815,1952,true
100000,1,1,1000000,2000,3,977508,49022492,700,1000,1815,1952,true
100000,1,1,1000000,5000,0,977508,49022492,700,1000,4884,4970,true
100000,1,1,1000000,5000,1,977508,49022492,700,1000,4884,4970,true
100000,1,1,1000000,5000,2,977508,49022492,700,1000,4884,4970,true
100000,1,1,1000000,5000,3,977508,49022492,700,1000,4884,4970,true
100000,1,1,5000000,2000,0,4533054,45466946,700,1000,1175,1953,true
100000,1,1,5000000,2000,1,4533054,45466946,950,1250,1175,1953,false
100000,1,1,5000000,2000,2,4533054,45466946,1349,1649,1175,1953,false
100000,1,1,5000000,2000,3,4533054,45466946,1598,1898,1175,1953,false
100000,1,1,5000000,5000,0,4533054,45466946,700,1000,4484,4971,true
100000,1,1,5000000,5000,1,4533054,45466946,950,1250,4484,4971,true
100000,1,1,5000000,5000,2,4533054,45466946,1349,1649,4484,4971,true
100000,1,1,5000000,5000,3,4533054,45466946,1598,1898,4484,4971,true
100000,1,1,15000000,2000,0,11511815,38488185,734,1100,0,1957,false
100000,1,1,15000000,2000,1,11511815,38488185,2014,2314,0,1957,false
100000,1,1,15000000,2000,2,11511815,38488185,2780,3080,0,1957,false
100000,1,1,15000000,2000,3,11511815,38488185,3197,3497,0,1957,false
100000,1,1,15000000,5000,0,11511815,38488185,734,1100,3484,4973,true
100000,1,1,15000000,5000,1,11511815,38488185,2014,2314,3484,4973,true
100000,1,1,15000000,5000,2,11511815,38488185,2780,3080,3484,4973,true
100000,1,1,15000000,5000,3,11511815,38488185,3197,3497,3484,4973,false
100000,1,1,30000000,2000,0,18714804,31285196,767,1399,0,1960,false
100000,1,1,30000000,2000,1,18714804,31285196,2507,2807,0,1960,false
100000,1,1,30000000,2000,2,18714804,31285196,3390,3690,0,1960,false
100000,1,1,30000000,2000,3,18714804,31285196,3849,4149,0,1960,false
100000,1,1,30000000,5000,0,18714804,31285196,767,1399,1984,4975,true
100000,1,1,30000000,5000,1,18714804,31285196,2507,2807,1984,4975,false
100000,1,1,30000000,5000,2,18714804,31285196,3390,3690,1984,4975,false
100000,1,1,30000000,5000,3,18714804,31285196,3849,4149,1984,4975,false
100000,4,0,1000000,2000,0,992054,49007946,700,1000,1935,1951,true
100000,4,0,1000000,2000,1,992054,49007946,700,1000,1935,1951,true
100000,4,0,1000000,2000,2,992054,49007946,700,1000,1935,1951,true
100000,4,0,1000000,2000,3,992054,49007946,700,1000,1935,1951,true
100000,4,0,1000000,5000,0,992054,49007946,700,1000,4959,4969,true
100000,4,0,1000000,5000,1,992054,49007946,700,1000,4959,4969,true
100000,4,0,1000000,5000,2,992054,49007946,700,1000,4959,4969,true
100000,4,0,1000000,5000,3,992054,49007946,700,1000,4959,4969,true
100000,4,0,5000000,2000,0,4790715,45209285,700,1000,1650,1952,true
100000,4,0,5000000,2000,1,4790715,45209285,965,1265,1650,1952,true
100000,4,0,5000000,2000,2,4790715,45209285,1387,1687,1650,1952,false
100000,4,0,5000000,2000,3,4790715,45209285,1651,1951,1650,1952,false
100000,4,0,5000000,5000,0,4790715,45209285,700,1000,4781,4970,true
100000,4,0,5000000,5000,1,4790715,45209285,965,1265,4781,4970,true
100000,4,0,5000000,5000,2,4790715,45209285,1387,1687,4781,4970,true
100000,4,0,5000000,5000,3,4790715,45209285,1651,1951,4781,4970,true
100000,4,0,15000000,2000,0,12242861,37757139,739,1125,198,1956,false
100000,4,0,15000000,2000,1,12242861,37757139,2091,2391,198,1956,false
100000,4,0,15000000,2000,2,12242861,37757139,2875,3175,198,1956,false
100000,4,0,15000000,2000,3,12242861,37757139,3298,3598,198,1956,false
100000,4,0,15000000,5000,0,12242861,37757139,739,1125,3873,4972,true
100000,4,0,15000000,5000,1,12242861,37757139,2091,2391,3873,4972,true
100000,4,0,15000000,5000,2,12242861,37757139,2875,3175,3873,4972,true
100000,4,0,15000000,5000,3,12242861,37757139,3298,3598,3873,4972,true
100000,4,0,30000000,2000,0,19727810,30272190,786,1452,0,1960,false
100000,4,0,30000000,2000,1,19727810,30272190,2548,2848,0,1960,false
100000,4,0,30000000,2000,2,19727810,30272190,3440,3740,0,1960,false
100000,4,0,30000000,2000,3,19727810,30272190,3902,4202,0,1960,false
100000,4,0,30000000,5000,0,19727810,30272190,786,1452,2396,4975,true
100000,4,0,30000000,5000,1,19727810,30272190,2548,2848,2396,4975,false
100000,4,0,30000000,5000,2,19727810,30272190,3440,3740,2396,4975,false
100000,4,0,30000000,5000,3,19727810,30272190,3902,4202,2396,4975,false
100000,4,1,1000000,2000,0,992054,49007946,700,1000,1935,1951,true
100000,4,1,1000000,2000,1,992054,49007946,700,1000,1935,1951,true
100000,4,1,1000000,2000,2,992054,49007946,700,1000,1935,1951,true
100000,4,1,1000000,2000,3,992054,49007946,700,1000,1935,1951,true
100000,4,1,1000000,5000,0,992054,49007946,700,1000,4959,4969,true
100000,4,1,1000000,5000,1,992054,49007946,700,1000,4959,4969,true
100000,4,1,1000000,5000,2,992054,49007946,700,1000,4959,4969,true
100000,4,1,1000000,5000,3,992054,49007946,700,1000,4959,4969,true
100000,4,1,5000000,2000,0,4790715,45209285,700,1000,1650,1952,true
100000,4,1,5000000,2000,1,4790715,45209285,965,1265,1650,1952,true
100000,4,1,5000000,2000,2,4790715,45209285,1387,1687,1650,1952,false
100000,4,1,5000000,2000,3,4790715,45209285,1651,1951,1650,1952,false
100000,4,1,5000000,5000,0,4790715,45209285,700,1000,4781,4970,true
100000,4,1,5000000,5000,1,4790715,45209285,965,1265,4781,4970,true
100000,4,1,5000000,5000,2,4790715,45209285,1387,1687,4781,4970,true
100000,4,1,5000000,5000,3,4790715,45209285,1651,1951,4781,4970,true
100000,4,1,15000000,2000,0,12242861,37757139,739,1125,198,1956,false
100000,4,1,15000000,2000,1,12242861,37757139,2091,2391,198,1956,false
100000,4,1,15000000,2000,2,12242861,37757139,2875,3175,198,1956,false
100000,4,1,15000000,2000,3,12242861,37757139,3298,3598,198,1956,false
100000,4,1,15000000,5000,0,12242861,37757139,739,1125,3873,4972,true
100000,4,1,15000000,5000,1,12242861,37757139,2091,2391,3873,4972,true
100000,4,1,15000000,5000,2,12242861,37757139,2875,3175,3873,4972,true
100000,4,1,15000000,5000,3,12242861,37757139,3298,3598,3873,4972,true
100000,4,1,30000000,2000,0,19727810,30272190,786,1452,0,1960,false
100000,4,1,30000000,2000,1,19727810,30272190,2548,2848,0,1960,false
100000,4,1,30000000,2000,2,19727810,30272190,3440,3740,0,1960,false
100000,4,1,30000000,2000,3,19727810,30272190,3902,4202,0,1960,false
100000,4,1,30000000,5000,0,19727810,30272190,786,1452,2396,4975,true
100000,4,1,30000000,5000,1,19727810,30272190,2548,2848,2396,4975,false
100000,4,1,30000000,5000,2,19727810,30272190,3440,3740,2396,4975,false
100000,4,1,30000000,5000,3,19727810,30272190,3902,4202,2396,4975,false
1000000,1,0,10000000,2000,0,9775084,490224916,700,1000,1815,1952,true
1000000,1,0,10000000,2000,1,9775084,490224916,700,1000,1815,1952,true
1000000,1,0,10000000,2000,2,9775084,490224916,700,1000,1815,1952,true
1000000,1,0,10000000,2000,3,9775084,490224916,700,1000,1815,1952,true
1000000,1,0,10000000,5000,0,9775084,490224916,700,1000,4884,4970,true
1000000,1,0,10000000,5000,1,9775084,490224916,700,1000,4884,4970,true
1000000,1,0,10000000,5000,2,9775084,490224916,700,1000,4884,4970,true
1000000,1,0,10000000,5000,3,9775084,490224916,700,1000,4884,4970,true
1000000,1,0,50000000,2000,0,45330544,454669456,700,1000,1175,1953,true
1000000,1,0,50000000,2000,1,45330544,454669456,950,1250,1175,1953,false
1000000,1,0,50000000,2000,2,45330544,454669456,1349,1649,1175,1953,false
1000000,1,0,50000000,2000,3,45330544,454669456,1598,1898,1175,1953,false
1000000,1,0,50000000,5000,0,45330544,454669456,700,1000,4484,4971,true
1000000,1,0,50000000,5000,1,45330544,454669456,950,1250,4484,4971,true
1000000,1,0,50000000,5000,2,45330544,454669456,1349,1649,4484,4971,true
1000000,1,0,50000000,5000,3,45330544,454669456,1598,1898,4484,4971,true
1000000,1,0,150000000,2000,0,115118158,384881842,734,1100,0,1957,false
1000000,1,0,150000000,2000,1,115118158,384881842,2014,2314,0,1957,false
1000000,1,0,150000000,2000,2,115118158,384881842,2780,3080,0,1957,false
1000000,1,0,150000000,2000,3,115118158,384881842,3197,3497,0,1957,false
1000000,1,0,150000000,5000,0,115118158,384881842,734,1100,3484,4973,true
1000000,1,0,150000000,5000,1,115118158,384881842,2014,2314,3484,4973,true
1000000,1,0,150000000,5000,2,115118158,384881842,2780,3080,3484,4973,true
1000000,1,0,150000000,5000,3,115118158,384881842,3197,3497,3484,4973,false
1000000,1,0,300000000,2000,0,187148041,312851959,767,1399,0,1960,false
1000000,1,0,300000000,2000,1,187148041,312851959,2507,2807,0,1960,false
1000000,1,0,300000000,2000,2,187148041,312851959,3390,3690,0,1960,false
1000000,1,0,300000000,2000,3,187148041,312851959,3849,4149,0,1960,false
1000000,1,0,300000000,5000,0,187148041,312851959,767,1399,1984,4975,true
1000000,1,0,300000000,5000,1,187148041,312851959,2507,2807,1984,4975,false
1000000,1,0,300000000,5000,2,187148041,312851959,3390,3690,1984,4975,false
1000000,1,0,300000000,5000,3,187148041,312851959,3849,4149,1984,4975,false
1000000,1,1,10000000,2000,0,9775084,490224916,700,1000,1815,1952,true
1000000,1,1,10000000,2000,1,9775084,490224916,700,1000,1815,1952,true
1000000,1,1,10000000,2000,2,9775084,490224916,700,1000,1815,1952,true
1000000,1,1,10000000,2000,3,9775084,490224916,700,1000,1815,1952,true
1000000,1,1,10000000,5000,0,9775084,490224916,700,1000,4884,4970,true
1000000,1,1,10000000,5000,1,9775084,490224916,700,1000,4884,4970,true
1000000,1,1,10000000,5000,2,9775084,490224916,700,1000,4884,4970,true
1000000,1,1,10000000,5000,3,9775084,490224916,700,1000,4884,4970,true
1000000,1,1,50000000,2000,0,45330544,454669456,700,1000,1175,1953,true
1000000,1,1,50000000,2000,1,45330544,454669456,950,1250,1175,1953,false
1000000,1,1,50000000,2000,2,45330544,454669456,1349,1649,1175,1953,false
1000000,1,1,50000000,2000,3,45330544,454669456,1598,1898,1175,1953,false
1000000,1,1,50000000,5000,0,45330544,454669456,700,1000,4484,4971,true
1000000,1,1,50000000,5000,1,45330544,454669456,950,1250,4484,4971,true
1000000,1,1,50000000,5000,2,45330544,454669456,1349,1649,4484,4971,true
1000000,1,1,50000000,5000,3,45330544,454669456,1598,1898,4484,4971,true
1000000,1,1,150000000,2000,0,115118158,384881842,734,1100,0,1957,false
1000000,1,1,150000000,2000,1,115118158,384881842,2014,2314,0,1957,false
1000000,1,1,150000000,2000,2,115118158,384881842,2780,3080,0,1957,false
1000000,1,1,150000000,2000,3,115118158,384881842,3197,3497,0,1957,false
1000000,1,1,150000000,5000,0,115118158,384881842,734,1100,3484,4973,true
1000000,1,1,150000000,5000,1,115118158,384881842,2014,2314,3484,4973,true
1000000,1,1,150000000,5000,2,115118158,384881842,2780,3080,3484,4973,true
1000000,1,1,150000000,5000,3,115118158,384881842,3197,3497,3484,4973,false
1000000,1,1,300000000,2000,0,187148041,312851959,767,1399,0,1960,false
1000000,1,1,300000000,2000,1,187148041,312851959,2507,2807,0,1960,false
1000000,1,1,300000000,2000,2,187148041,312851959,3390,3690,0,1960,false
1000000,1,1,300000000,2000,3,187148041,312851959,3849,4149,0,1960,false
1000000,1,1,300000000,5000,0,187148041,312851959,767,1399,1984,4975,true
1000000,1,1,300000000,5000,1,187148041,312851959,2507,2807,1984,4975,false
1000000,1,1,300000000,5000,2,187148041,312851959,3390,3690,1984,4975,false
1000000,1,1,300000000,5000,3,187148041,312851959,3849,4149,1984,4975,false
1000000,4,0,10000000,2000,0,9920546,490079454,700,1000,1935,1951,true
1000000,4,0,10000000,2000,1,9920546,490079454,700,1000,1935,1951,true
1000000,4,0,10000000,2000,2,9920546,490079454,700,1000,1935,1951,true
1000000,4,0,10000000,2000,3,9920546,490079454,700,1000,1935,1951,true
1000000,4,0,10000000,5000,0,9920546,490079454,700,1000,4959,4969,true
1000000,4,0,10000000,5000,1,9920546,490079454,700,1000,4959,4969,true
1000000,4,0,10000000,5000,2,9920546,490079454,700,1000,4959,4969,true
1000000,4,0,10000000,5000,3,9920546,490079454,700,1000,4959,4969,true
1000000,4,0,50000000,2000,0,47907155,452092845,700,1000,1650,1952,true
1000000,4,0,50000000,2000,1,47907155,452092845,965,1265,1650,1952,true
1000000,4,0,50000000,2000,2,47907155,452092845,1387,1687,1650,1952,false
1000000,4,0,50000000,2000,3,47907155,452092845,1651,1951,1650,1952,false
1000000,4,0,50000000,5000,0,47907155,452092845,700,1000,4781,4970,true
1000000,4,0,50000000,5000,1,47907155,452092845,965,1265,4781,4970,true
1000000,4,0,50000000,5000,2,47907155,452092845,1387,1687,4781,4970,true
1000000,4,0,50000000,5000,3,47907155,452092845,1651,1951,4781,4970,true
1000000,4,0,150000000,2000,0,122428616,377571384,739,1125,198,1956,false
1000000,4,0,150000000,2000,1,122428616,377571384,2091,2391,198,1956,false
1000000,4,0,150000000,2000,2,122428616,377571384,2875,3175,198,1956,false
1000000,4,0,150000000,2000,3,122428616,377571384,3298,3598,198,1956,false
1000000,4,0,150000000,5000,0,122428616,377571384,739,1125,3873,4972,true
1000000,4,0,150000000,5000,1,122428616,377571384,2091,2391,3873,4972,true
1000000,4,0,150000000,5000,2,122428616,377571384,2875,3175,3873,4972,true
1000000,4,0,150000000,5000,3,122428616,377571384,3298,3598,3873,4972,true
1000000,4,0,300000000,2000,0,197278102,302721898,786,1452,0,1960,false
1000000,4,0,300000000,2000,1,197278102,302721898,2548,2848,0,1960,false
1000000,4,0,300000000,2000,2,197278102,302721898,3440,3740,0,1960,false
1000000,4,0,300000000,2000,3,197278102,302721898,3902,4202,0,1960,false
1000000,4,0,300000000,5000,0,197278102,302721898,786,1452,2396,4975,true
1000000,4,0,300000000,5000,1,197278102,302721898,2548,2848,2396,4975,false
1000000,4,0,300000000,5000,2,197278102,302721898,3440,3740,2396,4975,false
1000000,4,0,300000000,5000,3,197278102,302721898,3902,4202,2396,4975,false
1000000,4,1,10000000,2000,0,9920546,490079454,700,1000,1935,1951,true
1000000,4,1,10000000,2000,1,9920546,490079454,700,1000,1935,1951,true
1000000,4,1,10000000,2000,2,9920546,490079454,700,1000,1935,1951,true
1000000,4,1,10000000,2000,3,9920546,490079454,700,1000,1935,1951,true
1000000,4,1,10000000,5000,0,9920546,490079454,700,1000,4959,4969,true
1000000,4,1,10000000,5000,1,9920546,490079454,700,1000,4959,4969,true
1000000,4,1,10000000,5000,2,9920546,490079454,700,1000,4959,4969,true
1000000,4,1,10000000,5000,3,9920546,490079454,700,1000,4959,4969,true
1000000,4,1,50000000,2000,0,47907155,452092845,700,1000,1650,1952,true
1000000,4,1,50000000,2000,1,47907155,452092845,965,1265,1650,1952,true
1000000,4,1,50000000,2000,2,47907155,452092845,1387,1687,1650,1952,false
1000000,4,1,50000000,2000,3,47907155,452092845,1651,1951,1650,1952,false
1000000,4,1,50000000,5000,0,47907155,452092845,700,1000,4781,4970,true
1000000,4,1,50000000,5000,1,47907155,452092845,965,1265,4781,4970,true
1000000,4,1,50000000,5000,2,47907155,452092845,1387,1687,4781,4970,true
1000000,4,1,50000000,5000,3,47907155,452092845,1651,1951,4781,4970,true
1000000,4,1,150000000,2000,0,122428616,377571384,739,1125,198,1956,false
1000000,4,1,150000000,2000,1,122428616,377571384,2091,2391,198,1956,false
1000000,4,1,150000000,2000,2,122428616,377571384,2875,3175,198,1956,false
1000000,4,1,150000000,2000,3,122428616,377571384,3298,3598,198,1956,false
1000000,4,1,150000000,5000,0,122428616,377571384,739,1125,3873,4972,true
1000000,4,1,150000000,5000,1,122428616,377571384,2091,2391,3873,4972,true
1000000,4,1,150000000,5000,2,122428616,377571384,2875,3175,3873,4972,true
1000000,4,1,150000000,5000,3,122428616,377571384,3298,3598,3873,4972,true
1000000,4,1,300000000,2000,0,197278102,302721898,786,1452,0,1960,false
1000000,4,1,300000000,2000,1,197278102,302721898,2548,2848,0,1960,false
1000000,4,1,300000000,2000,2,197278102,302721898,3440,3740,0,1960,false
1000000,4,1,300000000,2000,3,197278102,302721898,3902,4202,0,1960,false
1000000,4,1,300000000,5000,0,197278102,302721898,786,1452,2396,4975,true
1000000,4,1,300000000,5000,1,197278102,302721898,2548,2848,2396,4975,false
1000000,4,1,300000000,5000,2,197278102,302721898,3440,3740,2396,4975,false
1000000,4,1,300000000,5000,3,197278102,302721898,3902,4202,2396,4975,false
