total_liquidity,amplification,debt_side,entry_spend,wallet_bps,reference_exposure,reference_liquidity,reference_health_bps,execution_health_bps,required_im_bps,candidate_admitted,old_admitted
25000,1,0,1000,1000,923353,23153294,252,947,1000,false,false
25000,1,0,1000,2000,923353,23153294,1335,1953,1000,true,false
25000,1,0,1000,3334,923353,23153294,2780,3295,1000,true,false
25000,1,0,1000,5000,923353,23153294,4584,4970,1000,true,false
25000,1,0,5000,1000,3563768,17872464,0,953,1000,false,false
25000,1,0,5000,2000,3563768,17872464,0,1958,1000,false,false
25000,1,0,5000,3334,3563768,17872464,647,3299,1000,false,false
25000,1,0,5000,5000,3563768,17872464,2984,4974,1000,true,false
25000,1,0,10000,1000,5546283,13907434,0,957,1199,false,false
25000,1,0,10000,2000,5546283,13907434,0,1962,1199,false,false
25000,1,0,10000,3334,5546283,13907434,0,3302,1199,false,false
25000,1,0,10000,5000,5546283,13907434,984,4976,1199,false,false
25000,1,0,25000,5000,8324983,8350034,0,4979,1797,false,false
25000,1,1,1000,1000,923353,23153294,252,947,1000,false,false
25000,1,1,1000,2000,923353,23153294,1335,1953,1000,true,false
25000,1,1,1000,3334,923353,23153294,2780,3295,1000,true,false
25000,1,1,1000,5000,923353,23153294,4584,4970,1000,true,false
25000,1,1,5000,1000,3563768,17872464,0,953,1000,false,false
25000,1,1,5000,2000,3563768,17872464,0,1958,1000,false,false
25000,1,1,5000,3334,3563768,17872464,647,3299,1000,false,false
25000,1,1,5000,5000,3563768,17872464,2984,4974,1000,true,false
25000,1,1,10000,1000,5546283,13907434,0,957,1199,false,false
25000,1,1,10000,2000,5546283,13907434,0,1962,1199,false,false
25000,1,1,10000,3334,5546283,13907434,0,3302,1199,false,false
25000,1,1,10000,5000,5546283,13907434,984,4976,1199,false,false
25000,1,1,25000,5000,8324983,8350034,0,4979,1797,false,false
25000,4,0,1000,1000,970112,23059776,722,946,1000,false,false
25000,4,0,1000,2000,970112,23059776,1753,1952,1000,true,false
25000,4,0,1000,3334,970112,23059776,3128,3294,1000,true,false
25000,4,0,1000,5000,970112,23059776,4845,4970,1000,true,false
25000,4,0,5000,1000,3779448,17441104,0,952,1017,false,false
25000,4,0,5000,2000,3779448,17441104,0,1957,1017,false,false
25000,4,0,5000,3334,3779448,17441104,1181,3298,1017,true,false
25000,4,0,5000,5000,3779448,17441104,3385,4973,1017,true,false
25000,4,0,10000,1000,5815387,13369226,0,957,1235,false,false
25000,4,0,10000,2000,5815387,13369226,0,1961,1235,false,false
25000,4,0,10000,3334,5815387,13369226,0,3302,1235,false,false
25000,4,0,10000,5000,5815387,13369226,1402,4976,1235,true,false
25000,4,0,25000,5000,8568785,7862430,0,4979,1890,false,false
25000,4,1,1000,1000,970111,23059774,722,946,1000,false,false
25000,4,1,1000,2000,970111,23059774,1753,1952,1000,true,false
25000,4,1,1000,3334,970111,23059774,3128,3294,1000,true,false
25000,4,1,1000,5000,970111,23059774,4845,4970,1000,true,false
25000,4,1,5000,1000,3779447,17441102,0,952,1017,false,false
25000,4,1,5000,2000,3779447,17441102,0,1957,1017,false,false
25000,4,1,5000,3334,3779447,17441102,1181,3298,1017,true,false
25000,4,1,5000,5000,3779447,17441102,3385,4973,1017,true,false
25000,4,1,10000,1000,5815386,13369224,0,957,1235,false,false
25000,4,1,10000,2000,5815386,13369224,0,1961,1235,false,false
25000,4,1,10000,3334,5815386,13369224,0,3302,1235,false,false
25000,4,1,10000,5000,5815386,13369224,1402,4976,1235,true,false
25000,4,1,25000,5000,8568784,7862428,0,4979,1890,false,false
100000,1,0,1000,1000,977508,98044984,792,946,1000,false,false
100000,1,0,1000,2000,977508,98044984,1815,1952,1000,true,false
100000,1,0,1000,3334,977508,98044984,3180,3294,1000,true,false
100000,1,0,1000,5000,977508,98044984,4884,4970,1000,true,false
100000,1,0,5000,1000,4533054,90933892,72,948,1000,false,false
100000,1,0,5000,2000,4533054,90933892,1175,1953,1000,true,false
100000,1,0,5000,3334,4533054,90933892,2647,3295,1000,true,false
100000,1,0,5000,5000,4533054,90933892,4484,4971,1000,true,false
100000,1,0,10000,1000,8312489,83375022,0,950,1000,false,false
100000,1,0,10000,2000,8312489,83375022,375,1955,1000,false,false
100000,1,0,10000,3334,8312489,83375022,1980,3297,1000,true,false
100000,1,0,10000,5000,8312489,83375022,3984,4972,1000,true,false
100000,1,0,25000,1000,16633299,66733402,0,954,1050,false,false
100000,1,0,25000,2000,16633299,66733402,0,1959,1050,false,false
100000,1,0,25000,3334,16633299,66733402,0,3300,1050,false,false
100000,1,0,25000,5000,16633299,66733402,2484,4974,1050,true,false
100000,1,0,50000,1000,24962443,50075114,0,959,1299,false,false
100000,1,0,50000,2000,24962443,50075114,0,1963,1299,false,false
100000,1,0,50000,3334,24962443,50075114,0,3303,1299,false,false
100000,1,0,50000,5000,24962443,50075114,0,4977,1299,false,false
100000,1,1,1000,1000,977508,98044984,792,946,1000,false,false
100000,1,1,1000,2000,977508,98044984,1815,1952,1000,true,false
100000,1,1,1000,3334,977508,98044984,3180,3294,1000,true,false
100000,1,1,1000,5000,977508,98044984,4884,4970,1000,true,false
100000,1,1,5000,1000,4533054,90933892,72,948,1000,false,false
100000,1,1,5000,2000,4533054,90933892,1175,1953,1000,true,false
100000,1,1,5000,3334,4533054,90933892,2647,3295,1000,true,false
100000,1,1,5000,5000,4533054,90933892,4484,4971,1000,true,false
100000,1,1,10000,1000,8312489,83375022,0,950,1000,false,false
100000,1,1,10000,2000,8312489,83375022,375,1955,1000,false,false
100000,1,1,10000,3334,8312489,83375022,1980,3297,1000,true,false
100000,1,1,10000,5000,8312489,83375022,3984,4972,1000,true,false
100000,1,1,25000,1000,16633299,66733402,0,954,1050,false,false
100000,1,1,25000,2000,16633299,66733402,0,1959,1050,false,false
100000,1,1,25000,3334,16633299,66733402,0,3300,1050,false,false
100000,1,1,25000,5000,16633299,66733402,2484,4974,1050,true,false
100000,1,1,50000,1000,24962443,50075114,0,959,1299,false,false
100000,1,1,50000,2000,24962443,50075114,0,1963,1299,false,false
100000,1,1,50000,3334,24962443,50075114,0,3303,1299,false,false
100000,1,1,50000,5000,24962443,50075114,0,4977,1299,false,false
100000,4,0,1000,1000,992054,98015892,927,945,1000,false,false
100000,4,0,1000,2000,992054,98015892,1935,1951,1000,true,true
100000,4,0,1000,3334,992054,98015892,3280,3293,1000,true,true
100000,4,0,1000,5000,992054,98015892,4959,4969,1000,true,true
100000,4,0,5000,1000,4790715,90418570,606,946,1000,false,false
100000,4,0,5000,2000,4790715,90418570,1650,1952,1000,true,false
100000,4,0,5000,3334,4790715,90418570,3042,3294,1000,true,false
100000,4,0,5000,5000,4790715,90418570,4781,4970,1000,true,false
100000,4,0,10000,1000,8851469,82297062,0,948,1000,false,false
100000,4,0,10000,2000,8851469,82297062,961,1954,1000,false,false
100000,4,0,10000,3334,8851469,82297062,2469,3296,1000,true,false
100000,4,0,10000,5000,8851469,82297062,4351,4971,1000,true,false
100000,4,0,25000,1000,17585893,64828214,0,953,1072,false,false
100000,4,0,25000,2000,17585893,64828214,0,1958,1072,false,false
100000,4,0,25000,3334,17585893,64828214,523,3299,1072,false,false
100000,4,0,25000,5000,17585893,64828214,2892,4974,1072,true,false
100000,4,0,50000,1000,26056526,47886948,0,958,1345,false,false
100000,4,0,50000,2000,26056526,47886948,0,1963,1345,false,false
100000,4,0,50000,3334,26056526,47886948,0,3303,1345,false,false
100000,4,0,50000,5000,26056526,47886948,405,4977,1345,false,false
100000,4,1,1000,1000,992053,98015890,927,945,1000,false,false
100000,4,1,1000,2000,992053,98015890,1935,1951,1000,true,true
100000,4,1,1000,3334,992053,98015890,3280,3293,1000,true,true
100000,4,1,1000,5000,992053,98015890,4959,4969,1000,true,true
100000,4,1,5000,1000,4790714,90418568,606,946,1000,false,false
100000,4,1,5000,2000,4790714,90418568,1650,1952,1000,true,false
100000,4,1,5000,3334,4790714,90418568,3042,3294,1000,true,false
100000,4,1,5000,5000,4790714,90418568,4781,4970,1000,true,false
100000,4,1,10000,1000,8851468,82297060,0,948,1000,false,false
100000,4,1,10000,2000,8851468,82297060,961,1954,1000,false,false
100000,4,1,10000,3334,8851468,82297060,2469,3296,1000,true,false
100000,4,1,10000,5000,8851468,82297060,4351,4971,1000,true,false
100000,4,1,25000,1000,17585892,64828212,0,953,1072,false,false
100000,4,1,25000,2000,17585892,64828212,0,1958,1072,false,false
100000,4,1,25000,3334,17585892,64828212,523,3299,1072,false,false
100000,4,1,25000,5000,17585892,64828212,2892,4974,1072,true,false
100000,4,1,50000,1000,26056525,47886946,0,958,1345,false,false
100000,4,1,50000,2000,26056525,47886946,0,1963,1345,false,false
100000,4,1,50000,3334,26056525,47886946,0,3303,1345,false,false
100000,4,1,50000,5000,26056525,47886946,405,4977,1345,false,false
1000000,1,0,1000,1000,995015,998009970,954,945,1000,false,false
1000000,1,0,1000,2000,995015,998009970,1959,1951,1000,true,true
1000000,1,0,1000,3334,995015,998009970,3300,3293,1000,true,true
1000000,1,0,1000,5000,995015,998009970,4974,4969,1000,true,true
1000000,1,0,5000,1000,4935790,990128420,882,946,1000,false,false
1000000,1,0,5000,2000,4935790,990128420,1895,1952,1000,true,true
1000000,1,0,5000,3334,4935790,990128420,3247,3294,1000,true,true
1000000,1,0,5000,5000,4935790,990128420,4934,4970,1000,true,true
1000000,1,0,10000,1000,9775084,980449832,792,946,1000,false,false
1000000,1,0,10000,2000,9775084,980449832,1815,1952,1000,true,false
1000000,1,0,10000,3334,9775084,980449832,3180,3294,1000,true,false
1000000,1,0,10000,5000,9775084,980449832,4884,4970,1000,true,false
1000000,1,0,25000,1000,23741486,952517028,522,947,1058,false,false
1000000,1,0,25000,2000,23741486,952517028,1575,1952,1058,true,false
1000000,1,0,25000,3334,23741486,952517028,2980,3294,1058,true,false
1000000,1,0,25000,5000,23741486,952517028,4734,4970,1058,true,false
1000000,1,0,50000,1000,45330544,909338912,72,948,1146,false,false
1000000,1,0,50000,2000,45330544,909338912,1175,1953,1146,true,false
1000000,1,0,50000,3334,45330544,909338912,2647,3295,1146,true,false
1000000,1,0,50000,5000,45330544,909338912,4484,4971,1146,true,false
1000000,1,1,1000,1000,995015,998009970,954,945,1000,false,false
1000000,1,1,1000,2000,995015,998009970,1959,1951,1000,true,true
1000000,1,1,1000,3334,995015,998009970,3300,3293,1000,true,true
1000000,1,1,1000,5000,995015,998009970,4974,4969,1000,true,true
1000000,1,1,5000,1000,4935790,990128420,882,946,1000,false,false
1000000,1,1,5000,2000,4935790,990128420,1895,1952,1000,true,true
1000000,1,1,5000,3334,4935790,990128420,3247,3294,1000,true,true
1000000,1,1,5000,5000,4935790,990128420,4934,4970,1000,true,true
1000000,1,1,10000,1000,9775084,980449832,792,946,1000,false,false
1000000,1,1,10000,2000,9775084,980449832,1815,1952,1000,true,false
1000000,1,1,10000,3334,9775084,980449832,3180,3294,1000,true,false
1000000,1,1,10000,5000,9775084,980449832,4884,4970,1000,true,false
1000000,1,1,25000,1000,23741486,952517028,522,947,1058,false,false
1000000,1,1,25000,2000,23741486,952517028,1575,1952,1058,true,false
1000000,1,1,25000,3334,23741486,952517028,2980,3294,1058,true,false
1000000,1,1,25000,5000,23741486,952517028,4734,4970,1058,true,false
1000000,1,1,50000,1000,45330544,909338912,72,948,1146,false,false
1000000,1,1,50000,2000,45330544,909338912,1175,1953,1146,true,false
1000000,1,1,50000,3334,45330544,909338912,2647,3295,1146,true,false
1000000,1,1,50000,5000,45330544,909338912,4484,4971,1146,true,false
1000000,4,0,1000,1000,996503,998006994,968,945,1000,false,false
1000000,4,0,1000,2000,996503,998006994,1971,1951,1000,true,true
1000000,4,0,1000,3334,996503,998006994,3310,3293,1000,true,true
1000000,4,0,1000,5000,996503,998006994,4982,4969,1000,true,true
1000000,4,0,5000,1000,4972605,990054790,950,945,1000,false,false
1000000,4,0,5000,2000,4972605,990054790,1955,1951,1000,true,true
1000000,4,0,5000,3334,4972605,990054790,3297,3293,1000,true,true
1000000,4,0,5000,5000,4972605,990054790,4972,4969,1000,true,true
1000000,4,0,10000,1000,9920546,980158908,927,945,1000,false,false
1000000,4,0,10000,2000,9920546,980158908,1935,1951,1000,true,true
1000000,4,0,10000,3334,9920546,980158908,3280,3293,1000,true,true
1000000,4,0,10000,5000,9920546,980158908,4959,4969,1000,true,true
1000000,4,0,25000,1000,24551862,950896276,835,946,1060,false,false
1000000,4,0,25000,2000,24551862,950896276,1853,1952,1060,true,false
1000000,4,0,25000,3334,24551862,950896276,3212,3294,1060,true,false
1000000,4,0,25000,5000,24551862,950896276,4908,4970,1060,true,false
1000000,4,0,50000,1000,47907155,904185690,606,946,1154,false,false
1000000,4,0,50000,2000,47907155,904185690,1650,1952,1154,true,false
1000000,4,0,50000,3334,47907155,904185690,3042,3294,1154,true,false
1000000,4,0,50000,5000,47907155,904185690,4781,4970,1154,true,false
1000000,4,1,1000,1000,996502,998006992,968,945,1000,false,false
1000000,4,1,1000,2000,996502,998006992,1971,1951,1000,true,true
1000000,4,1,1000,3334,996502,998006992,3310,3293,1000,true,true
1000000,4,1,1000,5000,996502,998006992,4982,4969,1000,true,true
1000000,4,1,5000,1000,4972604,990054788,950,945,1000,false,false
1000000,4,1,5000,2000,4972604,990054788,1955,1951,1000,true,true
1000000,4,1,5000,3334,4972604,990054788,3297,3293,1000,true,true
1000000,4,1,5000,5000,4972604,990054788,4972,4969,1000,true,true
1000000,4,1,10000,1000,9920545,980158906,927,945,1000,false,false
1000000,4,1,10000,2000,9920545,980158906,1935,1951,1000,true,true
1000000,4,1,10000,3334,9920545,980158906,3280,3293,1000,true,true
1000000,4,1,10000,5000,9920545,980158906,4959,4969,1000,true,true
1000000,4,1,25000,1000,24551861,950896274,835,946,1060,false,false
1000000,4,1,25000,2000,24551861,950896274,1853,1952,1060,true,false
1000000,4,1,25000,3334,24551861,950896274,3212,3294,1060,true,false
1000000,4,1,25000,5000,24551861,950896274,4908,4970,1060,true,false
1000000,4,1,50000,1000,47907154,904185688,606,946,1154,false,false
1000000,4,1,50000,2000,47907154,904185688,1650,1952,1154,true,false
1000000,4,1,50000,3334,47907154,904185688,3042,3294,1154,true,false
1000000,4,1,50000,5000,47907154,904185688,4781,4970,1154,true,false
