amplification,debt_side,entry_spend,step_slots,threshold_bps,elapsed_slots,reference_value,debt,reference_health_bps,execution_health_bps,full_exit,proceeds_reward_25bps,loss_before_insurance
1,0,1000,25,2000,875,614689,500000,1865,0,499244,1248,2004
1,0,1000,25,1500,950,580252,500000,1383,0,470586,1176,30590
1,0,1000,25,700,1050,536937,500000,687,0,434909,1087,66178
1,0,1000,25,500,1100,516391,500000,317,0,418095,1045,82950
1,0,1000,25,300,1125,506392,500000,126,0,409932,1024,91092
1,0,1000,25,0,1150,496573,500000,0,0,401929,1004,99075
1,0,1000,150,2000,4050,619470,500000,1928,1445,584456,1461,0
1,0,1000,150,1500,4500,583673,500000,1433,924,550924,1377,0
1,0,1000,150,700,5250,528548,500000,540,0,499244,1248,2004
1,0,1000,150,500,5400,518164,500000,350,0,489503,1223,11720
1,0,1000,150,300,5550,507985,500000,157,0,479951,1199,21248
1,0,1000,150,0,5700,498005,500000,0,0,470586,1176,30590
1,0,5000,25,2000,950,3119005,2500000,1984,0,2407384,6018,98634
1,0,5000,25,1500,1050,2888876,2500000,1346,0,2229243,5573,276330
1,0,5000,25,700,1150,2673403,2500000,648,0,2064097,5160,441063
1,0,5000,25,500,1175,2621830,2500000,464,0,2024730,5061,480331
1,0,5000,25,300,1200,2571167,2500000,276,0,1986104,4965,518861
1,0,5000,25,0,1250,2472542,2500000,0,0,1911017,4777,593760
1,0,5000,150,2000,4650,3084767,2500000,1895,920,2753437,6883,0
1,0,5000,150,1500,5100,2906508,2500000,1398,382,2599516,6498,0
1,0,5000,150,700,5700,2684749,2500000,688,0,2407384,6018,98634
1,0,5000,150,500,6000,2580298,2500000,311,0,2316629,5791,189162
1,0,5000,150,300,6150,2529606,2500000,117,0,2272523,5681,233158
1,0,5000,150,0,6300,2479910,2500000,0,0,2229243,5573,276330
1,0,10000,25,2000,1075,6170087,5000000,1896,0,4496119,11240,515121
1,0,10000,25,1500,1150,5823800,5000000,1414,0,4250619,10626,760007
1,0,10000,25,700,1275,5284405,5000000,538,0,3870125,9675,1139550
1,0,10000,25,500,1300,5182138,5000000,351,0,3798106,9495,1211389
1,0,10000,25,300,1325,5081712,5000000,160,0,3727394,9318,1281924
1,0,10000,25,0,1350,4983108,5000000,0,0,3657963,9144,1351181
1,0,10000,150,2000,5250,6215476,5000000,1955,421,5220023,13050,0
1,0,10000,150,1500,5700,5856303,5000000,1462,0,4936204,12340,76136
1,0,10000,150,700,6450,5303210,5000000,571,0,4496119,11240,515121
1,0,10000,150,500,6600,5199025,5000000,382,0,4412793,11031,598238
1,0,10000,150,300,6750,5096887,5000000,190,0,4330968,10827,679859
1,0,10000,150,0,6900,4996755,5000000,0,0,4250619,10626,760007
1,1,1000,25,2000,875,614689,500000,1865,0,499244,1248,2004
1,1,1000,25,1500,950,580252,500000,1383,0,470586,1176,30590
1,1,1000,25,700,1050,536937,500000,687,0,434909,1087,66178
1,1,1000,25,500,1100,516391,500000,317,0,418095,1045,82950
1,1,1000,25,300,1125,506392,500000,126,0,409932,1024,91092
1,1,1000,25,0,1150,496573,500000,0,0,401929,1004,99075
1,1,1000,150,2000,4050,619470,500000,1928,1445,584456,1461,0
1,1,1000,150,1500,4500,583673,500000,1433,924,550924,1377,0
1,1,1000,150,700,5250,528548,500000,540,0,499244,1248,2004
1,1,1000,150,500,5400,518164,500000,350,0,489503,1223,11720
1,1,1000,150,300,5550,507985,500000,157,0,479951,1199,21248
1,1,1000,150,0,5700,498005,500000,0,0,470586,1176,30590
1,1,5000,25,2000,950,3119005,2500000,1984,0,2407384,6018,98634
1,1,5000,25,1500,1050,2888876,2500000,1346,0,2229243,5573,276330
1,1,5000,25,700,1150,2673403,2500000,648,0,2064097,5160,441063
1,1,5000,25,500,1175,2621830,2500000,464,0,2024730,5061,480331
1,1,5000,25,300,1200,2571167,2500000,276,0,1986104,4965,518861
1,1,5000,25,0,1250,2472542,2500000,0,0,1911017,4777,593760
1,1,5000,150,2000,4650,3084767,2500000,1895,920,2753437,6883,0
1,1,5000,150,1500,5100,2906508,2500000,1398,382,2599516,6498,0
1,1,5000,150,700,5700,2684749,2500000,688,0,2407384,6018,98634
1,1,5000,150,500,6000,2580298,2500000,311,0,2316629,5791,189162
1,1,5000,150,300,6150,2529606,2500000,117,0,2272523,5681,233158
1,1,5000,150,0,6300,2479910,2500000,0,0,2229243,5573,276330
1,1,10000,25,2000,1075,6170087,5000000,1896,0,4496119,11240,515121
1,1,10000,25,1500,1150,5823800,5000000,1414,0,4250619,10626,760007
1,1,10000,25,700,1275,5284405,5000000,538,0,3870125,9675,1139550
1,1,10000,25,500,1300,5182138,5000000,351,0,3798106,9495,1211389
1,1,10000,25,300,1325,5081712,5000000,160,0,3727394,9318,1281924
1,1,10000,25,0,1350,4983108,5000000,0,0,3657963,9144,1351181
1,1,10000,150,2000,5250,6215476,5000000,1955,421,5220023,13050,0
1,1,10000,150,1500,5700,5856303,5000000,1462,0,4936204,12340,76136
1,1,10000,150,700,6450,5303210,5000000,571,0,4496119,11240,515121
1,1,10000,150,500,6600,5199025,5000000,382,0,4412793,11031,598238
1,1,10000,150,300,6750,5096887,5000000,190,0,4330968,10827,679859
1,1,10000,150,0,6900,4996755,5000000,0,0,4250619,10626,760007
4,0,1000,25,2000,950,619490,500000,1928,0,496197,1240,5043
4,0,1000,25,1500,1025,582658,500000,1418,0,465911,1164,35253
4,0,1000,25,700,1125,536515,500000,680,0,428455,1071,72616
4,0,1000,25,500,1150,525509,500000,485,0,419584,1048,81464
4,0,1000,25,300,1175,514713,500000,285,0,410900,1027,90127
4,0,1000,25,0,1225,493745,500000,0,0,394083,985,106902
4,0,1000,150,2000,4500,624845,500000,1998,1485,587263,1468,0
4,0,1000,150,1500,4950,586181,500000,1470,929,551250,1378,0
4,0,1000,150,700,5700,527143,500000,514,0,496197,1240,5043
4,0,1000,150,500,5850,516092,500000,311,0,485883,1214,15331
4,0,1000,150,300,6000,505279,500000,104,0,475789,1189,25400
4,0,1000,150,0,6150,494700,500000,0,0,465911,1164,35253
4,0,5000,25,2000,1125,3063098,2500000,1838,0,2322928,5807,182879
4,0,5000,25,1500,1175,2940824,2500000,1498,0,2229783,5574,275791
4,0,5000,25,700,1300,2653209,2500000,577,0,2013162,5032,491870
4,0,5000,25,500,1325,2598806,2500000,380,0,1972469,4931,532462
4,0,5000,25,300,1350,2545436,2500000,178,0,1932610,4831,572221
4,0,5000,25,0,1375,2493090,2500000,0,0,1893568,4733,611165
4,0,5000,150,2000,5550,3091193,2500000,1912,865,2736826,6842,0
4,0,5000,150,1500,6000,2899764,2500000,1378,285,2573476,6433,0
4,0,5000,150,700,6600,2663409,2500000,613,0,2370974,5927,134953
4,0,5000,150,500,6750,2607491,2500000,412,0,2322928,5807,182879
4,0,5000,150,300,6900,2552783,2500000,206,0,2275872,5689,229817
4,0,5000,150,0,7050,2499260,2500000,0,0,2229783,5574,275791
4,0,10000,25,2000,1250,6204527,5000000,1941,0,4440228,11100,570872
4,0,10000,25,1500,1325,5840717,5000000,1439,0,4182392,10455,828063
4,0,10000,25,700,1450,5272433,5000000,516,0,3785636,9464,1223828
4,0,10000,25,500,1475,5164691,5000000,318,0,3710939,9277,1298338
4,0,10000,25,300,1500,5058931,5000000,116,0,3637722,9094,1371372
4,0,10000,25,0,1525,4955147,5000000,0,0,3565955,8914,1442959
4,0,10000,150,2000,6450,6153005,5000000,1873,207,5105706,12764,0
4,0,10000,150,1500,6900,5771005,5000000,1335,0,4809030,12022,202992
4,0,10000,150,700,7500,5299486,5000000,565,0,4440228,11100,570872
4,0,10000,150,500,7650,5187954,5000000,362,0,4352555,10881,658326
4,0,10000,150,300,7800,5078846,5000000,155,0,4266621,10666,744045
4,0,10000,150,0,7950,4972106,5000000,0,0,4182392,10455,828063
4,1,1000,25,2000,950,619490,500000,1928,0,496197,1240,5043
4,1,1000,25,1500,1025,582658,500000,1418,0,465911,1164,35253
4,1,1000,25,700,1125,536515,500000,680,0,428455,1071,72616
4,1,1000,25,500,1150,525509,500000,485,0,419584,1048,81464
4,1,1000,25,300,1175,514713,500000,285,0,410900,1027,90127
4,1,1000,25,0,1225,493745,500000,0,0,394083,985,106902
4,1,1000,150,2000,4500,624845,500000,1998,1485,587263,1468,0
4,1,1000,150,1500,4950,586181,500000,1470,929,551250,1378,0
4,1,1000,150,700,5700,527143,500000,514,0,496197,1240,5043
4,1,1000,150,500,5850,516092,500000,311,0,485883,1214,15331
4,1,1000,150,300,6000,505279,500000,104,0,475789,1189,25400
4,1,1000,150,0,6150,494700,500000,0,0,465911,1164,35253
4,1,5000,25,2000,1125,3063098,2500000,1838,0,2322928,5807,182879
4,1,5000,25,1500,1175,2940824,2500000,1498,0,2229783,5574,275791
4,1,5000,25,700,1300,2653209,2500000,577,0,2013162,5032,491870
4,1,5000,25,500,1325,2598806,2500000,380,0,1972469,4931,532462
4,1,5000,25,300,1350,2545436,2500000,178,0,1932610,4831,572221
4,1,5000,25,0,1375,2493090,2500000,0,0,1893568,4733,611165
4,1,5000,150,2000,5550,3091193,2500000,1912,865,2736826,6842,0
4,1,5000,150,1500,6000,2899764,2500000,1378,285,2573476,6433,0
4,1,5000,150,700,6600,2663409,2500000,613,0,2370974,5927,134953
4,1,5000,150,500,6750,2607491,2500000,412,0,2322928,5807,182879
4,1,5000,150,300,6900,2552783,2500000,206,0,2275872,5689,229817
4,1,5000,150,0,7050,2499260,2500000,0,0,2229783,5574,275791
4,1,10000,25,2000,1250,6204527,5000000,1941,0,4440228,11100,570872
4,1,10000,25,1500,1325,5840717,5000000,1439,0,4182392,10455,828063
4,1,10000,25,700,1450,5272433,5000000,516,0,3785636,9464,1223828
4,1,10000,25,500,1475,5164691,5000000,318,0,3710939,9277,1298338
4,1,10000,25,300,1500,5058931,5000000,116,0,3637722,9094,1371372
4,1,10000,25,0,1525,4955147,5000000,0,0,3565955,8914,1442959
4,1,10000,150,2000,6450,6153005,5000000,1873,207,5105706,12764,0
4,1,10000,150,1500,6900,5771005,5000000,1335,0,4809030,12022,202992
4,1,10000,150,700,7500,5299486,5000000,565,0,4440228,11100,570872
4,1,10000,150,500,7650,5187954,5000000,362,0,4352555,10881,658326
4,1,10000,150,300,7800,5078846,5000000,155,0,4266621,10666,744045
4,1,10000,150,0,7950,4972106,5000000,0,0,4182392,10455,828063
