amplification,controller,hlp,debt_side,pieces,path,cushion_bps,withdrawal_bps,opened,original_debt,partial,flash,solvent,emergency,repaid,insurance,loss,owner,reward,contribution,remaining,eligible,tail_observations,recentered,deferred,quote_failures,last_quote_error,failed_fills,blocked
1,false,false,0,1,0,0,0,1,7500000,7,0,0,1,6858869,200829,440302,0,28741,4146,0,0,72,0,0,0,,0,
1,false,false,0,1,0,0,2500,1,7500000,6,0,0,1,6513618,200528,785854,0,28586,2640,0,0,71,0,0,0,,0,
1,false,false,0,1,0,200,0,1,7500000,7,0,0,1,6858869,200829,440302,0,28741,4146,0,0,72,0,0,0,,0,
1,false,false,0,1,0,200,2500,1,7500000,6,0,0,1,6513618,200528,785854,0,28586,2640,0,0,71,0,0,0,,0,
1,false,false,0,1,1,0,0,1,7500000,0,0,0,1,5160480,200000,2139520,0,28487,0,0,0,21,0,0,0,,0,
1,false,false,0,1,1,0,2500,1,7500000,0,0,0,1,4925858,200000,2374142,0,27192,0,0,0,21,0,0,0,,0,
1,false,false,0,1,1,200,0,1,7500000,0,0,0,1,5160480,200000,2139520,0,28487,0,0,0,21,0,0,0,,0,
1,false,false,0,1,1,200,2500,1,7500000,0,0,0,1,4925858,200000,2374142,0,27192,0,0,0,21,0,0,0,,0,
1,false,false,0,1,2,0,0,1,7500000,0,0,0,1,5363696,200000,1936304,0,30520,0,0,0,11,0,0,0,,0,
1,false,false,0,1,2,0,2500,1,7500000,0,0,0,1,5115637,200000,2184363,0,29108,0,0,0,11,0,0,0,,0,
1,false,false,0,1,2,200,0,1,7500000,0,0,0,1,5363696,200000,1936304,0,30520,0,0,0,11,0,0,0,,0,
1,false,false,0,1,2,200,2500,1,7500000,0,0,0,1,5115637,200000,2184363,0,29108,0,0,0,11,0,0,0,,0,
1,false,false,0,10,0,0,0,10,7500000,78,5,0,0,7496815,580,0,501,0,14844,2605,4,180,0,0,0,,0,
1,false,false,0,10,0,0,2500,10,7500000,55,7,0,2,7489673,10312,0,0,2920,13133,15,0,180,0,0,0,,0,
1,false,false,0,10,0,200,0,10,7500000,54,3,5,1,7494883,3474,0,27332,3419,14828,1643,1,180,0,0,0,,0,
1,false,false,0,10,0,200,2500,10,7500000,7,0,9,1,7487396,12604,0,81554,11302,14540,0,0,71,0,0,0,,0,
1,false,false,0,10,1,0,0,10,7500000,0,0,0,10,5738972,500000,1261028,0,40024,0,0,0,30,0,0,0,,0,
1,false,false,0,10,1,0,2500,10,7500000,0,0,0,10,5734361,500000,1265639,0,40663,0,0,0,30,0,0,0,,0,
1,false,false,0,10,1,200,0,10,7500000,0,0,0,10,5738972,500000,1261028,0,40024,0,0,0,30,0,0,0,,0,
1,false,false,0,10,1,200,2500,10,7500000,0,0,0,10,5734361,500000,1265639,0,40663,0,0,0,30,0,0,0,,0,
1,false,false,0,10,2,0,0,10,7500000,0,0,0,10,5244535,500000,1755465,0,39436,0,0,0,18,0,0,0,,0,
1,false,false,0,10,2,0,2500,10,7500000,0,0,0,10,4950008,500000,2049992,0,38395,0,0,0,17,0,0,0,,0,
1,false,false,0,10,2,200,0,10,7500000,0,0,0,10,5244535,500000,1755465,0,39436,0,0,0,18,0,0,0,,0,
1,false,false,0,10,2,200,2500,10,7500000,0,0,0,10,4950008,500000,2049992,0,38395,0,0,0,17,0,0,0,,0,
1,false,false,1,1,0,0,0,1,7500000,7,0,0,1,6858869,200829,440302,0,28741,4146,0,0,72,0,0,0,,0,
1,false,false,1,1,0,0,2500,1,7500000,6,0,0,1,6513618,200528,785854,0,28586,2640,0,0,71,0,0,0,,0,
1,false,false,1,1,0,200,0,1,7500000,7,0,0,1,6858869,200829,440302,0,28741,4146,0,0,72,0,0,0,,0,
1,false,false,1,1,0,200,2500,1,7500000,6,0,0,1,6513618,200528,785854,0,28586,2640,0,0,71,0,0,0,,0,
1,false,false,1,1,1,0,0,1,7500000,0,0,0,1,5160480,200000,2139520,0,28487,0,0,0,21,0,0,0,,0,
1,false,false,1,1,1,0,2500,1,7500000,0,0,0,1,4925858,200000,2374142,0,27192,0,0,0,21,0,0,0,,0,
1,false,false,1,1,1,200,0,1,7500000,0,0,0,1,5160480,200000,2139520,0,28487,0,0,0,21,0,0,0,,0,
1,false,false,1,1,1,200,2500,1,7500000,0,0,0,1,4925858,200000,2374142,0,27192,0,0,0,21,0,0,0,,0,
1,false,false,1,1,2,0,0,1,7500000,0,0,0,1,5363696,200000,1936304,0,30520,0,0,0,11,0,0,0,,0,
1,false,false,1,1,2,0,2500,1,7500000,0,0,0,1,5115637,200000,2184363,0,29108,0,0,0,11,0,0,0,,0,
1,false,false,1,1,2,200,0,1,7500000,0,0,0,1,5363696,200000,1936304,0,30520,0,0,0,11,0,0,0,,0,
1,false,false,1,1,2,200,2500,1,7500000,0,0,0,1,5115637,200000,2184363,0,29108,0,0,0,11,0,0,0,,0,
1,false,false,1,10,0,0,0,10,7500000,78,5,0,0,7496815,580,0,501,0,14844,2605,4,180,0,0,0,,0,
1,false,false,1,10,0,0,2500,10,7500000,55,7,0,2,7489673,10312,0,0,2920,13133,15,0,180,0,0,0,,0,
1,false,false,1,10,0,200,0,10,7500000,54,3,5,1,7494883,3474,0,27332,3419,14828,1643,1,180,0,0,0,,0,
1,false,false,1,10,0,200,2500,10,7500000,7,0,9,1,7487396,12604,0,81554,11302,14540,0,0,71,0,0,0,,0,
1,false,false,1,10,1,0,0,10,7500000,0,0,0,10,5738972,500000,1261028,0,40024,0,0,0,30,0,0,0,,0,
1,false,false,1,10,1,0,2500,10,7500000,0,0,0,10,5734361,500000,1265639,0,40663,0,0,0,30,0,0,0,,0,
1,false,false,1,10,1,200,0,10,7500000,0,0,0,10,5738972,500000,1261028,0,40024,0,0,0,30,0,0,0,,0,
1,false,false,1,10,1,200,2500,10,7500000,0,0,0,10,5734361,500000,1265639,0,40663,0,0,0,30,0,0,0,,0,
1,false,false,1,10,2,0,0,10,7500000,0,0,0,10,5244535,500000,1755465,0,39436,0,0,0,18,0,0,0,,0,
1,false,false,1,10,2,0,2500,10,7500000,0,0,0,10,4950008,500000,2049992,0,38395,0,0,0,17,0,0,0,,0,
1,false,false,1,10,2,200,0,10,7500000,0,0,0,10,5244535,500000,1755465,0,39436,0,0,0,18,0,0,0,,0,
1,false,false,1,10,2,200,2500,10,7500000,0,0,0,10,4950008,500000,2049992,0,38395,0,0,0,17,0,0,0,,0,
1,false,true,0,1,0,0,0,1,7500000,6,0,0,1,6628605,200555,670840,0,28010,2778,0,0,60,0,0,0,,0,
1,false,true,0,1,0,0,2500,1,7500000,0,0,0,0,0,0,0,0,0,0,7500000,0,42,0,0,0,,0,"stress:target_unreached:BrokenInvariant@Some(Source(Source { filename: ""programs/dusk/src/transitions/liquidity/hlp/engine.rs""; line: 953 }))"
1,false,true,0,1,0,200,0,1,7500000,6,0,0,1,6628605,200555,670840,0,28010,2778,0,0,60,0,0,0,,0,
1,false,true,0,1,0,200,2500,1,7500000,0,0,0,0,0,0,0,0,0,0,7500000,0,42,0,0,0,,0,"stress:target_unreached:BrokenInvariant@Some(Source(Source { filename: ""programs/dusk/src/transitions/liquidity/hlp/engine.rs""; line: 953 }))"
1,false,true,0,1,1,0,0,1,7500000,0,0,0,1,5028150,200000,2271850,0,28692,0,0,0,19,0,0,0,,0,
1,false,true,0,1,1,0,2500,1,7500000,0,0,0,1,4565594,200000,2734406,0,26053,0,0,0,19,0,0,0,,0,
1,false,true,0,1,1,200,0,1,7500000,0,0,0,1,5028150,200000,2271850,0,28692,0,0,0,19,0,0,0,,0,
1,false,true,0,1,1,200,2500,1,7500000,0,0,0,1,4565594,200000,2734406,0,26053,0,0,0,19,0,0,0,,0,
1,false,true,0,1,2,0,0,1,7500000,0,0,0,1,4940227,200000,2359773,0,28865,0,0,0,9,0,0,0,,0,
1,false,true,0,1,2,0,2500,1,7500000,0,0,0,1,4479146,200000,2820854,0,26171,0,0,0,9,0,0,0,,0,
1,false,true,0,1,2,200,0,1,7500000,0,0,0,1,4940227,200000,2359773,0,28865,0,0,0,9,0,0,0,,0,
1,false,true,0,1,2,200,2500,1,7500000,0,0,0,1,4479146,200000,2820854,0,26171,0,0,0,9,0,0,0,,0,
1,false,true,0,10,0,0,0,9,6750000,73,6,0,0,6747157,357,0,0,0,13363,2486,3,180,0,0,0,,0,entry_margin
1,false,true,0,10,0,0,2500,9,6750000,15,0,0,7,5860246,138489,0,0,22060,4472,751265,2,132,0,0,179,"BrokenInvariant@Some(Source(Source { filename: ""programs/dusk/src/transitions/liquidity/hlp/engine.rs""; line: 953 }))",0,"stress:target_unreached:BrokenInvariant@Some(Source(Source { filename: ""programs/dusk/src/transitions/liquidity/hlp/engine.rs""; line: 953 }))"
1,false,true,0,10,0,200,0,9,6750000,58,3,4,0,6745396,2443,0,28633,3188,13133,2161,1,180,0,0,0,,0,entry_margin
1,false,true,0,10,0,200,2500,9,6750000,4,0,3,6,6610960,139040,0,16182,25823,4702,0,0,38,0,0,0,,0,entry_margin
1,false,true,0,10,1,0,0,9,6750000,0,0,0,9,5228890,500000,1021110,0,33346,0,0,0,30,0,0,0,,0,entry_margin
1,false,true,0,10,1,0,2500,9,6750000,0,0,0,0,0,0,0,0,0,0,6750000,0,7,0,0,0,,0,"stress:target_unreached:BrokenInvariant@Some(Source(Source { filename: ""programs/dusk/src/transitions/liquidity/hlp/engine.rs""; line: 953 }))"
1,false,true,0,10,1,200,0,9,6750000,0,0,0,9,5228890,500000,1021110,0,33346,0,0,0,30,0,0,0,,0,entry_margin
1,false,true,0,10,1,200,2500,9,6750000,0,0,0,0,0,0,0,0,0,0,6750000,0,7,0,0,0,,0,"stress:target_unreached:BrokenInvariant@Some(Source(Source { filename: ""programs/dusk/src/transitions/liquidity/hlp/engine.rs""; line: 953 }))"
1,false,true,0,10,2,0,0,9,6750000,0,0,0,9,4526596,500000,1723404,0,34411,0,0,0,17,0,0,0,,0,entry_margin
1,false,true,0,10,2,0,2500,9,6750000,0,0,0,9,4072042,500000,2177958,0,33115,0,0,0,15,0,0,0,,0,entry_margin
1,false,true,0,10,2,200,0,9,6750000,0,0,0,9,4526596,500000,1723404,0,34411,0,0,0,17,0,0,0,,0,entry_margin
1,false,true,0,10,2,200,2500,9,6750000,0,0,0,9,4072042,500000,2177958,0,33115,0,0,0,15,0,0,0,,0,entry_margin
1,false,true,1,1,0,0,0,1,7500000,6,0,0,1,6628605,200555,670840,0,28010,2778,0,0,60,0,0,0,,0,
1,false,true,1,1,0,0,2500,1,7500000,0,0,0,0,0,0,0,0,0,0,7500000,0,42,0,0,0,,0,"stress:target_unreached:BrokenInvariant@Some(Source(Source { filename: ""programs/dusk/src/transitions/liquidity/hlp/engine.rs""; line: 953 }))"
1,false,true,1,1,0,200,0,1,7500000,6,0,0,1,6628605,200555,670840,0,28010,2778,0,0,60,0,0,0,,0,
1,false,true,1,1,0,200,2500,1,7500000,0,0,0,0,0,0,0,0,0,0,7500000,0,42,0,0,0,,0,"stress:target_unreached:BrokenInvariant@Some(Source(Source { filename: ""programs/dusk/src/transitions/liquidity/hlp/engine.rs""; line: 953 }))"
1,false,true,1,1,1,0,0,1,7500000,0,0,0,1,5028150,200000,2271850,0,28692,0,0,0,19,0,0,0,,0,
1,false,true,1,1,1,0,2500,1,7500000,0,0,0,1,4565594,200000,2734406,0,26053,0,0,0,19,0,0,0,,0,
1,false,true,1,1,1,200,0,1,7500000,0,0,0,1,5028150,200000,2271850,0,28692,0,0,0,19,0,0,0,,0,
1,false,true,1,1,1,200,2500,1,7500000,0,0,0,1,4565594,200000,2734406,0,26053,0,0,0,19,0,0,0,,0,
1,false,true,1,1,2,0,0,1,7500000,0,0,0,1,4940227,200000,2359773,0,28865,0,0,0,9,0,0,0,,0,
1,false,true,1,1,2,0,2500,1,7500000,0,0,0,1,4479146,200000,2820854,0,26171,0,0,0,9,0,0,0,,0,
1,false,true,1,1,2,200,0,1,7500000,0,0,0,1,4940227,200000,2359773,0,28865,0,0,0,9,0,0,0,,0,
1,false,true,1,1,2,200,2500,1,7500000,0,0,0,1,4479146,200000,2820854,0,26171,0,0,0,9,0,0,0,,0,
1,false,true,1,10,0,0,0,9,6750000,73,6,0,0,6747157,357,0,0,0,13363,2486,3,180,0,0,0,,0,entry_margin
1,false,true,1,10,0,0,2500,9,6750000,15,0,0,7,5860246,138489,0,0,22060,4472,751265,2,132,0,0,179,"BrokenInvariant@Some(Source(Source { filename: ""programs/dusk/src/transitions/liquidity/hlp/engine.rs""; line: 953 }))",0,"stress:target_unreached:BrokenInvariant@Some(Source(Source { filename: ""programs/dusk/src/transitions/liquidity/hlp/engine.rs""; line: 953 }))"
1,false,true,1,10,0,200,0,9,6750000,58,3,4,0,6745396,2443,0,28633,3188,13133,2161,1,180,0,0,0,,0,entry_margin
1,false,true,1,10,0,200,2500,9,6750000,4,0,3,6,6610960,139040,0,16182,25823,4702,0,0,38,0,0,0,,0,entry_margin
1,false,true,1,10,1,0,0,9,6750000,0,0,0,9,5228890,500000,1021110,0,33346,0,0,0,30,0,0,0,,0,entry_margin
1,false,true,1,10,1,0,2500,9,6750000,0,0,0,0,0,0,0,0,0,0,6750000,0,7,0,0,0,,0,"stress:target_unreached:BrokenInvariant@Some(Source(Source { filename: ""programs/dusk/src/transitions/liquidity/hlp/engine.rs""; line: 953 }))"
1,false,true,1,10,1,200,0,9,6750000,0,0,0,9,5228890,500000,1021110,0,33346,0,0,0,30,0,0,0,,0,entry_margin
1,false,true,1,10,1,200,2500,9,6750000,0,0,0,0,0,0,0,0,0,0,6750000,0,7,0,0,0,,0,"stress:target_unreached:BrokenInvariant@Some(Source(Source { filename: ""programs/dusk/src/transitions/liquidity/hlp/engine.rs""; line: 953 }))"
1,false,true,1,10,2,0,0,9,6750000,0,0,0,9,4526596,500000,1723404,0,34411,0,0,0,17,0,0,0,,0,entry_margin
1,false,true,1,10,2,0,2500,9,6750000,0,0,0,9,4072042,500000,2177958,0,33115,0,0,0,15,0,0,0,,0,entry_margin
1,false,true,1,10,2,200,0,9,6750000,0,0,0,9,4526596,500000,1723404,0,34411,0,0,0,17,0,0,0,,0,entry_margin
1,false,true,1,10,2,200,2500,9,6750000,0,0,0,9,4072042,500000,2177958,0,33115,0,0,0,15,0,0,0,,0,entry_margin
1,true,false,0,1,0,0,0,1,7500000,0,0,0,1,5494418,200000,1805582,0,29597,0,0,0,40,0,0,0,,0,
1,true,false,0,1,0,0,2500,1,7500000,0,0,0,1,5279489,200000,2020511,0,28439,0,0,0,40,0,0,0,,0,
1,true,false,0,1,0,200,0,1,7500000,0,0,0,1,5494418,200000,1805582,0,29597,0,0,0,40,0,0,0,,0,
1,true,false,0,1,0,200,2500,1,7500000,0,0,0,1,5279489,200000,2020511,0,28439,0,0,0,40,0,0,0,,0,
1,true,false,0,1,1,0,0,1,7500000,0,0,0,1,4440906,200000,2859094,0,24272,0,0,0,14,0,0,0,,0,
1,true,false,0,1,1,0,2500,1,7500000,0,0,0,1,4283106,200000,3016894,0,23410,0,0,0,14,0,0,0,,0,
1,true,false,0,1,1,200,0,1,7500000,0,0,0,1,4440906,200000,2859094,0,24272,0,0,0,14,0,0,0,,0,
1,true,false,0,1,1,200,2500,1,7500000,0,0,0,1,4283106,200000,3016894,0,23410,0,0,0,14,0,0,0,,0,
1,true,false,0,1,2,0,0,1,7500000,0,0,0,1,3768027,200000,3531973,0,28248,0,0,0,6,0,0,0,,0,
1,true,false,0,1,2,0,2500,1,7500000,0,0,0,1,3643684,200000,3656316,0,27315,0,0,0,6,0,0,0,,0,
1,true,false,0,1,2,200,0,1,7500000,0,0,0,1,3768027,200000,3531973,0,28248,0,0,0,6,0,0,0,,0,
1,true,false,0,1,2,200,2500,1,7500000,0,0,0,1,3643684,200000,3656316,0,27315,0,0,0,6,0,0,0,,0,
1,true,false,0,10,0,0,0,8,6000000,0,0,0,8,4866597,500000,633403,0,25452,0,0,0,125,0,0,0,,0,entry_margin
1,true,false,0,10,0,0,2500,8,6000000,0,0,0,8,4843047,500000,656953,0,25493,0,0,0,125,0,0,0,,0,entry_margin
1,true,false,0,10,0,200,0,8,6000000,0,0,0,8,4866597,500000,633403,0,25452,0,0,0,125,0,0,0,,0,entry_margin
1,true,false,0,10,0,200,2500,8,6000000,0,0,0,8,4843047,500000,656953,0,25493,0,0,0,125,0,0,0,,0,entry_margin
1,true,false,0,10,1,0,0,8,6000000,0,0,0,8,3782693,500000,1717307,0,24291,0,0,0,30,0,0,0,,0,entry_margin
1,true,false,0,10,1,0,2500,8,6000000,0,0,0,8,3765348,500000,1734652,0,25665,0,0,0,30,0,0,0,,0,entry_margin
1,true,false,0,10,1,200,0,8,6000000,0,0,0,8,3782693,500000,1717307,0,24291,0,0,0,30,0,0,0,,0,entry_margin
1,true,false,0,10,1,200,2500,8,6000000,0,0,0,8,3765348,500000,1734652,0,25665,0,0,0,30,0,0,0,,0,entry_margin
1,true,false,0,10,2,0,0,8,6000000,0,0,0,8,3221410,500000,2278590,0,21636,0,0,0,18,0,0,0,,0,entry_margin
1,true,false,0,10,2,0,2500,8,6000000,0,0,0,8,3089373,500000,2410627,0,24691,0,0,0,17,0,0,0,,0,entry_margin
1,true,false,0,10,2,200,0,8,6000000,0,0,0,8,3221410,500000,2278590,0,21636,0,0,0,18,0,0,0,,0,entry_margin
1,true,false,0,10,2,200,2500,8,6000000,0,0,0,8,3089373,500000,2410627,0,24691,0,0,0,17,0,0,0,,0,entry_margin
1,true,false,1,1,0,0,0,1,7500000,0,0,0,1,5494418,200000,1805582,0,29597,0,0,0,40,0,0,0,,0,
1,true,false,1,1,0,0,2500,1,7500000,0,0,0,1,5279489,200000,2020511,0,28439,0,0,0,40,0,0,0,,0,
1,true,false,1,1,0,200,0,1,7500000,0,0,0,1,5494418,200000,1805582,0,29597,0,0,0,40,0,0,0,,0,
1,true,false,1,1,0,200,2500,1,7500000,0,0,0,1,5279489,200000,2020511,0,28439,0,0,0,40,0,0,0,,0,
1,true,false,1,1,1,0,0,1,7500000,0,0,0,1,4440906,200000,2859094,0,24272,0,0,0,14,0,0,0,,0,
1,true,false,1,1,1,0,2500,1,7500000,0,0,0,1,4283106,200000,3016894,0,23410,0,0,0,14,0,0,0,,0,
1,true,false,1,1,1,200,0,1,7500000,0,0,0,1,4440906,200000,2859094,0,24272,0,0,0,14,0,0,0,,0,
1,true,false,1,1,1,200,2500,1,7500000,0,0,0,1,4283106,200000,3016894,0,23410,0,0,0,14,0,0,0,,0,
1,true,false,1,1,2,0,0,1,7500000,0,0,0,1,3768027,200000,3531973,0,28248,0,0,0,6,0,0,0,,0,
1,true,false,1,1,2,0,2500,1,7500000,0,0,0,1,3643684,200000,3656316,0,27315,0,0,0,6,0,0,0,,0,
1,true,false,1,1,2,200,0,1,7500000,0,0,0,1,3768027,200000,3531973,0,28248,0,0,0,6,0,0,0,,0,
1,true,false,1,1,2,200,2500,1,7500000,0,0,0,1,3643684,200000,3656316,0,27315,0,0,0,6,0,0,0,,0,
1,true,false,1,10,0,0,0,8,6000000,0,0,0,8,4866597,500000,633403,0,25452,0,0,0,125,0,0,0,,0,entry_margin
1,true,false,1,10,0,0,2500,8,6000000,0,0,0,8,4843047,500000,656953,0,25493,0,0,0,125,0,0,0,,0,entry_margin
1,true,false,1,10,0,200,0,8,6000000,0,0,0,8,4866597,500000,633403,0,25452,0,0,0,125,0,0,0,,0,entry_margin
1,true,false,1,10,0,200,2500,8,6000000,0,0,0,8,4843047,500000,656953,0,25493,0,0,0,125,0,0,0,,0,entry_margin
1,true,false,1,10,1,0,0,8,6000000,0,0,0,8,3782693,500000,1717307,0,24291,0,0,0,30,0,0,0,,0,entry_margin
1,true,false,1,10,1,0,2500,8,6000000,0,0,0,8,3765348,500000,1734652,0,25665,0,0,0,30,0,0,0,,0,entry_margin
1,true,false,1,10,1,200,0,8,6000000,0,0,0,8,3782693,500000,1717307,0,24291,0,0,0,30,0,0,0,,0,entry_margin
1,true,false,1,10,1,200,2500,8,6000000,0,0,0,8,3765348,500000,1734652,0,25665,0,0,0,30,0,0,0,,0,entry_margin
1,true,false,1,10,2,0,0,8,6000000,0,0,0,8,3221410,500000,2278590,0,21636,0,0,0,18,0,0,0,,0,entry_margin
1,true,false,1,10,2,0,2500,8,6000000,0,0,0,8,3089373,500000,2410627,0,24691,0,0,0,17,0,0,0,,0,entry_margin
1,true,false,1,10,2,200,0,8,6000000,0,0,0,8,3221410,500000,2278590,0,21636,0,0,0,18,0,0,0,,0,entry_margin
1,true,false,1,10,2,200,2500,8,6000000,0,0,0,8,3089373,500000,2410627,0,24691,0,0,0,17,0,0,0,,0,entry_margin
1,true,true,0,1,0,0,0,1,7500000,0,0,0,1,5366746,200000,1933254,0,27201,0,0,0,30,0,0,0,,0,
1,true,true,0,1,0,0,2500,1,7500000,0,0,0,1,4936176,200000,2363824,0,25019,0,0,0,30,0,0,0,,0,
1,true,true,0,1,0,200,0,1,7500000,0,0,0,1,5366746,200000,1933254,0,27201,0,0,0,30,0,0,0,,0,
1,true,true,0,1,0,200,2500,1,7500000,0,0,0,1,4936176,200000,2363824,0,25019,0,0,0,30,0,0,0,,0,
1,true,true,0,1,1,0,0,1,7500000,0,0,0,1,4390737,200000,2909263,0,24584,0,0,0,12,0,0,0,,0,
1,true,true,0,1,1,0,2500,1,7500000,0,0,0,0,0,0,0,0,0,0,7500000,0,7,0,0,0,,0,"stress:target_unreached:BrokenInvariant@Some(Source(Source { filename: ""programs/dusk/src/transitions/liquidity/hlp/engine.rs""; line: 953 }))"
1,true,true,0,1,1,200,0,1,7500000,0,0,0,1,4390737,200000,2909263,0,24584,0,0,0,12,0,0,0,,0,
1,true,true,0,1,1,200,2500,1,7500000,0,0,0,0,0,0,0,0,0,0,7500000,0,7,0,0,0,,0,"stress:target_unreached:BrokenInvariant@Some(Source(Source { filename: ""programs/dusk/src/transitions/liquidity/hlp/engine.rs""; line: 953 }))"
1,true,true,0,1,2,0,0,1,7500000,0,0,0,1,3522966,200000,3777034,0,28618,0,0,0,5,0,0,0,,0,
1,true,true,0,1,2,0,2500,1,7500000,0,0,0,1,3281529,200000,4018471,0,26657,0,0,0,5,0,0,0,,0,
1,true,true,0,1,2,200,0,1,7500000,0,0,0,1,3522966,200000,3777034,0,28618,0,0,0,5,0,0,0,,0,
1,true,true,0,1,2,200,2500,1,7500000,0,0,0,1,3281529,200000,4018471,0,26657,0,0,0,5,0,0,0,,0,
1,true,true,0,10,0,0,0,6,4500000,0,0,0,6,3597020,500000,402980,0,18737,0,0,0,122,0,0,0,,0,entry_margin
1,true,true,0,10,0,0,2500,6,4500000,0,0,0,6,3555308,500000,444692,0,18778,0,0,0,122,0,0,0,,0,entry_margin
1,true,true,0,10,0,200,0,6,4500000,0,0,0,6,3597020,500000,402980,0,18737,0,0,0,122,0,0,0,,0,entry_margin
1,true,true,0,10,0,200,2500,6,4500000,0,0,0,6,3555308,500000,444692,0,18778,0,0,0,122,0,0,0,,0,entry_margin
1,true,true,0,10,1,0,0,6,4500000,0,0,0,6,2797681,500000,1202319,0,19415,0,0,0,30,0,0,0,,0,entry_margin
1,true,true,0,10,1,0,2500,6,4500000,0,0,0,0,0,0,0,0,0,0,4500000,0,7,0,0,0,,0,"stress:target_unreached:BrokenInvariant@Some(Source(Source { filename: ""programs/dusk/src/transitions/liquidity/hlp/engine.rs""; line: 953 }))"
1,true,true,0,10,1,200,0,6,4500000,0,0,0,6,2797681,500000,1202319,0,19415,0,0,0,30,0,0,0,,0,entry_margin
1,true,true,0,10,1,200,2500,6,4500000,0,0,0,0,0,0,0,0,0,0,4500000,0,7,0,0,0,,0,"stress:target_unreached:BrokenInvariant@Some(Source(Source { filename: ""programs/dusk/src/transitions/liquidity/hlp/engine.rs""; line: 953 }))"
1,true,true,0,10,2,0,0,6,4500000,0,0,0,6,2484575,500000,1515425,0,20067,0,0,0,19,0,0,0,,0,entry_margin
1,true,true,0,10,2,0,2500,6,4500000,0,0,0,6,2340437,500000,1659563,0,17291,0,0,0,16,0,0,0,,0,entry_margin
1,true,true,0,10,2,200,0,6,4500000,0,0,0,6,2484575,500000,1515425,0,20067,0,0,0,19,0,0,0,,0,entry_margin
1,true,true,0,10,2,200,2500,6,4500000,0,0,0,6,2340437,500000,1659563,0,17291,0,0,0,16,0,0,0,,0,entry_margin
1,true,true,1,1,0,0,0,1,7500000,0,0,0,1,5366746,200000,1933254,0,27201,0,0,0,30,0,0,0,,0,
1,true,true,1,1,0,0,2500,1,7500000,0,0,0,1,4936176,200000,2363824,0,25019,0,0,0,30,0,0,0,,0,
1,true,true,1,1,0,200,0,1,7500000,0,0,0,1,5366746,200000,1933254,0,27201,0,0,0,30,0,0,0,,0,
1,true,true,1,1,0,200,2500,1,7500000,0,0,0,1,4936176,200000,2363824,0,25019,0,0,0,30,0,0,0,,0,
1,true,true,1,1,1,0,0,1,7500000,0,0,0,1,4390737,200000,2909263,0,24584,0,0,0,12,0,0,0,,0,
1,true,true,1,1,1,0,2500,1,7500000,0,0,0,0,0,0,0,0,0,0,7500000,0,7,0,0,0,,0,"stress:target_unreached:BrokenInvariant@Some(Source(Source { filename: ""programs/dusk/src/transitions/liquidity/hlp/engine.rs""; line: 953 }))"
1,true,true,1,1,1,200,0,1,7500000,0,0,0,1,4390737,200000,2909263,0,24584,0,0,0,12,0,0,0,,0,
1,true,true,1,1,1,200,2500,1,7500000,0,0,0,0,0,0,0,0,0,0,7500000,0,7,0,0,0,,0,"stress:target_unreached:BrokenInvariant@Some(Source(Source { filename: ""programs/dusk/src/transitions/liquidity/hlp/engine.rs""; line: 953 }))"
1,true,true,1,1,2,0,0,1,7500000,0,0,0,1,3522966,200000,3777034,0,28618,0,0,0,5,0,0,0,,0,
1,true,true,1,1,2,0,2500,1,7500000,0,0,0,1,3281529,200000,4018471,0,26657,0,0,0,5,0,0,0,,0,
1,true,true,1,1,2,200,0,1,7500000,0,0,0,1,3522966,200000,3777034,0,28618,0,0,0,5,0,0,0,,0,
1,true,true,1,1,2,200,2500,1,7500000,0,0,0,1,3281529,200000,4018471,0,26657,0,0,0,5,0,0,0,,0,
1,true,true,1,10,0,0,0,6,4500000,0,0,0,6,3597020,500000,402980,0,18737,0,0,0,122,0,0,0,,0,entry_margin
1,true,true,1,10,0,0,2500,6,4500000,0,0,0,6,3555308,500000,444692,0,18778,0,0,0,122,0,0,0,,0,entry_margin
1,true,true,1,10,0,200,0,6,4500000,0,0,0,6,3597020,500000,402980,0,18737,0,0,0,122,0,0,0,,0,entry_margin
1,true,true,1,10,0,200,2500,6,4500000,0,0,0,6,3555308,500000,444692,0,18778,0,0,0,122,0,0,0,,0,entry_margin
1,true,true,1,10,1,0,0,6,4500000,0,0,0,6,2797681,500000,1202319,0,19415,0,0,0,30,0,0,0,,0,entry_margin
1,true,true,1,10,1,0,2500,6,4500000,0,0,0,0,0,0,0,0,0,0,4500000,0,7,0,0,0,,0,"stress:target_unreached:BrokenInvariant@Some(Source(Source { filename: ""programs/dusk/src/transitions/liquidity/hlp/engine.rs""; line: 953 }))"
1,true,true,1,10,1,200,0,6,4500000,0,0,0,6,2797681,500000,1202319,0,19415,0,0,0,30,0,0,0,,0,entry_margin
1,true,true,1,10,1,200,2500,6,4500000,0,0,0,0,0,0,0,0,0,0,4500000,0,7,0,0,0,,0,"stress:target_unreached:BrokenInvariant@Some(Source(Source { filename: ""programs/dusk/src/transitions/liquidity/hlp/engine.rs""; line: 953 }))"
1,true,true,1,10,2,0,0,6,4500000,0,0,0,6,2484575,500000,1515425,0,20067,0,0,0,19,0,0,0,,0,entry_margin
1,true,true,1,10,2,0,2500,6,4500000,0,0,0,6,2340437,500000,1659563,0,17291,0,0,0,16,0,0,0,,0,entry_margin
1,true,true,1,10,2,200,0,6,4500000,0,0,0,6,2484575,500000,1515425,0,20067,0,0,0,19,0,0,0,,0,entry_margin
1,true,true,1,10,2,200,2500,6,4500000,0,0,0,6,2340437,500000,1659563,0,17291,0,0,0,16,0,0,0,,0,entry_margin
4,false,false,0,1,0,0,0,1,7500000,6,0,0,1,6786168,200636,513196,0,27146,3184,0,0,74,0,0,0,,0,
4,false,false,0,1,0,0,2500,1,7500000,6,0,0,1,6415820,200474,883706,0,29292,2370,0,0,74,0,0,0,,0,
4,false,false,0,1,0,200,0,1,7500000,6,0,0,1,6786168,200636,513196,0,27146,3184,0,0,74,0,0,0,,0,
4,false,false,0,1,0,200,2500,1,7500000,6,0,0,1,6415820,200474,883706,0,29292,2370,0,0,74,0,0,0,,0,
4,false,false,0,1,1,0,0,1,7500000,0,0,0,1,5108285,200000,2191715,0,25850,0,0,0,22,0,0,0,,0,
4,false,false,0,1,1,0,2500,1,7500000,0,0,0,1,4861174,200000,2438826,0,24599,0,0,0,22,0,0,0,,0,
4,false,false,0,1,1,200,0,1,7500000,0,0,0,1,5108285,200000,2191715,0,25850,0,0,0,22,0,0,0,,0,
4,false,false,0,1,1,200,2500,1,7500000,0,0,0,1,4861174,200000,2438826,0,24599,0,0,0,22,0,0,0,,0,
4,false,false,0,1,2,0,0,1,7500000,0,0,0,1,5611534,200000,1688466,0,32679,0,0,0,14,0,0,0,,0,
4,false,false,0,1,2,0,2500,1,7500000,0,0,0,1,5328656,200000,1971344,0,31032,0,0,0,14,0,0,0,,0,
4,false,false,0,1,2,200,0,1,7500000,0,0,0,1,5611534,200000,1688466,0,32679,0,0,0,14,0,0,0,,0,
4,false,false,0,1,2,200,2500,1,7500000,0,0,0,1,5328656,200000,1971344,0,31032,0,0,0,14,0,0,0,,0,
4,false,false,0,10,0,0,0,10,7500000,59,6,0,3,7474235,25287,0,0,6437,12875,478,1,171,0,0,0,,0,
4,false,false,0,10,0,0,2500,10,7500000,26,4,0,6,7426385,73615,0,0,12453,9843,0,0,77,0,0,0,,0,
4,false,false,0,10,0,200,0,10,7500000,50,3,2,4,7459171,40351,0,18835,9339,12885,478,1,171,0,0,0,,0,
4,false,false,0,10,0,200,2500,10,7500000,5,0,8,2,7431146,68854,0,69016,17352,13056,0,0,65,0,0,0,,0,
4,false,false,0,10,1,0,0,10,7500000,0,0,0,10,5705712,500000,1294288,0,35553,0,0,0,30,0,0,0,,0,
4,false,false,0,10,1,0,2500,10,7500000,0,0,0,10,5643521,500000,1356479,0,39895,0,0,0,30,0,0,0,,0,
4,false,false,0,10,1,200,0,10,7500000,0,0,0,10,5705712,500000,1294288,0,35553,0,0,0,30,0,0,0,,0,
4,false,false,0,10,1,200,2500,10,7500000,0,0,0,10,5643521,500000,1356479,0,39895,0,0,0,30,0,0,0,,0,
4,false,false,0,10,2,0,0,10,7500000,0,0,0,10,5506035,500000,1493965,0,38291,0,0,0,20,0,0,0,,0,
4,false,false,0,10,2,0,2500,10,7500000,0,0,0,10,5173503,500000,1826497,0,39363,0,0,0,18,0,0,0,,0,
4,false,false,0,10,2,200,0,10,7500000,0,0,0,10,5506035,500000,1493965,0,38291,0,0,0,20,0,0,0,,0,
4,false,false,0,10,2,200,2500,10,7500000,0,0,0,10,5173503,500000,1826497,0,39363,0,0,0,18,0,0,0,,0,
4,false,false,1,1,0,0,0,1,7500000,6,0,0,1,6786168,200636,513196,0,27146,3184,0,0,74,0,0,0,,0,
4,false,false,1,1,0,0,2500,1,7500000,6,0,0,1,6415820,200474,883706,0,29292,2370,0,0,74,0,0,0,,0,
4,false,false,1,1,0,200,0,1,7500000,6,0,0,1,6786168,200636,513196,0,27146,3184,0,0,74,0,0,0,,0,
4,false,false,1,1,0,200,2500,1,7500000,6,0,0,1,6415820,200474,883706,0,29292,2370,0,0,74,0,0,0,,0,
4,false,false,1,1,1,0,0,1,7500000,0,0,0,1,5108285,200000,2191715,0,25850,0,0,0,22,0,0,0,,0,
4,false,false,1,1,1,0,2500,1,7500000,0,0,0,1,4861174,200000,2438826,0,24599,0,0,0,22,0,0,0,,0,
4,false,false,1,1,1,200,0,1,7500000,0,0,0,1,5108285,200000,2191715,0,25850,0,0,0,22,0,0,0,,0,
4,false,false,1,1,1,200,2500,1,7500000,0,0,0,1,4861174,200000,2438826,0,24599,0,0,0,22,0,0,0,,0,
4,false,false,1,1,2,0,0,1,7500000,0,0,0,1,5611534,200000,1688466,0,32679,0,0,0,14,0,0,0,,0,
4,false,false,1,1,2,0,2500,1,7500000,0,0,0,1,5328656,200000,1971344,0,31032,0,0,0,14,0,0,0,,0,
4,false,false,1,1,2,200,0,1,7500000,0,0,0,1,5611534,200000,1688466,0,32679,0,0,0,14,0,0,0,,0,
4,false,false,1,1,2,200,2500,1,7500000,0,0,0,1,5328656,200000,1971344,0,31032,0,0,0,14,0,0,0,,0,
4,false,false,1,10,0,0,0,10,7500000,59,6,0,3,7474235,25287,0,0,6437,12875,478,1,171,0,0,0,,0,
4,false,false,1,10,0,0,2500,10,7500000,26,4,0,6,7426385,73615,0,0,12453,9843,0,0,77,0,0,0,,0,
4,false,false,1,10,0,200,0,10,7500000,50,3,2,4,7459171,40351,0,18835,9339,12885,478,1,171,0,0,0,,0,
4,false,false,1,10,0,200,2500,10,7500000,5,0,8,2,7431146,68854,0,69016,17352,13056,0,0,65,0,0,0,,0,
4,false,false,1,10,1,0,0,10,7500000,0,0,0,10,5705712,500000,1294288,0,35553,0,0,0,30,0,0,0,,0,
4,false,false,1,10,1,0,2500,10,7500000,0,0,0,10,5643521,500000,1356479,0,39895,0,0,0,30,0,0,0,,0,
4,false,false,1,10,1,200,0,10,7500000,0,0,0,10,5705712,500000,1294288,0,35553,0,0,0,30,0,0,0,,0,
4,false,false,1,10,1,200,2500,10,7500000,0,0,0,10,5643521,500000,1356479,0,39895,0,0,0,30,0,0,0,,0,
4,false,false,1,10,2,0,0,10,7500000,0,0,0,10,5506035,500000,1493965,0,38291,0,0,0,20,0,0,0,,0,
4,false,false,1,10,2,0,2500,10,7500000,0,0,0,10,5173503,500000,1826497,0,39363,0,0,0,18,0,0,0,,0,
4,false,false,1,10,2,200,0,10,7500000,0,0,0,10,5506035,500000,1493965,0,38291,0,0,0,20,0,0,0,,0,
4,false,false,1,10,2,200,2500,10,7500000,0,0,0,10,5173503,500000,1826497,0,39363,0,0,0,18,0,0,0,,0,
4,false,true,0,1,0,0,0,1,7500000,6,0,0,1,6526705,200553,772742,0,29916,2768,0,0,63,0,0,0,,0,
4,false,true,0,1,0,0,2500,1,7500000,5,0,0,1,5790712,200302,1508986,0,29887,1510,0,0,63,0,0,0,,0,
4,false,true,0,1,0,200,0,1,7500000,6,0,0,1,6526705,200553,772742,0,29916,2768,0,0,63,0,0,0,,0,
4,false,true,0,1,0,200,2500,1,7500000,5,0,0,1,5790712,200302,1508986,0,29887,1510,0,0,63,0,0,0,,0,
4,false,true,0,1,1,0,0,1,7500000,0,0,0,1,4958653,200000,2341347,0,26160,0,0,0,20,0,0,0,,0,
4,false,true,0,1,1,0,2500,1,7500000,0,0,0,1,4476053,200000,2823947,0,23614,0,0,0,20,0,0,0,,0,
4,false,true,0,1,1,200,0,1,7500000,0,0,0,1,4958653,200000,2341347,0,26160,0,0,0,20,0,0,0,,0,
4,false,true,0,1,1,200,2500,1,7500000,0,0,0,1,4476053,200000,2823947,0,23614,0,0,0,20,0,0,0,,0,
4,false,true,0,1,2,0,0,1,7500000,0,0,0,1,5150020,200000,2149980,0,27971,0,0,0,11,0,0,0,,0,
4,false,true,0,1,2,0,2500,1,7500000,0,0,0,1,4624582,200000,2675418,0,25117,0,0,0,11,0,0,0,,0,
4,false,true,0,1,2,200,0,1,7500000,0,0,0,1,5150020,200000,2149980,0,27971,0,0,0,11,0,0,0,,0,
4,false,true,0,1,2,200,2500,1,7500000,0,0,0,1,4624582,200000,2675418,0,25117,0,0,0,11,0,0,0,,0,
4,false,true,0,10,0,0,0,10,7500000,61,8,0,2,7494848,5152,0,21,403,13916,0,0,117,0,0,0,,0,
4,false,true,0,10,0,0,2500,10,7500000,13,2,0,8,7193950,306050,0,0,35717,3615,0,0,34,0,0,0,,0,
4,false,true,0,10,0,200,0,10,7500000,42,1,6,2,7478160,21694,0,37508,8811,13142,146,1,167,0,0,1,"BrokenInvariant@Some(Source(Source { filename: ""programs/dusk/src/transitions/liquidity/hlp/engine.rs""; line: 953 }))",0,"stress:target_unreached:BrokenInvariant@Some(Source(Source { filename: ""programs/dusk/src/transitions/liquidity/hlp/engine.rs""; line: 953 }))"
4,false,true,0,10,0,200,2500,10,7500000,7,0,3,7,7267011,232989,0,23966,28952,6717,0,0,28,0,0,0,,0,
4,false,true,0,10,1,0,0,10,7500000,0,0,0,10,5743113,500000,1256887,0,40807,0,0,0,30,0,0,0,,0,
4,false,true,0,10,1,0,2500,10,7500000,0,0,0,10,5694981,500000,1305019,0,39335,0,0,0,29,0,0,0,,0,
4,false,true,0,10,1,200,0,10,7500000,0,0,0,10,5743113,500000,1256887,0,40807,0,0,0,30,0,0,0,,0,
4,false,true,0,10,1,200,2500,10,7500000,0,0,0,10,5694981,500000,1305019,0,39335,0,0,0,29,0,0,0,,0,
4,false,true,0,10,2,0,0,10,7500000,0,0,0,10,5006877,500000,1993123,0,38775,0,0,0,18,0,0,0,,0,
4,false,true,0,10,2,0,2500,10,7500000,0,0,0,10,4422232,500000,2577768,0,32382,0,0,0,15,0,0,0,,0,
4,false,true,0,10,2,200,0,10,7500000,0,0,0,10,5006877,500000,1993123,0,38775,0,0,0,18,0,0,0,,0,
4,false,true,0,10,2,200,2500,10,7500000,0,0,0,10,4422232,500000,2577768,0,32382,0,0,0,15,0,0,0,,0,
4,false,true,1,1,0,0,0,1,7500000,6,0,0,1,6526705,200553,772742,0,29916,2768,0,0,63,0,0,0,,0,
4,false,true,1,1,0,0,2500,1,7500000,0,0,0,0,0,0,0,0,0,0,7500000,1,55,0,0,1,"BrokenInvariant@Some(Source(Source { filename: ""programs/dusk/src/transitions/liquidity/hlp/engine.rs""; line: 953 }))",0,"stress:target_unreached:BrokenInvariant@Some(Source(Source { filename: ""programs/dusk/src/transitions/liquidity/hlp/engine.rs""; line: 953 }))"
4,false,true,1,1,0,200,0,1,7500000,6,0,0,1,6526705,200553,772742,0,29916,2768,0,0,63,0,0,0,,0,
4,false,true,1,1,0,200,2500,1,7500000,0,0,0,0,0,0,0,0,0,0,7500000,1,55,0,0,1,"BrokenInvariant@Some(Source(Source { filename: ""programs/dusk/src/transitions/liquidity/hlp/engine.rs""; line: 953 }))",0,"stress:target_unreached:BrokenInvariant@Some(Source(Source { filename: ""programs/dusk/src/transitions/liquidity/hlp/engine.rs""; line: 953 }))"
4,false,true,1,1,1,0,0,1,7500000,0,0,0,0,0,0,0,0,0,0,7500000,0,10,0,0,0,,0,"stress:target_unreached:BrokenInvariant@Some(Source(Source { filename: ""programs/dusk/src/transitions/liquidity/hlp/engine.rs""; line: 953 }))"
4,false,true,1,1,1,0,2500,1,7500000,0,0,0,1,4476053,200000,2823947,0,23614,0,0,0,20,0,0,0,,0,
4,false,true,1,1,1,200,0,1,7500000,0,0,0,0,0,0,0,0,0,0,7500000,0,10,0,0,0,,0,"stress:target_unreached:BrokenInvariant@Some(Source(Source { filename: ""programs/dusk/src/transitions/liquidity/hlp/engine.rs""; line: 953 }))"
4,false,true,1,1,1,200,2500,1,7500000,0,0,0,1,4476053,200000,2823947,0,23614,0,0,0,20,0,0,0,,0,
4,false,true,1,1,2,0,0,1,7500000,0,0,0,1,5150020,200000,2149980,0,27971,0,0,0,11,0,0,0,,0,
4,false,true,1,1,2,0,2500,1,7500000,0,0,0,1,4624582,200000,2675418,0,25117,0,0,0,11,0,0,0,,0,
4,false,true,1,1,2,200,0,1,7500000,0,0,0,1,5150020,200000,2149980,0,27971,0,0,0,11,0,0,0,,0,
4,false,true,1,1,2,200,2500,1,7500000,0,0,0,1,4624582,200000,2675418,0,25117,0,0,0,11,0,0,0,,0,
4,false,true,1,10,0,0,0,10,7500000,61,6,0,1,7244795,3737,0,21,51,13916,251468,3,131,0,0,53,"BrokenInvariant@Some(Source(Source { filename: ""programs/dusk/src/transitions/liquidity/hlp/engine.rs""; line: 953 }))",0,"stress:target_unreached:BrokenInvariant@Some(Source(Source { filename: ""programs/dusk/src/transitions/liquidity/hlp/engine.rs""; line: 953 }))"
4,false,true,1,10,0,0,2500,10,7500000,13,2,0,8,7193950,306050,0,0,35717,3615,0,0,34,0,0,0,,0,
4,false,true,1,10,0,200,0,10,7500000,42,1,6,2,7478160,21694,0,37508,8811,13142,146,1,171,0,0,0,,0,
4,false,true,1,10,0,200,2500,10,7500000,7,0,3,7,7267011,232989,0,23966,28952,6717,0,0,28,0,0,0,,0,
4,false,true,1,10,1,0,0,10,7500000,0,0,0,10,5743113,500000,1256887,0,40807,0,0,0,30,0,0,0,,0,
4,false,true,1,10,1,0,2500,10,7500000,0,0,0,10,5694981,500000,1305019,0,39335,0,0,0,29,0,0,0,,0,
4,false,true,1,10,1,200,0,10,7500000,0,0,0,10,5743113,500000,1256887,0,40807,0,0,0,30,0,0,0,,0,
4,false,true,1,10,1,200,2500,10,7500000,0,0,0,10,5694981,500000,1305019,0,39335,0,0,0,29,0,0,0,,0,
4,false,true,1,10,2,0,0,10,7500000,0,0,0,10,5006877,500000,1993123,0,38775,0,0,0,18,0,0,0,,0,
4,false,true,1,10,2,0,2500,10,7500000,0,0,0,10,4422232,500000,2577768,0,32382,0,0,0,15,0,0,0,,0,
4,false,true,1,10,2,200,0,10,7500000,0,0,0,10,5006877,500000,1993123,0,38775,0,0,0,18,0,0,0,,0,
4,false,true,1,10,2,200,2500,10,7500000,0,0,0,10,4422232,500000,2577768,0,32382,0,0,0,15,0,0,0,,0,
4,true,false,0,1,0,0,0,1,7500000,0,0,0,1,5463380,200000,1836620,0,29049,0,0,0,41,49,0,0,,0,
4,true,false,0,1,0,0,2500,1,7500000,0,0,0,1,5237527,200000,2062473,0,27848,0,0,0,41,49,0,0,,0,
4,true,false,0,1,0,200,0,1,7500000,0,0,0,1,5463380,200000,1836620,0,29049,0,0,0,41,49,0,0,,0,
4,true,false,0,1,0,200,2500,1,7500000,0,0,0,1,5237527,200000,2062473,0,27848,0,0,0,41,49,0,0,,0,
4,true,false,0,1,1,0,0,1,7500000,0,0,0,1,4294364,200000,3005636,0,26634,0,0,0,16,14,0,0,,0,
4,true,false,0,1,1,0,2500,1,7500000,0,0,0,1,4136998,200000,3163002,0,25658,0,0,0,16,14,0,0,,0,
4,true,false,0,1,1,200,0,1,7500000,0,0,0,1,4294364,200000,3005636,0,26634,0,0,0,16,14,0,0,,0,
4,true,false,0,1,1,200,2500,1,7500000,0,0,0,1,4136998,200000,3163002,0,25658,0,0,0,16,14,0,0,,0,
4,true,false,0,1,2,0,0,1,7500000,0,0,0,1,3737263,200000,3562737,0,20702,0,0,0,7,0,0,0,,0,
4,true,false,0,1,2,0,2500,1,7500000,0,0,0,1,3541863,200000,3758137,0,19620,0,0,0,7,0,0,0,,0,
4,true,false,0,1,2,200,0,1,7500000,0,0,0,1,3737263,200000,3562737,0,20702,0,0,0,7,0,0,0,,0,
4,true,false,0,1,2,200,2500,1,7500000,0,0,0,1,3541863,200000,3758137,0,19620,0,0,0,7,0,0,0,,0,
4,true,false,0,10,0,0,0,9,6750000,0,0,0,9,5406694,500000,843306,0,28402,0,0,0,118,73,8,0,,0,entry_margin
4,true,false,0,10,0,0,2500,9,6750000,0,0,0,9,5384676,500000,865324,0,28458,0,0,0,118,55,3,0,,0,entry_margin
4,true,false,0,10,0,200,0,9,6750000,0,0,0,9,5406694,500000,843306,0,28402,0,0,0,118,73,8,0,,0,entry_margin
4,true,false,0,10,0,200,2500,9,6750000,0,0,0,9,5384676,500000,865324,0,28458,0,0,0,118,55,3,0,,0,entry_margin
4,true,false,0,10,1,0,0,9,6750000,0,0,0,9,4209080,500000,2040920,0,27725,0,0,0,30,21,3,0,,0,entry_margin
4,true,false,0,10,1,0,2500,9,6750000,0,0,0,9,4206904,500000,2043096,0,28117,0,0,0,30,20,0,0,,0,entry_margin
4,true,false,0,10,1,200,0,9,6750000,0,0,0,9,4209080,500000,2040920,0,27725,0,0,0,30,21,3,0,,0,entry_margin
4,true,false,0,10,1,200,2500,9,6750000,0,0,0,9,4206904,500000,2043096,0,28117,0,0,0,30,20,0,0,,0,entry_margin
4,true,false,0,10,2,0,0,9,6750000,0,0,0,9,3630382,500000,2619618,0,30150,0,0,0,18,0,0,0,,0,entry_margin
4,true,false,0,10,2,0,2500,9,6750000,0,0,0,9,3460549,500000,2789451,0,30660,0,0,0,17,1,1,0,,0,entry_margin
4,true,false,0,10,2,200,0,9,6750000,0,0,0,9,3630382,500000,2619618,0,30150,0,0,0,18,0,0,0,,0,entry_margin
4,true,false,0,10,2,200,2500,9,6750000,0,0,0,9,3460549,500000,2789451,0,30660,0,0,0,17,1,1,0,,0,entry_margin
4,true,false,1,1,0,0,0,1,7500000,0,0,0,1,5463380,200000,1836620,0,29049,0,0,0,41,49,0,0,,0,
4,true,false,1,1,0,0,2500,1,7500000,0,0,0,1,5237527,200000,2062473,0,27848,0,0,0,41,49,0,0,,0,
4,true,false,1,1,0,200,0,1,7500000,0,0,0,1,5463380,200000,1836620,0,29049,0,0,0,41,49,0,0,,0,
4,true,false,1,1,0,200,2500,1,7500000,0,0,0,1,5237527,200000,2062473,0,27848,0,0,0,41,49,0,0,,0,
4,true,false,1,1,1,0,0,1,7500000,0,0,0,1,4294364,200000,3005636,0,26634,0,0,0,16,14,0,0,,0,
4,true,false,1,1,1,0,2500,1,7500000,0,0,0,1,4136998,200000,3163002,0,25658,0,0,0,16,14,0,0,,0,
4,true,false,1,1,1,200,0,1,7500000,0,0,0,1,4294364,200000,3005636,0,26634,0,0,0,16,14,0,0,,0,
4,true,false,1,1,1,200,2500,1,7500000,0,0,0,1,4136998,200000,3163002,0,25658,0,0,0,16,14,0,0,,0,
4,true,false,1,1,2,0,0,1,7500000,0,0,0,1,3737263,200000,3562737,0,20702,0,0,0,7,0,0,0,,0,
4,true,false,1,1,2,0,2500,1,7500000,0,0,0,1,3541863,200000,3758137,0,19620,0,0,0,7,0,0,0,,0,
4,true,false,1,1,2,200,0,1,7500000,0,0,0,1,3737263,200000,3562737,0,20702,0,0,0,7,0,0,0,,0,
4,true,false,1,1,2,200,2500,1,7500000,0,0,0,1,3541863,200000,3758137,0,19620,0,0,0,7,0,0,0,,0,
4,true,false,1,10,0,0,0,9,6750000,0,0,0,9,5406695,500000,843305,0,28402,0,0,0,118,73,8,0,,0,entry_margin
4,true,false,1,10,0,0,2500,9,6750000,0,0,0,9,5384676,500000,865324,0,28458,0,0,0,118,55,3,0,,0,entry_margin
4,true,false,1,10,0,200,0,9,6750000,0,0,0,9,5406695,500000,843305,0,28402,0,0,0,118,73,8,0,,0,entry_margin
4,true,false,1,10,0,200,2500,9,6750000,0,0,0,9,5384676,500000,865324,0,28458,0,0,0,118,55,3,0,,0,entry_margin
4,true,false,1,10,1,0,0,9,6750000,0,0,0,9,4209081,500000,2040919,0,27725,0,0,0,30,21,3,0,,0,entry_margin
4,true,false,1,10,1,0,2500,9,6750000,0,0,0,9,4206905,500000,2043095,0,28117,0,0,0,30,20,0,0,,0,entry_margin
4,true,false,1,10,1,200,0,9,6750000,0,0,0,9,4209081,500000,2040919,0,27725,0,0,0,30,21,3,0,,0,entry_margin
4,true,false,1,10,1,200,2500,9,6750000,0,0,0,9,4206905,500000,2043095,0,28117,0,0,0,30,20,0,0,,0,entry_margin
4,true,false,1,10,2,0,0,9,6750000,0,0,0,9,3630382,500000,2619618,0,30150,0,0,0,18,0,0,0,,0,entry_margin
4,true,false,1,10,2,0,2500,9,6750000,0,0,0,9,3460987,500000,2789013,0,30255,0,0,0,17,0,0,0,,0,entry_margin
4,true,false,1,10,2,200,0,9,6750000,0,0,0,9,3630382,500000,2619618,0,30150,0,0,0,18,0,0,0,,0,entry_margin
4,true,false,1,10,2,200,2500,9,6750000,0,0,0,9,3460987,500000,2789013,0,30255,0,0,0,17,0,0,0,,0,entry_margin
4,true,true,0,1,0,0,0,1,7500000,0,0,0,0,0,0,0,0,0,0,7500000,0,0,0,0,0,,0,"stress:target_unreached:BrokenInvariant@Some(Source(Source { filename: ""programs/dusk/src/transitions/liquidity/hlp/engine.rs""; line: 953 }))"
4,true,true,0,1,0,0,2500,1,7500000,0,0,0,0,0,0,0,0,0,0,7500000,0,0,0,0,0,,0,"stress:target_unreached:BrokenInvariant@Some(Source(Source { filename: ""programs/dusk/src/transitions/liquidity/hlp/engine.rs""; line: 953 }))"
4,true,true,0,1,0,200,0,1,7500000,0,0,0,0,0,0,0,0,0,0,7500000,0,0,0,0,0,,0,"stress:target_unreached:BrokenInvariant@Some(Source(Source { filename: ""programs/dusk/src/transitions/liquidity/hlp/engine.rs""; line: 953 }))"
4,true,true,0,1,0,200,2500,1,7500000,0,0,0,0,0,0,0,0,0,0,7500000,0,0,0,0,0,,0,"stress:target_unreached:BrokenInvariant@Some(Source(Source { filename: ""programs/dusk/src/transitions/liquidity/hlp/engine.rs""; line: 953 }))"
4,true,true,0,1,1,0,0,1,7500000,0,0,0,0,0,0,0,0,0,0,7500000,0,2,0,0,0,,0,"stress:target_unreached:BrokenInvariant@Some(Source(Source { filename: ""programs/dusk/src/transitions/liquidity/hlp/engine.rs""; line: 953 }))"
4,true,true,0,1,1,0,2500,1,7500000,0,0,0,0,0,0,0,0,0,0,7500000,0,2,0,0,0,,0,"stress:target_unreached:BrokenInvariant@Some(Source(Source { filename: ""programs/dusk/src/transitions/liquidity/hlp/engine.rs""; line: 953 }))"
4,true,true,0,1,1,200,0,1,7500000,0,0,0,0,0,0,0,0,0,0,7500000,0,2,0,0,0,,0,"stress:target_unreached:BrokenInvariant@Some(Source(Source { filename: ""programs/dusk/src/transitions/liquidity/hlp/engine.rs""; line: 953 }))"
4,true,true,0,1,1,200,2500,1,7500000,0,0,0,0,0,0,0,0,0,0,7500000,0,2,0,0,0,,0,"stress:target_unreached:BrokenInvariant@Some(Source(Source { filename: ""programs/dusk/src/transitions/liquidity/hlp/engine.rs""; line: 953 }))"
4,true,true,0,1,2,0,0,1,7500000,0,0,0,0,0,0,0,0,0,0,7500000,1,180,0,0,177,"BrokenInvariant@Some(Source(Source { filename: ""programs/dusk/src/transitions/liquidity/hlp/engine.rs""; line: 953 }))",0,
4,true,true,0,1,2,0,2500,1,7500000,0,0,0,0,0,0,0,0,0,0,7500000,1,180,0,0,177,"BrokenInvariant@Some(Source(Source { filename: ""programs/dusk/src/transitions/liquidity/hlp/engine.rs""; line: 953 }))",0,
4,true,true,0,1,2,200,0,1,7500000,0,0,0,0,0,0,0,0,0,0,7500000,1,180,0,0,177,"BrokenInvariant@Some(Source(Source { filename: ""programs/dusk/src/transitions/liquidity/hlp/engine.rs""; line: 953 }))",0,
4,true,true,0,1,2,200,2500,1,7500000,0,0,0,0,0,0,0,0,0,0,7500000,1,180,0,0,177,"BrokenInvariant@Some(Source(Source { filename: ""programs/dusk/src/transitions/liquidity/hlp/engine.rs""; line: 953 }))",0,
4,true,true,0,10,0,0,0,7,5250000,0,0,0,0,0,0,0,0,0,0,5250000,0,0,0,0,0,,0,"stress:target_unreached:BrokenInvariant@Some(Source(Source { filename: ""programs/dusk/src/transitions/liquidity/hlp/engine.rs""; line: 953 }))"
4,true,true,0,10,0,0,2500,7,5250000,0,0,0,0,0,0,0,0,0,0,5250000,0,0,0,0,0,,0,"stress:target_unreached:BrokenInvariant@Some(Source(Source { filename: ""programs/dusk/src/transitions/liquidity/hlp/engine.rs""; line: 953 }))"
4,true,true,0,10,0,200,0,7,5250000,0,0,0,0,0,0,0,0,0,0,5250000,0,0,0,0,0,,0,"stress:target_unreached:BrokenInvariant@Some(Source(Source { filename: ""programs/dusk/src/transitions/liquidity/hlp/engine.rs""; line: 953 }))"
4,true,true,0,10,0,200,2500,7,5250000,0,0,0,0,0,0,0,0,0,0,5250000,0,0,0,0,0,,0,"stress:target_unreached:BrokenInvariant@Some(Source(Source { filename: ""programs/dusk/src/transitions/liquidity/hlp/engine.rs""; line: 953 }))"
4,true,true,0,10,1,0,0,7,5250000,0,0,0,0,0,0,0,0,0,0,5250000,0,2,0,0,0,,0,"stress:target_unreached:BrokenInvariant@Some(Source(Source { filename: ""programs/dusk/src/transitions/liquidity/hlp/engine.rs""; line: 953 }))"
4,true,true,0,10,1,0,2500,7,5250000,0,0,0,0,0,0,0,0,0,0,5250000,0,2,0,0,0,,0,"stress:target_unreached:BrokenInvariant@Some(Source(Source { filename: ""programs/dusk/src/transitions/liquidity/hlp/engine.rs""; line: 953 }))"
4,true,true,0,10,1,200,0,7,5250000,0,0,0,0,0,0,0,0,0,0,5250000,0,2,0,0,0,,0,"stress:target_unreached:BrokenInvariant@Some(Source(Source { filename: ""programs/dusk/src/transitions/liquidity/hlp/engine.rs""; line: 953 }))"
4,true,true,0,10,1,200,2500,7,5250000,0,0,0,0,0,0,0,0,0,0,5250000,0,2,0,0,0,,0,"stress:target_unreached:BrokenInvariant@Some(Source(Source { filename: ""programs/dusk/src/transitions/liquidity/hlp/engine.rs""; line: 953 }))"
4,true,true,0,10,2,0,0,7,5250000,0,0,0,0,0,0,0,0,0,0,5250000,7,180,0,0,1180,"BrokenInvariant@Some(Source(Source { filename: ""programs/dusk/src/transitions/liquidity/hlp/engine.rs""; line: 953 }))",0,entry_margin
4,true,true,0,10,2,0,2500,7,5250000,0,0,0,0,0,0,0,0,0,0,5250000,7,180,0,0,1180,"BrokenInvariant@Some(Source(Source { filename: ""programs/dusk/src/transitions/liquidity/hlp/engine.rs""; line: 953 }))",0,entry_margin
4,true,true,0,10,2,200,0,7,5250000,0,0,0,0,0,0,0,0,0,0,5250000,7,180,0,0,1180,"BrokenInvariant@Some(Source(Source { filename: ""programs/dusk/src/transitions/liquidity/hlp/engine.rs""; line: 953 }))",0,entry_margin
4,true,true,0,10,2,200,2500,7,5250000,0,0,0,0,0,0,0,0,0,0,5250000,7,180,0,0,1180,"BrokenInvariant@Some(Source(Source { filename: ""programs/dusk/src/transitions/liquidity/hlp/engine.rs""; line: 953 }))",0,entry_margin
4,true,true,1,1,0,0,0,1,7500000,0,0,0,0,0,0,0,0,0,0,7500000,0,0,0,0,0,,0,"stress:target_unreached:BrokenInvariant@Some(Source(Source { filename: ""programs/dusk/src/transitions/liquidity/hlp/engine.rs""; line: 953 }))"
4,true,true,1,1,0,0,2500,1,7500000,0,0,0,0,0,0,0,0,0,0,7500000,0,0,0,0,0,,0,"stress:target_unreached:BrokenInvariant@Some(Source(Source { filename: ""programs/dusk/src/transitions/liquidity/hlp/engine.rs""; line: 953 }))"
4,true,true,1,1,0,200,0,1,7500000,0,0,0,0,0,0,0,0,0,0,7500000,0,0,0,0,0,,0,"stress:target_unreached:BrokenInvariant@Some(Source(Source { filename: ""programs/dusk/src/transitions/liquidity/hlp/engine.rs""; line: 953 }))"
4,true,true,1,1,0,200,2500,1,7500000,0,0,0,0,0,0,0,0,0,0,7500000,0,0,0,0,0,,0,"stress:target_unreached:BrokenInvariant@Some(Source(Source { filename: ""programs/dusk/src/transitions/liquidity/hlp/engine.rs""; line: 953 }))"
4,true,true,1,1,1,0,0,1,7500000,0,0,0,0,0,0,0,0,0,0,7500000,0,2,0,0,0,,0,"stress:target_unreached:BrokenInvariant@Some(Source(Source { filename: ""programs/dusk/src/transitions/liquidity/hlp/engine.rs""; line: 953 }))"
4,true,true,1,1,1,0,2500,1,7500000,0,0,0,0,0,0,0,0,0,0,7500000,0,2,0,0,0,,0,"stress:target_unreached:BrokenInvariant@Some(Source(Source { filename: ""programs/dusk/src/transitions/liquidity/hlp/engine.rs""; line: 953 }))"
4,true,true,1,1,1,200,0,1,7500000,0,0,0,0,0,0,0,0,0,0,7500000,0,2,0,0,0,,0,"stress:target_unreached:BrokenInvariant@Some(Source(Source { filename: ""programs/dusk/src/transitions/liquidity/hlp/engine.rs""; line: 953 }))"
4,true,true,1,1,1,200,2500,1,7500000,0,0,0,0,0,0,0,0,0,0,7500000,0,2,0,0,0,,0,"stress:target_unreached:BrokenInvariant@Some(Source(Source { filename: ""programs/dusk/src/transitions/liquidity/hlp/engine.rs""; line: 953 }))"
4,true,true,1,1,2,0,0,1,7500000,0,0,0,0,0,0,0,0,0,0,7500000,1,180,0,0,177,"BrokenInvariant@Some(Source(Source { filename: ""programs/dusk/src/transitions/liquidity/hlp/engine.rs""; line: 953 }))",0,
4,true,true,1,1,2,0,2500,1,7500000,0,0,0,0,0,0,0,0,0,0,7500000,1,180,0,0,177,"BrokenInvariant@Some(Source(Source { filename: ""programs/dusk/src/transitions/liquidity/hlp/engine.rs""; line: 953 }))",0,
4,true,true,1,1,2,200,0,1,7500000,0,0,0,0,0,0,0,0,0,0,7500000,1,180,0,0,177,"BrokenInvariant@Some(Source(Source { filename: ""programs/dusk/src/transitions/liquidity/hlp/engine.rs""; line: 953 }))",0,
4,true,true,1,1,2,200,2500,1,7500000,0,0,0,0,0,0,0,0,0,0,7500000,1,180,0,0,177,"BrokenInvariant@Some(Source(Source { filename: ""programs/dusk/src/transitions/liquidity/hlp/engine.rs""; line: 953 }))",0,
4,true,true,1,10,0,0,0,7,5250000,0,0,0,0,0,0,0,0,0,0,5250000,0,0,0,0,0,,0,"stress:target_unreached:BrokenInvariant@Some(Source(Source { filename: ""programs/dusk/src/transitions/liquidity/hlp/engine.rs""; line: 953 }))"
4,true,true,1,10,0,0,2500,7,5250000,0,0,0,0,0,0,0,0,0,0,5250000,0,0,0,0,0,,0,"stress:target_unreached:BrokenInvariant@Some(Source(Source { filename: ""programs/dusk/src/transitions/liquidity/hlp/engine.rs""; line: 953 }))"
4,true,true,1,10,0,200,0,7,5250000,0,0,0,0,0,0,0,0,0,0,5250000,0,0,0,0,0,,0,"stress:target_unreached:BrokenInvariant@Some(Source(Source { filename: ""programs/dusk/src/transitions/liquidity/hlp/engine.rs""; line: 953 }))"
4,true,true,1,10,0,200,2500,7,5250000,0,0,0,0,0,0,0,0,0,0,5250000,0,0,0,0,0,,0,"stress:target_unreached:BrokenInvariant@Some(Source(Source { filename: ""programs/dusk/src/transitions/liquidity/hlp/engine.rs""; line: 953 }))"
4,true,true,1,10,1,0,0,7,5250000,0,0,0,0,0,0,0,0,0,0,5250000,0,2,0,0,0,,0,"stress:target_unreached:BrokenInvariant@Some(Source(Source { filename: ""programs/dusk/src/transitions/liquidity/hlp/engine.rs""; line: 953 }))"
4,true,true,1,10,1,0,2500,7,5250000,0,0,0,0,0,0,0,0,0,0,5250000,0,2,0,0,0,,0,"stress:target_unreached:BrokenInvariant@Some(Source(Source { filename: ""programs/dusk/src/transitions/liquidity/hlp/engine.rs""; line: 953 }))"
4,true,true,1,10,1,200,0,7,5250000,0,0,0,0,0,0,0,0,0,0,5250000,0,2,0,0,0,,0,"stress:target_unreached:BrokenInvariant@Some(Source(Source { filename: ""programs/dusk/src/transitions/liquidity/hlp/engine.rs""; line: 953 }))"
4,true,true,1,10,1,200,2500,7,5250000,0,0,0,0,0,0,0,0,0,0,5250000,0,2,0,0,0,,0,"stress:target_unreached:BrokenInvariant@Some(Source(Source { filename: ""programs/dusk/src/transitions/liquidity/hlp/engine.rs""; line: 953 }))"
4,true,true,1,10,2,0,0,7,5250000,0,0,0,0,0,0,0,0,0,0,5250000,7,180,0,0,1180,"BrokenInvariant@Some(Source(Source { filename: ""programs/dusk/src/transitions/liquidity/hlp/engine.rs""; line: 953 }))",0,entry_margin
4,true,true,1,10,2,0,2500,7,5250000,0,0,0,0,0,0,0,0,0,0,5250000,7,180,0,0,1180,"BrokenInvariant@Some(Source(Source { filename: ""programs/dusk/src/transitions/liquidity/hlp/engine.rs""; line: 953 }))",0,entry_margin
4,true,true,1,10,2,200,0,7,5250000,0,0,0,0,0,0,0,0,0,0,5250000,7,180,0,0,1180,"BrokenInvariant@Some(Source(Source { filename: ""programs/dusk/src/transitions/liquidity/hlp/engine.rs""; line: 953 }))",0,entry_margin
4,true,true,1,10,2,200,2500,7,5250000,0,0,0,0,0,0,0,0,0,0,5250000,7,180,0,0,1180,"BrokenInvariant@Some(Source(Source { filename: ""programs/dusk/src/transitions/liquidity/hlp/engine.rs""; line: 953 }))",0,entry_margin
10,false,false,0,1,0,0,0,1,7500000,6,0,0,1,6630367,200558,669075,0,27864,2792,0,0,93,0,0,0,,0,
10,false,false,0,1,0,0,2500,1,7500000,5,0,0,1,6195586,200335,1104079,0,27914,1675,0,0,93,0,0,0,,0,
10,false,false,0,1,0,200,0,1,7500000,6,0,0,1,6630367,200558,669075,0,27864,2792,0,0,93,0,0,0,,0,
10,false,false,0,1,0,200,2500,1,7500000,5,0,0,1,6195586,200335,1104079,0,27914,1675,0,0,93,0,0,0,,0,
10,false,false,0,1,1,0,0,1,7500000,0,0,0,1,4880449,200000,2419551,0,29054,0,0,0,26,0,0,0,,0,
10,false,false,0,1,1,0,2500,1,7500000,0,0,0,1,4617557,200000,2682443,0,27489,0,0,0,26,0,0,0,,0,
10,false,false,0,1,1,200,0,1,7500000,0,0,0,1,4880449,200000,2419551,0,29054,0,0,0,26,0,0,0,,0,
10,false,false,0,1,1,200,2500,1,7500000,0,0,0,1,4617557,200000,2682443,0,27489,0,0,0,26,0,0,0,,0,
10,false,false,0,1,2,0,0,1,7500000,0,0,0,1,5991357,200000,1308643,0,31983,0,0,0,21,0,0,0,,0,
10,false,false,0,1,2,0,2500,1,7500000,0,0,0,1,5639290,200000,1660710,0,30104,0,0,0,21,0,0,0,,0,
10,false,false,0,1,2,200,0,1,7500000,0,0,0,1,5991357,200000,1308643,0,31983,0,0,0,21,0,0,0,,0,
10,false,false,0,1,2,200,2500,1,7500000,0,0,0,1,5639290,200000,1660710,0,30104,0,0,0,21,0,0,0,,0,
10,false,false,0,10,0,0,0,10,7500000,31,2,0,7,7152806,346364,0,0,25720,7574,830,1,171,0,0,0,,0,
10,false,false,0,10,0,0,2500,10,7500000,21,3,0,7,6976886,483037,40077,0,28349,5929,0,0,95,0,0,0,,0,
10,false,false,0,10,0,200,0,10,7500000,14,0,6,4,7211756,288244,0,43016,27781,8998,0,0,100,0,0,0,,0,
10,false,false,0,10,0,200,2500,10,7500000,5,0,5,5,7007782,452537,39681,32277,29067,8452,0,0,86,0,0,0,,0,
10,false,false,0,10,1,0,0,10,7500000,0,0,0,10,5348486,500000,1651514,0,38156,0,0,0,30,0,0,0,,0,
10,false,false,0,10,1,0,2500,10,7500000,0,0,0,10,5189292,500000,1810708,0,39298,0,0,0,30,0,0,0,,0,
10,false,false,0,10,1,200,0,10,7500000,0,0,0,10,5348486,500000,1651514,0,38156,0,0,0,30,0,0,0,,0,
10,false,false,0,10,1,200,2500,10,7500000,0,0,0,10,5189292,500000,1810708,0,39298,0,0,0,30,0,0,0,,0,
10,false,false,0,10,2,0,0,10,7500000,0,0,0,10,5927324,500000,1072676,0,38615,0,0,0,24,0,0,0,,0,
10,false,false,0,10,2,0,2500,10,7500000,0,0,0,10,5531021,500000,1468979,0,37097,0,0,0,22,0,0,0,,0,
10,false,false,0,10,2,200,0,10,7500000,0,0,0,10,5927324,500000,1072676,0,38615,0,0,0,24,0,0,0,,0,
10,false,false,0,10,2,200,2500,10,7500000,0,0,0,10,5531021,500000,1468979,0,37097,0,0,0,22,0,0,0,,0,
10,false,false,1,1,0,0,0,1,7500000,6,0,0,1,6630367,200558,669075,0,27864,2792,0,0,93,0,0,0,,0,
10,false,false,1,1,0,0,2500,1,7500000,5,0,0,1,6195586,200335,1104079,0,27914,1675,0,0,93,0,0,0,,0,
10,false,false,1,1,0,200,0,1,7500000,6,0,0,1,6630367,200558,669075,0,27864,2792,0,0,93,0,0,0,,0,
10,false,false,1,1,0,200,2500,1,7500000,5,0,0,1,6195586,200335,1104079,0,27914,1675,0,0,93,0,0,0,,0,
10,false,false,1,1,1,0,0,1,7500000,0,0,0,1,4880449,200000,2419551,0,29054,0,0,0,26,0,0,0,,0,
10,false,false,1,1,1,0,2500,1,7500000,0,0,0,1,4617557,200000,2682443,0,27489,0,0,0,26,0,0,0,,0,
10,false,false,1,1,1,200,0,1,7500000,0,0,0,1,4880449,200000,2419551,0,29054,0,0,0,26,0,0,0,,0,
10,false,false,1,1,1,200,2500,1,7500000,0,0,0,1,4617557,200000,2682443,0,27489,0,0,0,26,0,0,0,,0,
10,false,false,1,1,2,0,0,1,7500000,0,0,0,1,5991357,200000,1308643,0,31983,0,0,0,21,0,0,0,,0,
10,false,false,1,1,2,0,2500,1,7500000,0,0,0,1,5639290,200000,1660710,0,30104,0,0,0,21,0,0,0,,0,
10,false,false,1,1,2,200,0,1,7500000,0,0,0,1,5991357,200000,1308643,0,31983,0,0,0,21,0,0,0,,0,
10,false,false,1,1,2,200,2500,1,7500000,0,0,0,1,5639290,200000,1660710,0,30104,0,0,0,21,0,0,0,,0,
10,false,false,1,10,0,0,0,10,7500000,31,2,0,7,7152806,346364,0,0,25720,7574,830,1,171,0,0,0,,0,
10,false,false,1,10,0,0,2500,10,7500000,21,3,0,7,6976886,483037,40077,0,28349,5929,0,0,95,0,0,0,,0,
10,false,false,1,10,0,200,0,10,7500000,14,0,6,4,7211756,288244,0,43016,27781,8998,0,0,100,0,0,0,,0,
10,false,false,1,10,0,200,2500,10,7500000,5,0,5,5,7007782,452537,39681,32277,29067,8452,0,0,86,0,0,0,,0,
10,false,false,1,10,1,0,0,10,7500000,0,0,0,10,5348486,500000,1651514,0,38156,0,0,0,30,0,0,0,,0,
10,false,false,1,10,1,0,2500,10,7500000,0,0,0,10,5189292,500000,1810708,0,39298,0,0,0,30,0,0,0,,0,
10,false,false,1,10,1,200,0,10,7500000,0,0,0,10,5348486,500000,1651514,0,38156,0,0,0,30,0,0,0,,0,
10,false,false,1,10,1,200,2500,10,7500000,0,0,0,10,5189292,500000,1810708,0,39298,0,0,0,30,0,0,0,,0,
10,false,false,1,10,2,0,0,10,7500000,0,0,0,10,5927324,500000,1072676,0,38615,0,0,0,24,0,0,0,,0,
10,false,false,1,10,2,0,2500,10,7500000,0,0,0,10,5531021,500000,1468979,0,37097,0,0,0,22,0,0,0,,0,
10,false,false,1,10,2,200,0,10,7500000,0,0,0,10,5927324,500000,1072676,0,38615,0,0,0,24,0,0,0,,0,
10,false,false,1,10,2,200,2500,10,7500000,0,0,0,10,5531021,500000,1468979,0,37097,0,0,0,22,0,0,0,,0,
10,false,true,0,1,0,0,0,1,7500000,0,0,0,0,0,0,0,0,0,0,7500000,1,74,0,0,1,"BrokenInvariant@Some(Source(Source { filename: ""programs/dusk/src/transitions/liquidity/hlp/engine.rs""; line: 953 }))",0,"stress:target_unreached:BrokenInvariant@Some(Source(Source { filename: ""programs/dusk/src/transitions/liquidity/hlp/engine.rs""; line: 953 }))"
10,false,true,0,1,0,0,2500,1,7500000,5,0,0,1,5541386,200273,1758341,0,28892,1365,0,0,83,0,0,0,,0,
10,false,true,0,1,0,200,0,1,7500000,0,0,0,0,0,0,0,0,0,0,7500000,1,74,0,0,1,"BrokenInvariant@Some(Source(Source { filename: ""programs/dusk/src/transitions/liquidity/hlp/engine.rs""; line: 953 }))",0,"stress:target_unreached:BrokenInvariant@Some(Source(Source { filename: ""programs/dusk/src/transitions/liquidity/hlp/engine.rs""; line: 953 }))"
10,false,true,0,1,0,200,2500,1,7500000,5,0,0,1,5541386,200273,1758341,0,28892,1365,0,0,83,0,0,0,,0,
10,false,true,0,1,1,0,0,1,7500000,0,0,0,1,4730481,200000,2569519,0,27793,0,0,0,24,0,0,0,,0,
10,false,true,0,1,1,0,2500,1,7500000,0,0,0,1,4219473,200000,3080527,0,24790,0,0,0,24,0,0,0,,0,
10,false,true,0,1,1,200,0,1,7500000,0,0,0,1,4730481,200000,2569519,0,27793,0,0,0,24,0,0,0,,0,
10,false,true,0,1,1,200,2500,1,7500000,0,0,0,1,4219473,200000,3080527,0,24790,0,0,0,24,0,0,0,,0,
10,false,true,0,1,2,0,0,1,7500000,0,0,0,1,5481818,200000,1818182,0,28155,0,0,0,16,0,0,0,,0,
10,false,true,0,1,2,0,2500,1,7500000,0,0,0,1,4820053,200000,2479947,0,24756,0,0,0,16,0,0,0,,0,
10,false,true,0,1,2,200,0,1,7500000,0,0,0,1,5481818,200000,1818182,0,28155,0,0,0,16,0,0,0,,0,
10,false,true,0,1,2,200,2500,1,7500000,0,0,0,1,4820053,200000,2479947,0,24756,0,0,0,16,0,0,0,,0,
10,false,true,0,10,0,0,0,10,7500000,51,4,0,5,7300676,198406,0,0,13466,10497,918,1,171,0,0,0,,0,
10,false,true,0,10,0,0,2500,10,7500000,0,0,0,0,0,0,0,0,0,0,7500000,0,2,0,0,0,,0,"stress:target_unreached:BrokenInvariant@Some(Source(Source { filename: ""programs/dusk/src/transitions/liquidity/hlp/engine.rs""; line: 953 }))"
10,false,true,0,10,0,200,0,10,7500000,7,0,7,3,7259732,240268,0,71297,27440,10495,0,0,108,0,0,0,,0,
10,false,true,0,10,0,200,2500,10,7500000,0,0,0,0,0,0,0,0,0,0,7500000,0,2,0,0,0,,0,"stress:target_unreached:BrokenInvariant@Some(Source(Source { filename: ""programs/dusk/src/transitions/liquidity/hlp/engine.rs""; line: 953 }))"
10,false,true,0,10,1,0,0,10,7500000,0,0,0,10,5437473,500000,1562527,0,38557,0,0,0,30,0,0,0,,0,
10,false,true,0,10,1,0,2500,10,7500000,0,0,0,0,0,0,0,0,0,0,7500000,0,4,0,0,0,,0,"stress:target_unreached:BrokenInvariant@Some(Source(Source { filename: ""programs/dusk/src/transitions/liquidity/hlp/engine.rs""; line: 953 }))"
10,false,true,0,10,1,200,0,10,7500000,0,0,0,10,5437473,500000,1562527,0,38557,0,0,0,30,0,0,0,,0,
10,false,true,0,10,1,200,2500,10,7500000,0,0,0,0,0,0,0,0,0,0,7500000,0,4,0,0,0,,0,"stress:target_unreached:BrokenInvariant@Some(Source(Source { filename: ""programs/dusk/src/transitions/liquidity/hlp/engine.rs""; line: 953 }))"
10,false,true,0,10,2,0,0,10,7500000,0,0,0,10,5364768,500000,1635232,0,38950,0,0,0,20,0,0,0,,0,
10,false,true,0,10,2,0,2500,10,7500000,0,0,0,4,2004006,500000,495994,0,16521,0,4500000,6,180,0,0,992,"BrokenInvariant@Some(Source(Source { filename: ""programs/dusk/src/transitions/liquidity/hlp/engine.rs""; line: 953 }))",0,
10,false,true,0,10,2,200,0,10,7500000,0,0,0,10,5364768,500000,1635232,0,38950,0,0,0,20,0,0,0,,0,
10,false,true,0,10,2,200,2500,10,7500000,0,0,0,4,2004006,500000,495994,0,16521,0,4500000,6,180,0,0,992,"BrokenInvariant@Some(Source(Source { filename: ""programs/dusk/src/transitions/liquidity/hlp/engine.rs""; line: 953 }))",0,
10,false,true,1,1,0,0,0,1,7500000,5,0,0,1,6332376,200392,967232,0,27326,1962,0,0,82,0,0,0,,0,
10,false,true,1,1,0,0,2500,1,7500000,0,0,0,0,0,0,0,0,0,0,7500000,0,63,0,0,0,,0,"stress:target_unreached:BrokenInvariant@Some(Source(Source { filename: ""programs/dusk/src/transitions/liquidity/hlp/engine.rs""; line: 953 }))"
10,false,true,1,1,0,200,0,1,7500000,5,0,0,1,6332376,200392,967232,0,27326,1962,0,0,82,0,0,0,,0,
10,false,true,1,1,0,200,2500,1,7500000,0,0,0,0,0,0,0,0,0,0,7500000,0,63,0,0,0,,0,"stress:target_unreached:BrokenInvariant@Some(Source(Source { filename: ""programs/dusk/src/transitions/liquidity/hlp/engine.rs""; line: 953 }))"
10,false,true,1,1,1,0,0,1,7500000,0,0,0,1,4730481,200000,2569519,0,27793,0,0,0,24,0,0,0,,0,
10,false,true,1,1,1,0,2500,1,7500000,0,0,0,1,4219473,200000,3080527,0,24790,0,0,0,24,0,0,0,,0,
10,false,true,1,1,1,200,0,1,7500000,0,0,0,1,4730481,200000,2569519,0,27793,0,0,0,24,0,0,0,,0,
10,false,true,1,1,1,200,2500,1,7500000,0,0,0,1,4219473,200000,3080527,0,24790,0,0,0,24,0,0,0,,0,
10,false,true,1,1,2,0,0,1,7500000,0,0,0,1,5481818,200000,1818182,0,28155,0,0,0,16,0,0,0,,0,
10,false,true,1,1,2,0,2500,1,7500000,0,0,0,1,4820053,200000,2479947,0,24756,0,0,0,16,0,0,0,,0,
10,false,true,1,1,2,200,0,1,7500000,0,0,0,1,5481818,200000,1818182,0,28155,0,0,0,16,0,0,0,,0,
10,false,true,1,1,2,200,2500,1,7500000,0,0,0,1,4820053,200000,2479947,0,24756,0,0,0,16,0,0,0,,0,
10,false,true,1,10,0,0,0,10,7500000,51,4,0,5,7300677,198405,0,0,13466,10497,918,1,171,0,0,0,,0,
10,false,true,1,10,0,0,2500,10,7500000,8,1,0,9,6796372,501206,202422,0,35812,2413,0,0,51,0,0,0,,0,
10,false,true,1,10,0,200,0,10,7500000,7,0,7,3,7259732,240268,0,71297,27440,10495,0,0,108,0,0,0,,0,
10,false,true,1,10,0,200,2500,10,7500000,6,1,2,2,3711910,38090,0,12742,7999,5239,3750000,3,110,0,0,191,"BrokenInvariant@Some(Source(Source { filename: ""programs/dusk/src/transitions/liquidity/hlp/engine.rs""; line: 953 }))",0,"stress:target_unreached:BrokenInvariant@Some(Source(Source { filename: ""programs/dusk/src/transitions/liquidity/hlp/engine.rs""; line: 953 }))"
10,false,true,1,10,1,0,0,10,7500000,0,0,0,10,5437473,500000,1562527,0,38557,0,0,0,30,0,0,0,,0,
10,false,true,1,10,1,0,2500,10,7500000,0,0,0,6,3373287,500000,626713,0,24035,0,3000000,4,30,0,0,12,"BrokenInvariant@Some(Source(Source { filename: ""programs/dusk/src/transitions/liquidity/hlp/engine.rs""; line: 953 }))",0,"stress:target_unreached:BrokenInvariant@Some(Source(Source { filename: ""programs/dusk/src/transitions/liquidity/hlp/engine.rs""; line: 953 }))"
10,false,true,1,10,1,200,0,10,7500000,0,0,0,10,5437473,500000,1562527,0,38557,0,0,0,30,0,0,0,,0,
10,false,true,1,10,1,200,2500,10,7500000,0,0,0,6,3373287,500000,626713,0,24035,0,3000000,4,30,0,0,12,"BrokenInvariant@Some(Source(Source { filename: ""programs/dusk/src/transitions/liquidity/hlp/engine.rs""; line: 953 }))",0,"stress:target_unreached:BrokenInvariant@Some(Source(Source { filename: ""programs/dusk/src/transitions/liquidity/hlp/engine.rs""; line: 953 }))"
10,false,true,1,10,2,0,0,10,7500000,0,0,0,10,5364768,500000,1635232,0,38950,0,0,0,20,0,0,0,,0,
10,false,true,1,10,2,0,2500,10,7500000,0,0,0,4,2004006,500000,495994,0,16521,0,4500000,6,180,0,0,992,"BrokenInvariant@Some(Source(Source { filename: ""programs/dusk/src/transitions/liquidity/hlp/engine.rs""; line: 953 }))",0,
10,false,true,1,10,2,200,0,10,7500000,0,0,0,10,5364768,500000,1635232,0,38950,0,0,0,20,0,0,0,,0,
10,false,true,1,10,2,200,2500,10,7500000,0,0,0,4,2004006,500000,495994,0,16521,0,4500000,6,180,0,0,992,"BrokenInvariant@Some(Source(Source { filename: ""programs/dusk/src/transitions/liquidity/hlp/engine.rs""; line: 953 }))",0,
10,true,false,0,1,0,0,0,1,7500000,0,0,0,1,5373502,200000,1926498,0,28723,0,0,0,59,67,0,0,,0,
10,true,false,0,1,0,0,2500,1,7500000,0,0,0,1,5125627,200000,2174373,0,27398,0,0,0,59,67,0,0,,0,
10,true,false,0,1,0,200,0,1,7500000,0,0,0,1,5373502,200000,1926498,0,28723,0,0,0,59,67,0,0,,0,
10,true,false,0,1,0,200,2500,1,7500000,0,0,0,1,5125627,200000,2174373,0,27398,0,0,0,59,67,0,0,,0,
10,true,false,0,1,1,0,0,1,7500000,0,0,0,1,4233413,200000,3066587,0,22090,0,0,0,19,16,1,0,,0,
10,true,false,0,1,1,0,2500,1,7500000,0,0,0,1,4061627,200000,3238373,0,21226,0,0,0,19,16,1,0,,0,
10,true,false,0,1,1,200,0,1,7500000,0,0,0,1,4233413,200000,3066587,0,22090,0,0,0,19,16,1,0,,0,
10,true,false,0,1,1,200,2500,1,7500000,0,0,0,1,4061627,200000,3238373,0,21226,0,0,0,19,16,1,0,,0,
10,true,false,0,1,2,0,0,1,7500000,0,0,0,1,3966038,200000,3333962,0,21877,0,0,0,10,0,0,0,,0,
10,true,false,0,1,2,0,2500,1,7500000,0,0,0,1,3727021,200000,3572979,0,20559,0,0,0,10,0,0,0,,0,
10,true,false,0,1,2,200,0,1,7500000,0,0,0,1,3966038,200000,3333962,0,21877,0,0,0,10,0,0,0,,0,
10,true,false,0,1,2,200,2500,1,7500000,0,0,0,1,3727021,200000,3572979,0,20559,0,0,0,10,0,0,0,,0,
10,true,false,0,10,0,0,0,10,7500000,0,0,0,10,5850294,500000,1149706,0,36135,0,0,0,119,58,4,0,,0,
10,true,false,0,10,0,0,2500,10,7500000,0,0,0,10,5710964,500000,1289036,0,36444,0,0,0,69,46,3,0,,0,
10,true,false,0,10,0,200,0,10,7500000,0,0,0,10,5850294,500000,1149706,0,36135,0,0,0,119,58,4,0,,0,
10,true,false,0,10,0,200,2500,10,7500000,0,0,0,10,5710964,500000,1289036,0,36444,0,0,0,69,46,3,0,,0,
10,true,false,0,10,1,0,0,10,7500000,0,0,0,10,4516474,500000,2483526,0,28515,0,0,0,29,16,2,0,,0,
10,true,false,0,10,1,0,2500,10,7500000,0,0,0,10,4385939,500000,2614061,0,29773,0,0,0,28,15,0,0,,0,
10,true,false,0,10,1,200,0,10,7500000,0,0,0,10,4516474,500000,2483526,0,28515,0,0,0,29,16,2,0,,0,
10,true,false,0,10,1,200,2500,10,7500000,0,0,0,10,4385939,500000,2614061,0,29773,0,0,0,28,15,0,0,,0,
10,true,false,0,10,2,0,0,10,7500000,0,0,0,10,4210830,500000,2789170,0,31484,0,0,0,18,0,0,0,,0,
10,true,false,0,10,2,0,2500,10,7500000,0,0,0,10,3980100,500000,3019900,0,28936,0,0,0,17,1,0,0,,0,
10,true,false,0,10,2,200,0,10,7500000,0,0,0,10,4210830,500000,2789170,0,31484,0,0,0,18,0,0,0,,0,
10,true,false,0,10,2,200,2500,10,7500000,0,0,0,10,3980100,500000,3019900,0,28936,0,0,0,17,1,0,0,,0,
10,true,false,1,1,0,0,0,1,7500000,0,0,0,1,5373502,200000,1926498,0,28723,0,0,0,59,67,0,0,,0,
10,true,false,1,1,0,0,2500,1,7500000,0,0,0,1,5125627,200000,2174373,0,27398,0,0,0,59,67,0,0,,0,
10,true,false,1,1,0,200,0,1,7500000,0,0,0,1,5373502,200000,1926498,0,28723,0,0,0,59,67,0,0,,0,
10,true,false,1,1,0,200,2500,1,7500000,0,0,0,1,5125627,200000,2174373,0,27398,0,0,0,59,67,0,0,,0,
10,true,false,1,1,1,0,0,1,7500000,0,0,0,1,4233413,200000,3066587,0,22090,0,0,0,19,16,1,0,,0,
10,true,false,1,1,1,0,2500,1,7500000,0,0,0,1,4061627,200000,3238373,0,21226,0,0,0,19,16,1,0,,0,
10,true,false,1,1,1,200,0,1,7500000,0,0,0,1,4233413,200000,3066587,0,22090,0,0,0,19,16,1,0,,0,
10,true,false,1,1,1,200,2500,1,7500000,0,0,0,1,4061627,200000,3238373,0,21226,0,0,0,19,16,1,0,,0,
10,true,false,1,1,2,0,0,1,7500000,0,0,0,1,3966038,200000,3333962,0,21877,0,0,0,10,0,0,0,,0,
10,true,false,1,1,2,0,2500,1,7500000,0,0,0,1,3727021,200000,3572979,0,20559,0,0,0,10,0,0,0,,0,
10,true,false,1,1,2,200,0,1,7500000,0,0,0,1,3966038,200000,3333962,0,21877,0,0,0,10,0,0,0,,0,
10,true,false,1,1,2,200,2500,1,7500000,0,0,0,1,3727021,200000,3572979,0,20559,0,0,0,10,0,0,0,,0,
10,true,false,1,10,0,0,0,10,7500000,0,0,0,10,5850294,500000,1149706,0,36135,0,0,0,119,58,4,0,,0,
10,true,false,1,10,0,0,2500,10,7500000,0,0,0,10,5710965,500000,1289035,0,36444,0,0,0,69,46,3,0,,0,
10,true,false,1,10,0,200,0,10,7500000,0,0,0,10,5850294,500000,1149706,0,36135,0,0,0,119,58,4,0,,0,
10,true,false,1,10,0,200,2500,10,7500000,0,0,0,10,5710965,500000,1289035,0,36444,0,0,0,69,46,3,0,,0,
10,true,false,1,10,1,0,0,10,7500000,0,0,0,10,4516475,500000,2483525,0,28515,0,0,0,29,16,2,0,,0,
10,true,false,1,10,1,0,2500,10,7500000,0,0,0,10,4385939,500000,2614061,0,29773,0,0,0,28,15,0,0,,0,
10,true,false,1,10,1,200,0,10,7500000,0,0,0,10,4516475,500000,2483525,0,28515,0,0,0,29,16,2,0,,0,
10,true,false,1,10,1,200,2500,10,7500000,0,0,0,10,4385939,500000,2614061,0,29773,0,0,0,28,15,0,0,,0,
10,true,false,1,10,2,0,0,10,7500000,0,0,0,10,4210830,500000,2789170,0,31484,0,0,0,18,0,0,0,,0,
10,true,false,1,10,2,0,2500,10,7500000,0,0,0,10,3980101,500000,3019899,0,28936,0,0,0,17,1,0,0,,0,
10,true,false,1,10,2,200,0,10,7500000,0,0,0,10,4210830,500000,2789170,0,31484,0,0,0,18,0,0,0,,0,
10,true,false,1,10,2,200,2500,10,7500000,0,0,0,10,3980101,500000,3019899,0,28936,0,0,0,17,1,0,0,,0,
10,true,true,0,1,0,0,0,1,7500000,0,0,0,0,0,0,0,0,0,0,7500000,0,0,0,0,0,,0,"stress:target_unreached:BrokenInvariant@Some(Source(Source { filename: ""programs/dusk/src/transitions/liquidity/hlp/engine.rs""; line: 953 }))"
10,true,true,0,1,0,0,2500,1,7500000,0,0,0,0,0,0,0,0,0,0,7500000,0,0,0,0,0,,0,"stress:target_unreached:BrokenInvariant@Some(Source(Source { filename: ""programs/dusk/src/transitions/liquidity/hlp/engine.rs""; line: 953 }))"
10,true,true,0,1,0,200,0,1,7500000,0,0,0,0,0,0,0,0,0,0,7500000,0,0,0,0,0,,0,"stress:target_unreached:BrokenInvariant@Some(Source(Source { filename: ""programs/dusk/src/transitions/liquidity/hlp/engine.rs""; line: 953 }))"
10,true,true,0,1,0,200,2500,1,7500000,0,0,0,0,0,0,0,0,0,0,7500000,0,0,0,0,0,,0,"stress:target_unreached:BrokenInvariant@Some(Source(Source { filename: ""programs/dusk/src/transitions/liquidity/hlp/engine.rs""; line: 953 }))"
10,true,true,0,1,1,0,0,1,7500000,0,0,0,0,0,0,0,0,0,0,7500000,0,2,0,0,0,,0,"stress:target_unreached:BrokenInvariant@Some(Source(Source { filename: ""programs/dusk/src/transitions/liquidity/hlp/engine.rs""; line: 953 }))"
10,true,true,0,1,1,0,2500,1,7500000,0,0,0,0,0,0,0,0,0,0,7500000,0,2,0,0,0,,0,"stress:target_unreached:BrokenInvariant@Some(Source(Source { filename: ""programs/dusk/src/transitions/liquidity/hlp/engine.rs""; line: 953 }))"
10,true,true,0,1,1,200,0,1,7500000,0,0,0,0,0,0,0,0,0,0,7500000,0,2,0,0,0,,0,"stress:target_unreached:BrokenInvariant@Some(Source(Source { filename: ""programs/dusk/src/transitions/liquidity/hlp/engine.rs""; line: 953 }))"
10,true,true,0,1,1,200,2500,1,7500000,0,0,0,0,0,0,0,0,0,0,7500000,0,2,0,0,0,,0,"stress:target_unreached:BrokenInvariant@Some(Source(Source { filename: ""programs/dusk/src/transitions/liquidity/hlp/engine.rs""; line: 953 }))"
10,true,true,0,1,2,0,0,1,7500000,0,0,0,0,0,0,0,0,0,0,7500000,1,180,0,0,174,"BrokenInvariant@Some(Source(Source { filename: ""programs/dusk/src/transitions/liquidity/hlp/engine.rs""; line: 953 }))",0,
10,true,true,0,1,2,0,2500,1,7500000,0,0,0,0,0,0,0,0,0,0,7500000,1,180,0,0,174,"BrokenInvariant@Some(Source(Source { filename: ""programs/dusk/src/transitions/liquidity/hlp/engine.rs""; line: 953 }))",0,
10,true,true,0,1,2,200,0,1,7500000,0,0,0,0,0,0,0,0,0,0,7500000,1,180,0,0,174,"BrokenInvariant@Some(Source(Source { filename: ""programs/dusk/src/transitions/liquidity/hlp/engine.rs""; line: 953 }))",0,
10,true,true,0,1,2,200,2500,1,7500000,0,0,0,0,0,0,0,0,0,0,7500000,1,180,0,0,174,"BrokenInvariant@Some(Source(Source { filename: ""programs/dusk/src/transitions/liquidity/hlp/engine.rs""; line: 953 }))",0,
10,true,true,0,10,0,0,0,10,7500000,0,0,0,0,0,0,0,0,0,0,7500000,0,0,0,0,0,,0,"stress:target_unreached:BrokenInvariant@Some(Source(Source { filename: ""programs/dusk/src/transitions/liquidity/hlp/engine.rs""; line: 953 }))"
10,true,true,0,10,0,0,2500,10,7500000,0,0,0,0,0,0,0,0,0,0,7500000,0,0,0,0,0,,0,"stress:target_unreached:BrokenInvariant@Some(Source(Source { filename: ""programs/dusk/src/transitions/liquidity/hlp/engine.rs""; line: 953 }))"
10,true,true,0,10,0,200,0,10,7500000,0,0,0,0,0,0,0,0,0,0,7500000,0,0,0,0,0,,0,"stress:target_unreached:BrokenInvariant@Some(Source(Source { filename: ""programs/dusk/src/transitions/liquidity/hlp/engine.rs""; line: 953 }))"
10,true,true,0,10,0,200,2500,10,7500000,0,0,0,0,0,0,0,0,0,0,7500000,0,0,0,0,0,,0,"stress:target_unreached:BrokenInvariant@Some(Source(Source { filename: ""programs/dusk/src/transitions/liquidity/hlp/engine.rs""; line: 953 }))"
10,true,true,0,10,1,0,0,10,7500000,0,0,0,0,0,0,0,0,0,0,7500000,0,2,0,0,0,,0,"stress:target_unreached:BrokenInvariant@Some(Source(Source { filename: ""programs/dusk/src/transitions/liquidity/hlp/engine.rs""; line: 953 }))"
10,true,true,0,10,1,0,2500,10,7500000,0,0,0,0,0,0,0,0,0,0,7500000,0,2,0,0,0,,0,"stress:target_unreached:BrokenInvariant@Some(Source(Source { filename: ""programs/dusk/src/transitions/liquidity/hlp/engine.rs""; line: 953 }))"
10,true,true,0,10,1,200,0,10,7500000,0,0,0,0,0,0,0,0,0,0,7500000,0,2,0,0,0,,0,"stress:target_unreached:BrokenInvariant@Some(Source(Source { filename: ""programs/dusk/src/transitions/liquidity/hlp/engine.rs""; line: 953 }))"
10,true,true,0,10,1,200,2500,10,7500000,0,0,0,0,0,0,0,0,0,0,7500000,0,2,0,0,0,,0,"stress:target_unreached:BrokenInvariant@Some(Source(Source { filename: ""programs/dusk/src/transitions/liquidity/hlp/engine.rs""; line: 953 }))"
10,true,true,0,10,2,0,0,10,7500000,0,0,0,0,0,0,0,0,0,0,7500000,10,180,0,0,1677,"BrokenInvariant@Some(Source(Source { filename: ""programs/dusk/src/transitions/liquidity/hlp/engine.rs""; line: 953 }))",0,
10,true,true,0,10,2,0,2500,10,7500000,0,0,0,0,0,0,0,0,0,0,7500000,10,180,0,0,1677,"BrokenInvariant@Some(Source(Source { filename: ""programs/dusk/src/transitions/liquidity/hlp/engine.rs""; line: 953 }))",0,
10,true,true,0,10,2,200,0,10,7500000,0,0,0,0,0,0,0,0,0,0,7500000,10,180,0,0,1677,"BrokenInvariant@Some(Source(Source { filename: ""programs/dusk/src/transitions/liquidity/hlp/engine.rs""; line: 953 }))",0,
10,true,true,0,10,2,200,2500,10,7500000,0,0,0,0,0,0,0,0,0,0,7500000,10,180,0,0,1677,"BrokenInvariant@Some(Source(Source { filename: ""programs/dusk/src/transitions/liquidity/hlp/engine.rs""; line: 953 }))",0,
10,true,true,1,1,0,0,0,1,7500000,0,0,0,0,0,0,0,0,0,0,7500000,0,0,0,0,0,,0,"stress:target_unreached:BrokenInvariant@Some(Source(Source { filename: ""programs/dusk/src/transitions/liquidity/hlp/engine.rs""; line: 953 }))"
10,true,true,1,1,0,0,2500,1,7500000,0,0,0,0,0,0,0,0,0,0,7500000,0,0,0,0,0,,0,"stress:target_unreached:BrokenInvariant@Some(Source(Source { filename: ""programs/dusk/src/transitions/liquidity/hlp/engine.rs""; line: 953 }))"
10,true,true,1,1,0,200,0,1,7500000,0,0,0,0,0,0,0,0,0,0,7500000,0,0,0,0,0,,0,"stress:target_unreached:BrokenInvariant@Some(Source(Source { filename: ""programs/dusk/src/transitions/liquidity/hlp/engine.rs""; line: 953 }))"
10,true,true,1,1,0,200,2500,1,7500000,0,0,0,0,0,0,0,0,0,0,7500000,0,0,0,0,0,,0,"stress:target_unreached:BrokenInvariant@Some(Source(Source { filename: ""programs/dusk/src/transitions/liquidity/hlp/engine.rs""; line: 953 }))"
10,true,true,1,1,1,0,0,1,7500000,0,0,0,0,0,0,0,0,0,0,7500000,0,2,0,0,0,,0,"stress:target_unreached:BrokenInvariant@Some(Source(Source { filename: ""programs/dusk/src/transitions/liquidity/hlp/engine.rs""; line: 953 }))"
10,true,true,1,1,1,0,2500,1,7500000,0,0,0,0,0,0,0,0,0,0,7500000,0,2,0,0,0,,0,"stress:target_unreached:BrokenInvariant@Some(Source(Source { filename: ""programs/dusk/src/transitions/liquidity/hlp/engine.rs""; line: 953 }))"
10,true,true,1,1,1,200,0,1,7500000,0,0,0,0,0,0,0,0,0,0,7500000,0,2,0,0,0,,0,"stress:target_unreached:BrokenInvariant@Some(Source(Source { filename: ""programs/dusk/src/transitions/liquidity/hlp/engine.rs""; line: 953 }))"
10,true,true,1,1,1,200,2500,1,7500000,0,0,0,0,0,0,0,0,0,0,7500000,0,2,0,0,0,,0,"stress:target_unreached:BrokenInvariant@Some(Source(Source { filename: ""programs/dusk/src/transitions/liquidity/hlp/engine.rs""; line: 953 }))"
10,true,true,1,1,2,0,0,1,7500000,0,0,0,0,0,0,0,0,0,0,7500000,1,180,0,0,174,"BrokenInvariant@Some(Source(Source { filename: ""programs/dusk/src/transitions/liquidity/hlp/engine.rs""; line: 953 }))",0,
10,true,true,1,1,2,0,2500,1,7500000,0,0,0,0,0,0,0,0,0,0,7500000,0,1,0,0,0,,0,"stress:target_unreached:BrokenInvariant@Some(Source(Source { filename: ""programs/dusk/src/transitions/liquidity/hlp/engine.rs""; line: 953 }))"
10,true,true,1,1,2,200,0,1,7500000,0,0,0,0,0,0,0,0,0,0,7500000,1,180,0,0,174,"BrokenInvariant@Some(Source(Source { filename: ""programs/dusk/src/transitions/liquidity/hlp/engine.rs""; line: 953 }))",0,
10,true,true,1,1,2,200,2500,1,7500000,0,0,0,0,0,0,0,0,0,0,7500000,0,1,0,0,0,,0,"stress:target_unreached:BrokenInvariant@Some(Source(Source { filename: ""programs/dusk/src/transitions/liquidity/hlp/engine.rs""; line: 953 }))"
10,true,true,1,10,0,0,0,10,7500000,0,0,0,0,0,0,0,0,0,0,7500000,0,0,0,0,0,,0,"stress:target_unreached:BrokenInvariant@Some(Source(Source { filename: ""programs/dusk/src/transitions/liquidity/hlp/engine.rs""; line: 953 }))"
10,true,true,1,10,0,0,2500,10,7500000,0,0,0,0,0,0,0,0,0,0,7500000,0,0,0,0,0,,0,"stress:target_unreached:BrokenInvariant@Some(Source(Source { filename: ""programs/dusk/src/transitions/liquidity/hlp/engine.rs""; line: 953 }))"
10,true,true,1,10,0,200,0,10,7500000,0,0,0,0,0,0,0,0,0,0,7500000,0,0,0,0,0,,0,"stress:target_unreached:BrokenInvariant@Some(Source(Source { filename: ""programs/dusk/src/transitions/liquidity/hlp/engine.rs""; line: 953 }))"
10,true,true,1,10,0,200,2500,10,7500000,0,0,0,0,0,0,0,0,0,0,7500000,0,0,0,0,0,,0,"stress:target_unreached:BrokenInvariant@Some(Source(Source { filename: ""programs/dusk/src/transitions/liquidity/hlp/engine.rs""; line: 953 }))"
10,true,true,1,10,1,0,0,10,7500000,0,0,0,0,0,0,0,0,0,0,7500000,0,2,0,0,0,,0,"stress:target_unreached:BrokenInvariant@Some(Source(Source { filename: ""programs/dusk/src/transitions/liquidity/hlp/engine.rs""; line: 953 }))"
10,true,true,1,10,1,0,2500,10,7500000,0,0,0,0,0,0,0,0,0,0,7500000,0,2,0,0,0,,0,"stress:target_unreached:BrokenInvariant@Some(Source(Source { filename: ""programs/dusk/src/transitions/liquidity/hlp/engine.rs""; line: 953 }))"
10,true,true,1,10,1,200,0,10,7500000,0,0,0,0,0,0,0,0,0,0,7500000,0,2,0,0,0,,0,"stress:target_unreached:BrokenInvariant@Some(Source(Source { filename: ""programs/dusk/src/transitions/liquidity/hlp/engine.rs""; line: 953 }))"
10,true,true,1,10,1,200,2500,10,7500000,0,0,0,0,0,0,0,0,0,0,7500000,0,2,0,0,0,,0,"stress:target_unreached:BrokenInvariant@Some(Source(Source { filename: ""programs/dusk/src/transitions/liquidity/hlp/engine.rs""; line: 953 }))"
10,true,true,1,10,2,0,0,10,7500000,0,0,0,0,0,0,0,0,0,0,7500000,10,180,0,0,1677,"BrokenInvariant@Some(Source(Source { filename: ""programs/dusk/src/transitions/liquidity/hlp/engine.rs""; line: 953 }))",0,
10,true,true,1,10,2,0,2500,10,7500000,0,0,0,0,0,0,0,0,0,0,7500000,0,1,0,0,0,,0,"stress:target_unreached:BrokenInvariant@Some(Source(Source { filename: ""programs/dusk/src/transitions/liquidity/hlp/engine.rs""; line: 953 }))"
10,true,true,1,10,2,200,0,10,7500000,0,0,0,0,0,0,0,0,0,0,7500000,10,180,0,0,1677,"BrokenInvariant@Some(Source(Source { filename: ""programs/dusk/src/transitions/liquidity/hlp/engine.rs""; line: 953 }))",0,
10,true,true,1,10,2,200,2500,10,7500000,0,0,0,0,0,0,0,0,0,0,7500000,0,1,0,0,0,,0,"stress:target_unreached:BrokenInvariant@Some(Source(Source { filename: ""programs/dusk/src/transitions/liquidity/hlp/engine.rs""; line: 953 }))"
