amplification,hlp,debt_side,cushion_bps,withdrawal_bps,remaining,eligible,eligible_debt,below_keeper_cost
1,false,0,0,0,2605,4,2170,4
1,false,0,0,2500,15,0,0,0
1,false,0,200,0,1643,1,1643,1
1,false,0,200,2500,0,0,0,0
1,false,1,0,0,2605,4,2170,4
1,false,1,0,2500,15,0,0,0
1,false,1,200,0,1643,1,1643,1
1,false,1,200,2500,0,0,0,0
1,true,0,0,0,2282,3,2282,3
1,true,0,0,2500,1265,1,1265,1
1,true,0,200,0,2161,1,1143,1
1,true,0,200,2500,0,0,0,0
1,true,1,0,0,2282,3,2282,3
1,true,1,0,2500,1265,1,1265,1
1,true,1,200,0,2161,1,1143,1
1,true,1,200,2500,0,0,0,0
4,false,0,0,0,478,1,478,1
4,false,0,0,2500,0,0,0,0
4,false,0,200,0,478,1,478,1
4,false,0,200,2500,0,0,0,0
4,false,1,0,0,478,1,478,1
4,false,1,0,2500,0,0,0,0
4,false,1,200,0,478,1,478,1
4,false,1,200,2500,0,0,0,0
4,true,0,0,0,883,1,883,1
4,true,0,0,2500,0,0,0,0
4,true,0,200,0,146,1,146,1
4,true,0,200,2500,0,0,0,0
4,true,1,0,0,883,1,883,1
4,true,1,0,2500,0,0,0,0
4,true,1,200,0,146,1,146,1
4,true,1,200,2500,0,0,0,0
10,false,0,0,0,830,1,830,1
10,false,0,0,2500,0,0,0,0
10,false,0,200,0,0,0,0,0
10,false,0,200,2500,0,0,0,0
10,false,1,0,0,830,1,830,1
10,false,1,0,2500,0,0,0,0
10,false,1,200,0,0,0,0,0
10,false,1,200,2500,0,0,0,0
10,true,0,0,0,918,1,918,1
10,true,0,0,2500,0,0,0,0
10,true,0,200,0,0,0,0,0
10,true,0,200,2500,0,0,0,0
10,true,1,0,0,918,1,918,1
10,true,1,0,2500,0,0,0,0
10,true,1,200,0,0,0,0,0
10,true,1,200,2500,0,0,0,0
