price_nad,base_decimals,quote_decimals,debt_side,collateral_reserve,debt_reserve,collateral_sold,debt,output,principal_loss,post_collateral_reserve,post_debt_reserve
400000,6,9,0,50000000000000,125000000000000,8000000000000,19000000000000,17241379310344,1758620689656,58000000000000,106000000000000
400000,6,9,1,125000000000000,50000000000000,20000000000000,7600000000000,6896551724137,703448275863,145000000000000,42400000000000
400000,9,6,0,50000000000,125000000000000000,8000000000,19000000000000000,17241379310344827,1758620689655173,58000000000,106000000000000000
400000,9,6,1,125000000000000000,50000000000,20000000000000000,7600000000,6896551724,703448276,145000000000000000,42400000000
1000000000,6,9,0,50000000000000,50000000000,8000000000000,7600000000,6896551724,703448276,58000000000000,42400000000
1000000000,6,9,1,50000000000,50000000000000,8000000000,7600000000000,6896551724137,703448275863,58000000000,42400000000000
1000000000,9,6,0,50000000000,50000000000000,8000000000,7600000000000,6896551724137,703448275863,58000000000,42400000000000
1000000000,9,6,1,50000000000000,50000000000,8000000000000,7600000000,6896551724,703448276,58000000000000,42400000000
2500000000000,6,9,0,50000000000000,20000000,8000000000000,3040000,2758620,281380,58000000000000,16960000
2500000000000,6,9,1,20000000,50000000000000,3200000,7600000000000,6896551724137,703448275863,23200000,42400000000000
2500000000000,9,6,0,50000000000,20000000000,8000000000,3040000000,2758620689,281379311,58000000000,16960000000
2500000000000,9,6,1,20000000000,50000000000,3200000000,7600000000,6896551724,703448276,23200000000,42400000000
